ISO-10303-21;
HEADER;
/* Generated by software containing ST-Developer
 * from STEP Tools, Inc. (www.steptools.com) 
 */

FILE_DESCRIPTION(
/* description */ (''),
/* implementation_level */ '2;1');

FILE_NAME(
/* name */ 'Spannvorrichttung aus C45 v60.step',
/* time_stamp */ '2025-10-16T17:17:05+02:00',
/* author */ (''),
/* organization */ (''),
/* preprocessor_version */ 'ST-DEVELOPER v20.1',
/* originating_system */ 'Autodesk Translation Framework v14.17.0.0',
/* authorisation */ '');

FILE_SCHEMA (('AUTOMOTIVE_DESIGN { 1 0 10303 214 3 1 1 }'));
ENDSEC;

DATA;
#10=MECHANICAL_DESIGN_GEOMETRIC_PRESENTATION_REPRESENTATION('',(#111,#112,
#113,#114,#115),#3238);
#11=CONICAL_SURFACE('',#2066,5.125,0.785398163397448);
#12=CONICAL_SURFACE('',#2070,5.125,0.785398163397448);
#13=(
BOUNDED_CURVE()
B_SPLINE_CURVE(2,(#3014,#3015,#3016),.UNSPECIFIED.,.F.,.F.)
B_SPLINE_CURVE_WITH_KNOTS((3,3),(0.692105597158483,1.36288832010745),
 .UNSPECIFIED.)
CURVE()
GEOMETRIC_REPRESENTATION_ITEM()
RATIONAL_B_SPLINE_CURVE((1.45110599457116,1.55869792699747,1.45110599457116))
REPRESENTATION_ITEM('')
);
#14=(
BOUNDED_CURVE()
B_SPLINE_CURVE(2,(#3045,#3046,#3047),.UNSPECIFIED.,.F.,.F.)
B_SPLINE_CURVE_WITH_KNOTS((3,3),(0.692105597158481,1.02749695863361),
 .UNSPECIFIED.)
CURVE()
GEOMETRIC_REPRESENTATION_ITEM()
RATIONAL_B_SPLINE_CURVE((1.45110599457116,1.50490196078442,1.50490196078431))
REPRESENTATION_ITEM('')
);
#15=(
BOUNDED_CURVE()
B_SPLINE_CURVE(2,(#3049,#3050,#3051),.UNSPECIFIED.,.F.,.F.)
B_SPLINE_CURVE_WITH_KNOTS((3,3),(1.02749695863361,1.36288832010745),
 .UNSPECIFIED.)
CURVE()
GEOMETRIC_REPRESENTATION_ITEM()
RATIONAL_B_SPLINE_CURVE((1.50490196078431,1.50490196078421,1.45110599457116))
REPRESENTATION_ITEM('')
);
#16=(
BOUNDED_CURVE()
B_SPLINE_CURVE(2,(#3080,#3081,#3082),.UNSPECIFIED.,.F.,.F.)
B_SPLINE_CURVE_WITH_KNOTS((3,3),(0.692105597158476,1.36288832010745),
 .UNSPECIFIED.)
CURVE()
GEOMETRIC_REPRESENTATION_ITEM()
RATIONAL_B_SPLINE_CURVE((1.45110599457115,1.55869792699747,1.45110599457116))
REPRESENTATION_ITEM('')
);
#17=(
BOUNDED_CURVE()
B_SPLINE_CURVE(2,(#3111,#3112,#3113),.UNSPECIFIED.,.F.,.F.)
B_SPLINE_CURVE_WITH_KNOTS((3,3),(0.692105597158486,1.02749695863361),
 .UNSPECIFIED.)
CURVE()
GEOMETRIC_REPRESENTATION_ITEM()
RATIONAL_B_SPLINE_CURVE((1.45110599457115,1.50490196078441,1.5049019607843))
REPRESENTATION_ITEM('')
);
#18=(
BOUNDED_CURVE()
B_SPLINE_CURVE(2,(#3115,#3116,#3117),.UNSPECIFIED.,.F.,.F.)
B_SPLINE_CURVE_WITH_KNOTS((3,3),(1.02749695863361,1.36288832010744),
 .UNSPECIFIED.)
CURVE()
GEOMETRIC_REPRESENTATION_ITEM()
RATIONAL_B_SPLINE_CURVE((1.5049019607843,1.5049019607842,1.45110599457115))
REPRESENTATION_ITEM('')
);
#19=B_SPLINE_CURVE_WITH_KNOTS('',3,(#2989,#2990,#2991,#2992,#2993,#2994,
#2995,#2996,#2997,#2998,#2999,#3000,#3001,#3002,#3003,#3004,#3005,#3006),
 .UNSPECIFIED.,.F.,.F.,(4,2,2,2,2,2,2,2,4),(-1.57663564865033,-1.37387567212142,
-1.17111569559252,-0.979716759958843,-0.788317824325164,-0.596918888691485,
-0.405519953057806,-0.202759976528903,0.),.UNSPECIFIED.);
#20=B_SPLINE_CURVE_WITH_KNOTS('',3,(#3022,#3023,#3024,#3025,#3026,#3027,
#3028,#3029,#3030,#3031,#3032,#3033,#3034,#3035,#3036,#3037,#3038,#3039),
 .UNSPECIFIED.,.F.,.F.,(4,2,2,2,2,2,2,2,4),(-1.57663564865033,-1.37387567212142,
-1.17111569559252,-0.979716759958842,-0.788317824325163,-0.596918888691484,
-0.405519953057805,-0.202759976528903,0.),.UNSPECIFIED.);
#21=B_SPLINE_CURVE_WITH_KNOTS('',3,(#3055,#3056,#3057,#3058,#3059,#3060,
#3061,#3062,#3063,#3064,#3065,#3066,#3067,#3068,#3069,#3070,#3071,#3072),
 .UNSPECIFIED.,.F.,.F.,(4,2,2,2,2,2,2,2,4),(-1.57663564865033,-1.37387567212143,
-1.17111569559253,-0.979716759958846,-0.788317824325165,-0.596918888691486,
-0.405519953057807,-0.202759976528903,0.),.UNSPECIFIED.);
#22=B_SPLINE_CURVE_WITH_KNOTS('',3,(#3088,#3089,#3090,#3091,#3092,#3093,
#3094,#3095,#3096,#3097,#3098,#3099,#3100,#3101,#3102,#3103,#3104,#3105),
 .UNSPECIFIED.,.F.,.F.,(4,2,2,2,2,2,2,2,4),(-1.57663564865033,-1.37387567212142,
-1.17111569559252,-0.979716759958843,-0.788317824325164,-0.596918888691484,
-0.405519953057805,-0.202759976528902,0.),.UNSPECIFIED.);
#23=ITEM_DEFINED_TRANSFORMATION($,$,#2007,#2040);
#24=ITEM_DEFINED_TRANSFORMATION($,$,#1916,#2094);
#25=ITEM_DEFINED_TRANSFORMATION($,$,#1962,#2095);
#26=ITEM_DEFINED_TRANSFORMATION($,$,#2006,#2096);
#27=ITEM_DEFINED_TRANSFORMATION($,$,#2041,#2097);
#28=ITEM_DEFINED_TRANSFORMATION($,$,#2084,#2098);
#29=ITEM_DEFINED_TRANSFORMATION($,$,#2084,#2099);
#30=(
REPRESENTATION_RELATIONSHIP($,$,#3268,#3267)
REPRESENTATION_RELATIONSHIP_WITH_TRANSFORMATION(#23)
SHAPE_REPRESENTATION_RELATIONSHIP()
);
#31=(
REPRESENTATION_RELATIONSHIP($,$,#3265,#3264)
REPRESENTATION_RELATIONSHIP_WITH_TRANSFORMATION(#24)
SHAPE_REPRESENTATION_RELATIONSHIP()
);
#32=(
REPRESENTATION_RELATIONSHIP($,$,#3266,#3264)
REPRESENTATION_RELATIONSHIP_WITH_TRANSFORMATION(#25)
SHAPE_REPRESENTATION_RELATIONSHIP()
);
#33=(
REPRESENTATION_RELATIONSHIP($,$,#3267,#3264)
REPRESENTATION_RELATIONSHIP_WITH_TRANSFORMATION(#26)
SHAPE_REPRESENTATION_RELATIONSHIP()
);
#34=(
REPRESENTATION_RELATIONSHIP($,$,#3269,#3264)
REPRESENTATION_RELATIONSHIP_WITH_TRANSFORMATION(#27)
SHAPE_REPRESENTATION_RELATIONSHIP()
);
#35=(
REPRESENTATION_RELATIONSHIP($,$,#3270,#3264)
REPRESENTATION_RELATIONSHIP_WITH_TRANSFORMATION(#28)
SHAPE_REPRESENTATION_RELATIONSHIP()
);
#36=(
REPRESENTATION_RELATIONSHIP($,$,#3270,#3264)
REPRESENTATION_RELATIONSHIP_WITH_TRANSFORMATION(#29)
SHAPE_REPRESENTATION_RELATIONSHIP()
);
#37=CONTEXT_DEPENDENT_SHAPE_REPRESENTATION(#30,#3255);
#38=CONTEXT_DEPENDENT_SHAPE_REPRESENTATION(#31,#3258);
#39=CONTEXT_DEPENDENT_SHAPE_REPRESENTATION(#32,#3259);
#40=CONTEXT_DEPENDENT_SHAPE_REPRESENTATION(#33,#3260);
#41=CONTEXT_DEPENDENT_SHAPE_REPRESENTATION(#34,#3261);
#42=CONTEXT_DEPENDENT_SHAPE_REPRESENTATION(#35,#3262);
#43=CONTEXT_DEPENDENT_SHAPE_REPRESENTATION(#36,#3263);
#44=NEXT_ASSEMBLY_USAGE_OCCURRENCE('Untelegscheibe:1',
'Untelegscheibe:1','Untelegscheibe:1',#3275,#3276,'Untelegscheibe:1');
#45=NEXT_ASSEMBLY_USAGE_OCCURRENCE('FesteBackeUnten:1',
'FesteBackeUnten:1','FesteBackeUnten:1',#3272,#3273,'FesteBackeUnten:1');
#46=NEXT_ASSEMBLY_USAGE_OCCURRENCE('FesteBackeOben:1',
'FesteBackeOben:1','FesteBackeOben:1',#3272,#3274,'FesteBackeOben:1');
#47=NEXT_ASSEMBLY_USAGE_OCCURRENCE('LoseBackeUnten:1',
'LoseBackeUnten:1','LoseBackeUnten:1',#3272,#3275,'LoseBackeUnten:1');
#48=NEXT_ASSEMBLY_USAGE_OCCURRENCE('LoseBackeOben:1','LoseBackeOben:1',
'LoseBackeOben:1',#3272,#3277,'LoseBackeOben:1');
#49=NEXT_ASSEMBLY_USAGE_OCCURRENCE('Unterlegscheibe:1',
'Unterlegscheibe:1','Unterlegscheibe:1',#3272,#3278,'Unterlegscheibe:1');
#50=NEXT_ASSEMBLY_USAGE_OCCURRENCE('Unterlegscheibe:2',
'Unterlegscheibe:2','Unterlegscheibe:2',#3272,#3278,'Unterlegscheibe:2');
#51=ELLIPSE('',#2016,3.1519200645413,3.15000000000001);
#52=ELLIPSE('',#2020,3.15192006454129,3.15);
#53=ELLIPSE('',#2024,3.1519200645413,3.15000000000001);
#54=ELLIPSE('',#2028,3.1519200645413,3.15000000000001);
#55=ELLIPSE('',#2088,3.00182863289646,3.);
#56=DERIVED_UNIT_ELEMENT(#64,1.);
#57=DERIVED_UNIT_ELEMENT(#3240,-3.);
#58=DERIVED_UNIT_ELEMENT(#64,1.);
#59=DERIVED_UNIT_ELEMENT(#3240,-3.);
#60=DERIVED_UNIT_ELEMENT(#64,1.);
#61=DERIVED_UNIT_ELEMENT(#3240,-3.);
#62=DERIVED_UNIT_ELEMENT(#64,1.);
#63=DERIVED_UNIT_ELEMENT(#3240,-3.);
#64=(
MASS_UNIT()
NAMED_UNIT(*)
SI_UNIT(.KILO.,.GRAM.)
);
#65=DERIVED_UNIT((#56,#57));
#66=DERIVED_UNIT((#58,#59));
#67=DERIVED_UNIT((#60,#61));
#68=DERIVED_UNIT((#62,#63));
#69=MEASURE_REPRESENTATION_ITEM('density measure',
POSITIVE_RATIO_MEASURE(7850.),#65);
#70=MEASURE_REPRESENTATION_ITEM('density measure',
POSITIVE_RATIO_MEASURE(7850.),#66);
#71=MEASURE_REPRESENTATION_ITEM('density measure',
POSITIVE_RATIO_MEASURE(7850.),#67);
#72=MEASURE_REPRESENTATION_ITEM('density measure',
POSITIVE_RATIO_MEASURE(7850.),#68);
#73=PROPERTY_DEFINITION_REPRESENTATION(#93,#81);
#74=PROPERTY_DEFINITION_REPRESENTATION(#94,#82);
#75=PROPERTY_DEFINITION_REPRESENTATION(#95,#83);
#76=PROPERTY_DEFINITION_REPRESENTATION(#96,#84);
#77=PROPERTY_DEFINITION_REPRESENTATION(#97,#85);
#78=PROPERTY_DEFINITION_REPRESENTATION(#98,#86);
#79=PROPERTY_DEFINITION_REPRESENTATION(#99,#87);
#80=PROPERTY_DEFINITION_REPRESENTATION(#100,#88);
#81=REPRESENTATION('material name',(#89),#3233);
#82=REPRESENTATION('density',(#69),#3233);
#83=REPRESENTATION('material name',(#90),#3235);
#84=REPRESENTATION('density',(#70),#3235);
#85=REPRESENTATION('material name',(#91),#3236);
#86=REPRESENTATION('density',(#71),#3236);
#87=REPRESENTATION('material name',(#92),#3237);
#88=REPRESENTATION('density',(#72),#3237);
#89=DESCRIPTIVE_REPRESENTATION_ITEM('Stahl','Stahl');
#90=DESCRIPTIVE_REPRESENTATION_ITEM('Stahl','Stahl');
#91=DESCRIPTIVE_REPRESENTATION_ITEM('Stahl','Stahl');
#92=DESCRIPTIVE_REPRESENTATION_ITEM('Stahl','Stahl');
#93=PROPERTY_DEFINITION('material property','material name',#3274);
#94=PROPERTY_DEFINITION('material property','density of part',#3274);
#95=PROPERTY_DEFINITION('material property','material name',#3276);
#96=PROPERTY_DEFINITION('material property','density of part',#3276);
#97=PROPERTY_DEFINITION('material property','material name',#3277);
#98=PROPERTY_DEFINITION('material property','density of part',#3277);
#99=PROPERTY_DEFINITION('material property','material name',#3278);
#100=PROPERTY_DEFINITION('material property','density of part',#3278);
#101=SHAPE_REPRESENTATION_RELATIONSHIP('SRR','None',#3265,#106);
#102=SHAPE_REPRESENTATION_RELATIONSHIP('SRR','None',#3266,#107);
#103=SHAPE_REPRESENTATION_RELATIONSHIP('SRR','None',#3267,#108);
#104=SHAPE_REPRESENTATION_RELATIONSHIP('SRR','None',#3269,#109);
#105=SHAPE_REPRESENTATION_RELATIONSHIP('SRR','None',#3270,#110);
#106=ADVANCED_BREP_SHAPE_REPRESENTATION('',(#116),#3232);
#107=ADVANCED_BREP_SHAPE_REPRESENTATION('',(#117),#3233);
#108=ADVANCED_BREP_SHAPE_REPRESENTATION('',(#118),#3234);
#109=ADVANCED_BREP_SHAPE_REPRESENTATION('',(#119),#3236);
#110=ADVANCED_BREP_SHAPE_REPRESENTATION('',(#120),#3237);
#111=STYLED_ITEM('',(#3303),#116);
#112=STYLED_ITEM('',(#3303),#117);
#113=STYLED_ITEM('',(#3303),#118);
#114=STYLED_ITEM('',(#3303),#119);
#115=STYLED_ITEM('',(#3303),#120);
#116=MANIFOLD_SOLID_BREP('K\X\F6rper1',#1910);
#117=MANIFOLD_SOLID_BREP('K\X\F6rper1',#1911);
#118=MANIFOLD_SOLID_BREP('K\X\F6rper1',#1912);
#119=MANIFOLD_SOLID_BREP('K\X\F6rper1',#1913);
#120=MANIFOLD_SOLID_BREP('K\X\F6rper1',#1914);
#121=FACE_BOUND('',#352,.T.);
#122=FACE_BOUND('',#353,.T.);
#123=FACE_BOUND('',#354,.T.);
#124=FACE_BOUND('',#355,.T.);
#125=FACE_BOUND('',#356,.T.);
#126=FACE_BOUND('',#357,.T.);
#127=FACE_BOUND('',#358,.T.);
#128=FACE_BOUND('',#359,.T.);
#129=FACE_BOUND('',#360,.T.);
#130=FACE_BOUND('',#361,.T.);
#131=FACE_BOUND('',#362,.T.);
#132=FACE_BOUND('',#363,.T.);
#133=FACE_BOUND('',#364,.T.);
#134=FACE_BOUND('',#366,.T.);
#135=FACE_BOUND('',#367,.T.);
#136=FACE_BOUND('',#368,.T.);
#137=FACE_BOUND('',#369,.T.);
#138=FACE_BOUND('',#370,.T.);
#139=FACE_BOUND('',#371,.T.);
#140=FACE_BOUND('',#372,.T.);
#141=FACE_BOUND('',#373,.T.);
#142=FACE_BOUND('',#374,.T.);
#143=FACE_BOUND('',#375,.T.);
#144=FACE_BOUND('',#376,.T.);
#145=FACE_BOUND('',#377,.T.);
#146=FACE_BOUND('',#378,.T.);
#147=FACE_BOUND('',#385,.T.);
#148=FACE_BOUND('',#388,.T.);
#149=FACE_BOUND('',#391,.T.);
#150=FACE_BOUND('',#397,.T.);
#151=FACE_BOUND('',#398,.T.);
#152=FACE_BOUND('',#399,.T.);
#153=FACE_BOUND('',#400,.T.);
#154=FACE_BOUND('',#408,.T.);
#155=FACE_BOUND('',#409,.T.);
#156=FACE_BOUND('',#410,.T.);
#157=FACE_BOUND('',#412,.T.);
#158=FACE_BOUND('',#413,.T.);
#159=FACE_BOUND('',#414,.T.);
#160=FACE_BOUND('',#415,.T.);
#161=FACE_BOUND('',#416,.T.);
#162=FACE_BOUND('',#417,.T.);
#163=FACE_BOUND('',#418,.T.);
#164=FACE_BOUND('',#430,.T.);
#165=FACE_BOUND('',#433,.T.);
#166=FACE_BOUND('',#438,.T.);
#167=FACE_BOUND('',#439,.T.);
#168=FACE_BOUND('',#443,.T.);
#169=FACE_BOUND('',#444,.T.);
#170=FACE_BOUND('',#445,.T.);
#171=FACE_BOUND('',#446,.T.);
#172=FACE_BOUND('',#465,.T.);
#173=FACE_BOUND('',#466,.T.);
#174=FACE_BOUND('',#467,.T.);
#175=FACE_BOUND('',#468,.T.);
#176=FACE_BOUND('',#476,.T.);
#177=FACE_BOUND('',#477,.T.);
#178=FACE_BOUND('',#479,.T.);
#179=FACE_BOUND('',#480,.T.);
#180=FACE_BOUND('',#481,.T.);
#181=FACE_BOUND('',#482,.T.);
#182=FACE_BOUND('',#483,.T.);
#183=FACE_BOUND('',#484,.T.);
#184=FACE_BOUND('',#491,.T.);
#185=FACE_BOUND('',#493,.T.);
#186=PLANE('',#1956);
#187=PLANE('',#1957);
#188=PLANE('',#1958);
#189=PLANE('',#1959);
#190=PLANE('',#1960);
#191=PLANE('',#1961);
#192=PLANE('',#1978);
#193=PLANE('',#1983);
#194=PLANE('',#1988);
#195=PLANE('',#1996);
#196=PLANE('',#1997);
#197=PLANE('',#1998);
#198=PLANE('',#1999);
#199=PLANE('',#2000);
#200=PLANE('',#2001);
#201=PLANE('',#2002);
#202=PLANE('',#2003);
#203=PLANE('',#2004);
#204=PLANE('',#2005);
#205=PLANE('',#2014);
#206=PLANE('',#2018);
#207=PLANE('',#2022);
#208=PLANE('',#2026);
#209=PLANE('',#2030);
#210=PLANE('',#2031);
#211=PLANE('',#2032);
#212=PLANE('',#2033);
#213=PLANE('',#2034);
#214=PLANE('',#2035);
#215=PLANE('',#2036);
#216=PLANE('',#2037);
#217=PLANE('',#2038);
#218=PLANE('',#2039);
#219=PLANE('',#2056);
#220=PLANE('',#2059);
#221=PLANE('',#2062);
#222=PLANE('',#2065);
#223=PLANE('',#2074);
#224=PLANE('',#2075);
#225=PLANE('',#2076);
#226=PLANE('',#2077);
#227=PLANE('',#2078);
#228=PLANE('',#2079);
#229=PLANE('',#2080);
#230=PLANE('',#2081);
#231=PLANE('',#2082);
#232=PLANE('',#2083);
#233=PLANE('',#2085);
#234=PLANE('',#2086);
#235=PLANE('',#2090);
#236=PLANE('',#2091);
#237=PLANE('',#2092);
#238=PLANE('',#2093);
#239=FACE_OUTER_BOUND('',#334,.T.);
#240=FACE_OUTER_BOUND('',#335,.T.);
#241=FACE_OUTER_BOUND('',#336,.T.);
#242=FACE_OUTER_BOUND('',#337,.T.);
#243=FACE_OUTER_BOUND('',#338,.T.);
#244=FACE_OUTER_BOUND('',#339,.T.);
#245=FACE_OUTER_BOUND('',#340,.T.);
#246=FACE_OUTER_BOUND('',#341,.T.);
#247=FACE_OUTER_BOUND('',#342,.T.);
#248=FACE_OUTER_BOUND('',#343,.T.);
#249=FACE_OUTER_BOUND('',#344,.T.);
#250=FACE_OUTER_BOUND('',#345,.T.);
#251=FACE_OUTER_BOUND('',#346,.T.);
#252=FACE_OUTER_BOUND('',#347,.T.);
#253=FACE_OUTER_BOUND('',#348,.T.);
#254=FACE_OUTER_BOUND('',#349,.T.);
#255=FACE_OUTER_BOUND('',#350,.T.);
#256=FACE_OUTER_BOUND('',#351,.T.);
#257=FACE_OUTER_BOUND('',#365,.T.);
#258=FACE_OUTER_BOUND('',#379,.T.);
#259=FACE_OUTER_BOUND('',#380,.T.);
#260=FACE_OUTER_BOUND('',#381,.T.);
#261=FACE_OUTER_BOUND('',#382,.T.);
#262=FACE_OUTER_BOUND('',#383,.T.);
#263=FACE_OUTER_BOUND('',#384,.T.);
#264=FACE_OUTER_BOUND('',#386,.T.);
#265=FACE_OUTER_BOUND('',#387,.T.);
#266=FACE_OUTER_BOUND('',#389,.T.);
#267=FACE_OUTER_BOUND('',#390,.T.);
#268=FACE_OUTER_BOUND('',#392,.T.);
#269=FACE_OUTER_BOUND('',#393,.T.);
#270=FACE_OUTER_BOUND('',#394,.T.);
#271=FACE_OUTER_BOUND('',#395,.T.);
#272=FACE_OUTER_BOUND('',#396,.T.);
#273=FACE_OUTER_BOUND('',#401,.T.);
#274=FACE_OUTER_BOUND('',#402,.T.);
#275=FACE_OUTER_BOUND('',#403,.T.);
#276=FACE_OUTER_BOUND('',#404,.T.);
#277=FACE_OUTER_BOUND('',#405,.T.);
#278=FACE_OUTER_BOUND('',#406,.T.);
#279=FACE_OUTER_BOUND('',#407,.T.);
#280=FACE_OUTER_BOUND('',#411,.T.);
#281=FACE_OUTER_BOUND('',#419,.T.);
#282=FACE_OUTER_BOUND('',#420,.T.);
#283=FACE_OUTER_BOUND('',#421,.T.);
#284=FACE_OUTER_BOUND('',#422,.T.);
#285=FACE_OUTER_BOUND('',#423,.T.);
#286=FACE_OUTER_BOUND('',#424,.T.);
#287=FACE_OUTER_BOUND('',#425,.T.);
#288=FACE_OUTER_BOUND('',#426,.T.);
#289=FACE_OUTER_BOUND('',#427,.T.);
#290=FACE_OUTER_BOUND('',#428,.T.);
#291=FACE_OUTER_BOUND('',#429,.T.);
#292=FACE_OUTER_BOUND('',#431,.T.);
#293=FACE_OUTER_BOUND('',#432,.T.);
#294=FACE_OUTER_BOUND('',#434,.T.);
#295=FACE_OUTER_BOUND('',#435,.T.);
#296=FACE_OUTER_BOUND('',#436,.T.);
#297=FACE_OUTER_BOUND('',#437,.T.);
#298=FACE_OUTER_BOUND('',#440,.T.);
#299=FACE_OUTER_BOUND('',#441,.T.);
#300=FACE_OUTER_BOUND('',#442,.T.);
#301=FACE_OUTER_BOUND('',#447,.T.);
#302=FACE_OUTER_BOUND('',#448,.T.);
#303=FACE_OUTER_BOUND('',#449,.T.);
#304=FACE_OUTER_BOUND('',#450,.T.);
#305=FACE_OUTER_BOUND('',#451,.T.);
#306=FACE_OUTER_BOUND('',#452,.T.);
#307=FACE_OUTER_BOUND('',#453,.T.);
#308=FACE_OUTER_BOUND('',#454,.T.);
#309=FACE_OUTER_BOUND('',#455,.T.);
#310=FACE_OUTER_BOUND('',#456,.T.);
#311=FACE_OUTER_BOUND('',#457,.T.);
#312=FACE_OUTER_BOUND('',#458,.T.);
#313=FACE_OUTER_BOUND('',#459,.T.);
#314=FACE_OUTER_BOUND('',#460,.T.);
#315=FACE_OUTER_BOUND('',#461,.T.);
#316=FACE_OUTER_BOUND('',#462,.T.);
#317=FACE_OUTER_BOUND('',#463,.T.);
#318=FACE_OUTER_BOUND('',#464,.T.);
#319=FACE_OUTER_BOUND('',#469,.T.);
#320=FACE_OUTER_BOUND('',#470,.T.);
#321=FACE_OUTER_BOUND('',#471,.T.);
#322=FACE_OUTER_BOUND('',#472,.T.);
#323=FACE_OUTER_BOUND('',#473,.T.);
#324=FACE_OUTER_BOUND('',#474,.T.);
#325=FACE_OUTER_BOUND('',#475,.T.);
#326=FACE_OUTER_BOUND('',#478,.T.);
#327=FACE_OUTER_BOUND('',#485,.T.);
#328=FACE_OUTER_BOUND('',#486,.T.);
#329=FACE_OUTER_BOUND('',#487,.T.);
#330=FACE_OUTER_BOUND('',#488,.T.);
#331=FACE_OUTER_BOUND('',#489,.T.);
#332=FACE_OUTER_BOUND('',#490,.T.);
#333=FACE_OUTER_BOUND('',#492,.T.);
#334=EDGE_LOOP('',(#1287,#1288,#1289,#1290));
#335=EDGE_LOOP('',(#1291,#1292,#1293,#1294));
#336=EDGE_LOOP('',(#1295,#1296,#1297,#1298));
#337=EDGE_LOOP('',(#1299,#1300,#1301,#1302));
#338=EDGE_LOOP('',(#1303,#1304,#1305,#1306));
#339=EDGE_LOOP('',(#1307,#1308,#1309,#1310));
#340=EDGE_LOOP('',(#1311,#1312,#1313,#1314));
#341=EDGE_LOOP('',(#1315,#1316,#1317,#1318));
#342=EDGE_LOOP('',(#1319,#1320,#1321,#1322));
#343=EDGE_LOOP('',(#1323,#1324,#1325,#1326));
#344=EDGE_LOOP('',(#1327,#1328,#1329,#1330));
#345=EDGE_LOOP('',(#1331,#1332,#1333,#1334));
#346=EDGE_LOOP('',(#1335,#1336,#1337,#1338));
#347=EDGE_LOOP('',(#1339,#1340,#1341,#1342));
#348=EDGE_LOOP('',(#1343,#1344,#1345,#1346));
#349=EDGE_LOOP('',(#1347,#1348,#1349,#1350));
#350=EDGE_LOOP('',(#1351,#1352,#1353,#1354));
#351=EDGE_LOOP('',(#1355,#1356,#1357,#1358));
#352=EDGE_LOOP('',(#1359));
#353=EDGE_LOOP('',(#1360));
#354=EDGE_LOOP('',(#1361));
#355=EDGE_LOOP('',(#1362));
#356=EDGE_LOOP('',(#1363));
#357=EDGE_LOOP('',(#1364));
#358=EDGE_LOOP('',(#1365));
#359=EDGE_LOOP('',(#1366));
#360=EDGE_LOOP('',(#1367));
#361=EDGE_LOOP('',(#1368));
#362=EDGE_LOOP('',(#1369));
#363=EDGE_LOOP('',(#1370));
#364=EDGE_LOOP('',(#1371));
#365=EDGE_LOOP('',(#1372,#1373,#1374,#1375));
#366=EDGE_LOOP('',(#1376));
#367=EDGE_LOOP('',(#1377));
#368=EDGE_LOOP('',(#1378));
#369=EDGE_LOOP('',(#1379));
#370=EDGE_LOOP('',(#1380));
#371=EDGE_LOOP('',(#1381));
#372=EDGE_LOOP('',(#1382));
#373=EDGE_LOOP('',(#1383));
#374=EDGE_LOOP('',(#1384));
#375=EDGE_LOOP('',(#1385));
#376=EDGE_LOOP('',(#1386));
#377=EDGE_LOOP('',(#1387));
#378=EDGE_LOOP('',(#1388));
#379=EDGE_LOOP('',(#1389,#1390,#1391,#1392));
#380=EDGE_LOOP('',(#1393,#1394,#1395,#1396));
#381=EDGE_LOOP('',(#1397,#1398,#1399,#1400));
#382=EDGE_LOOP('',(#1401,#1402,#1403,#1404));
#383=EDGE_LOOP('',(#1405,#1406,#1407,#1408));
#384=EDGE_LOOP('',(#1409));
#385=EDGE_LOOP('',(#1410));
#386=EDGE_LOOP('',(#1411,#1412,#1413,#1414));
#387=EDGE_LOOP('',(#1415));
#388=EDGE_LOOP('',(#1416));
#389=EDGE_LOOP('',(#1417,#1418,#1419,#1420));
#390=EDGE_LOOP('',(#1421));
#391=EDGE_LOOP('',(#1422));
#392=EDGE_LOOP('',(#1423,#1424,#1425,#1426));
#393=EDGE_LOOP('',(#1427,#1428,#1429,#1430));
#394=EDGE_LOOP('',(#1431,#1432,#1433,#1434));
#395=EDGE_LOOP('',(#1435,#1436,#1437,#1438));
#396=EDGE_LOOP('',(#1439,#1440,#1441,#1442));
#397=EDGE_LOOP('',(#1443));
#398=EDGE_LOOP('',(#1444));
#399=EDGE_LOOP('',(#1445));
#400=EDGE_LOOP('',(#1446));
#401=EDGE_LOOP('',(#1447,#1448,#1449,#1450,#1451,#1452,#1453,#1454));
#402=EDGE_LOOP('',(#1455,#1456,#1457,#1458));
#403=EDGE_LOOP('',(#1459,#1460,#1461,#1462));
#404=EDGE_LOOP('',(#1463,#1464,#1465,#1466));
#405=EDGE_LOOP('',(#1467,#1468,#1469,#1470));
#406=EDGE_LOOP('',(#1471,#1472,#1473,#1474,#1475,#1476,#1477,#1478));
#407=EDGE_LOOP('',(#1479,#1480,#1481,#1482));
#408=EDGE_LOOP('',(#1483));
#409=EDGE_LOOP('',(#1484));
#410=EDGE_LOOP('',(#1485));
#411=EDGE_LOOP('',(#1486,#1487,#1488,#1489));
#412=EDGE_LOOP('',(#1490));
#413=EDGE_LOOP('',(#1491));
#414=EDGE_LOOP('',(#1492));
#415=EDGE_LOOP('',(#1493));
#416=EDGE_LOOP('',(#1494));
#417=EDGE_LOOP('',(#1495));
#418=EDGE_LOOP('',(#1496));
#419=EDGE_LOOP('',(#1497,#1498,#1499,#1500));
#420=EDGE_LOOP('',(#1501,#1502,#1503,#1504));
#421=EDGE_LOOP('',(#1505,#1506,#1507,#1508));
#422=EDGE_LOOP('',(#1509,#1510,#1511,#1512));
#423=EDGE_LOOP('',(#1513,#1514,#1515,#1516));
#424=EDGE_LOOP('',(#1517,#1518,#1519,#1520));
#425=EDGE_LOOP('',(#1521,#1522,#1523,#1524));
#426=EDGE_LOOP('',(#1525,#1526,#1527,#1528));
#427=EDGE_LOOP('',(#1529,#1530,#1531,#1532));
#428=EDGE_LOOP('',(#1533,#1534,#1535,#1536));
#429=EDGE_LOOP('',(#1537,#1538,#1539,#1540));
#430=EDGE_LOOP('',(#1541,#1542,#1543,#1544));
#431=EDGE_LOOP('',(#1545,#1546,#1547,#1548,#1549,#1550,#1551,#1552));
#432=EDGE_LOOP('',(#1553,#1554,#1555,#1556));
#433=EDGE_LOOP('',(#1557,#1558,#1559,#1560));
#434=EDGE_LOOP('',(#1561,#1562,#1563,#1564));
#435=EDGE_LOOP('',(#1565,#1566,#1567,#1568));
#436=EDGE_LOOP('',(#1569,#1570,#1571,#1572));
#437=EDGE_LOOP('',(#1573,#1574,#1575,#1576));
#438=EDGE_LOOP('',(#1577));
#439=EDGE_LOOP('',(#1578));
#440=EDGE_LOOP('',(#1579,#1580,#1581,#1582));
#441=EDGE_LOOP('',(#1583,#1584,#1585,#1586,#1587,#1588,#1589,#1590));
#442=EDGE_LOOP('',(#1591,#1592,#1593,#1594));
#443=EDGE_LOOP('',(#1595));
#444=EDGE_LOOP('',(#1596));
#445=EDGE_LOOP('',(#1597,#1598,#1599,#1600));
#446=EDGE_LOOP('',(#1601,#1602,#1603,#1604));
#447=EDGE_LOOP('',(#1605,#1606,#1607,#1608));
#448=EDGE_LOOP('',(#1609,#1610,#1611,#1612));
#449=EDGE_LOOP('',(#1613,#1614,#1615,#1616));
#450=EDGE_LOOP('',(#1617,#1618,#1619,#1620));
#451=EDGE_LOOP('',(#1621,#1622,#1623,#1624));
#452=EDGE_LOOP('',(#1625,#1626,#1627,#1628));
#453=EDGE_LOOP('',(#1629,#1630,#1631,#1632));
#454=EDGE_LOOP('',(#1633,#1634,#1635,#1636,#1637));
#455=EDGE_LOOP('',(#1638,#1639,#1640,#1641));
#456=EDGE_LOOP('',(#1642,#1643,#1644,#1645));
#457=EDGE_LOOP('',(#1646,#1647,#1648,#1649));
#458=EDGE_LOOP('',(#1650,#1651,#1652,#1653,#1654));
#459=EDGE_LOOP('',(#1655,#1656,#1657,#1658,#1659,#1660,#1661,#1662));
#460=EDGE_LOOP('',(#1663,#1664,#1665,#1666));
#461=EDGE_LOOP('',(#1667,#1668,#1669,#1670,#1671,#1672,#1673,#1674));
#462=EDGE_LOOP('',(#1675,#1676,#1677,#1678));
#463=EDGE_LOOP('',(#1679,#1680,#1681,#1682));
#464=EDGE_LOOP('',(#1683,#1684,#1685,#1686));
#465=EDGE_LOOP('',(#1687));
#466=EDGE_LOOP('',(#1688));
#467=EDGE_LOOP('',(#1689));
#468=EDGE_LOOP('',(#1690));
#469=EDGE_LOOP('',(#1691,#1692,#1693,#1694,#1695,#1696,#1697,#1698));
#470=EDGE_LOOP('',(#1699,#1700,#1701,#1702));
#471=EDGE_LOOP('',(#1703,#1704,#1705,#1706));
#472=EDGE_LOOP('',(#1707,#1708,#1709,#1710));
#473=EDGE_LOOP('',(#1711,#1712,#1713,#1714));
#474=EDGE_LOOP('',(#1715,#1716,#1717,#1718,#1719,#1720,#1721,#1722));
#475=EDGE_LOOP('',(#1723,#1724,#1725,#1726));
#476=EDGE_LOOP('',(#1727));
#477=EDGE_LOOP('',(#1728));
#478=EDGE_LOOP('',(#1729,#1730,#1731,#1732));
#479=EDGE_LOOP('',(#1733));
#480=EDGE_LOOP('',(#1734));
#481=EDGE_LOOP('',(#1735));
#482=EDGE_LOOP('',(#1736));
#483=EDGE_LOOP('',(#1737,#1738,#1739,#1740));
#484=EDGE_LOOP('',(#1741,#1742,#1743,#1744));
#485=EDGE_LOOP('',(#1745,#1746,#1747,#1748));
#486=EDGE_LOOP('',(#1749,#1750,#1751,#1752));
#487=EDGE_LOOP('',(#1753,#1754,#1755,#1756));
#488=EDGE_LOOP('',(#1757,#1758,#1759,#1760));
#489=EDGE_LOOP('',(#1761,#1762,#1763,#1764));
#490=EDGE_LOOP('',(#1765,#1766,#1767,#1768));
#491=EDGE_LOOP('',(#1769));
#492=EDGE_LOOP('',(#1770,#1771,#1772,#1773));
#493=EDGE_LOOP('',(#1774));
#494=LINE('',#2634,#652);
#495=LINE('',#2640,#653);
#496=LINE('',#2646,#654);
#497=LINE('',#2652,#655);
#498=LINE('',#2658,#656);
#499=LINE('',#2664,#657);
#500=LINE('',#2670,#658);
#501=LINE('',#2676,#659);
#502=LINE('',#2682,#660);
#503=LINE('',#2688,#661);
#504=LINE('',#2694,#662);
#505=LINE('',#2700,#663);
#506=LINE('',#2706,#664);
#507=LINE('',#2711,#665);
#508=LINE('',#2713,#666);
#509=LINE('',#2715,#667);
#510=LINE('',#2716,#668);
#511=LINE('',#2719,#669);
#512=LINE('',#2721,#670);
#513=LINE('',#2722,#671);
#514=LINE('',#2725,#672);
#515=LINE('',#2727,#673);
#516=LINE('',#2728,#674);
#517=LINE('',#2730,#675);
#518=LINE('',#2731,#676);
#519=LINE('',#2739,#677);
#520=LINE('',#2745,#678);
#521=LINE('',#2751,#679);
#522=LINE('',#2757,#680);
#523=LINE('',#2763,#681);
#524=LINE('',#2772,#682);
#525=LINE('',#2781,#683);
#526=LINE('',#2788,#684);
#527=LINE('',#2792,#685);
#528=LINE('',#2796,#686);
#529=LINE('',#2801,#687);
#530=LINE('',#2803,#688);
#531=LINE('',#2805,#689);
#532=LINE('',#2806,#690);
#533=LINE('',#2809,#691);
#534=LINE('',#2811,#692);
#535=LINE('',#2812,#693);
#536=LINE('',#2815,#694);
#537=LINE('',#2817,#695);
#538=LINE('',#2819,#696);
#539=LINE('',#2821,#697);
#540=LINE('',#2823,#698);
#541=LINE('',#2824,#699);
#542=LINE('',#2827,#700);
#543=LINE('',#2828,#701);
#544=LINE('',#2831,#702);
#545=LINE('',#2832,#703);
#546=LINE('',#2835,#704);
#547=LINE('',#2836,#705);
#548=LINE('',#2839,#706);
#549=LINE('',#2841,#707);
#550=LINE('',#2842,#708);
#551=LINE('',#2844,#709);
#552=LINE('',#2845,#710);
#553=LINE('',#2854,#711);
#554=LINE('',#2860,#712);
#555=LINE('',#2865,#713);
#556=LINE('',#2867,#714);
#557=LINE('',#2869,#715);
#558=LINE('',#2870,#716);
#559=LINE('',#2876,#717);
#560=LINE('',#2879,#718);
#561=LINE('',#2881,#719);
#562=LINE('',#2882,#720);
#563=LINE('',#2889,#721);
#564=LINE('',#2891,#722);
#565=LINE('',#2893,#723);
#566=LINE('',#2894,#724);
#567=LINE('',#2900,#725);
#568=LINE('',#2903,#726);
#569=LINE('',#2905,#727);
#570=LINE('',#2906,#728);
#571=LINE('',#2913,#729);
#572=LINE('',#2915,#730);
#573=LINE('',#2917,#731);
#574=LINE('',#2918,#732);
#575=LINE('',#2921,#733);
#576=LINE('',#2923,#734);
#577=LINE('',#2925,#735);
#578=LINE('',#2927,#736);
#579=LINE('',#2929,#737);
#580=LINE('',#2931,#738);
#581=LINE('',#2932,#739);
#582=LINE('',#2935,#740);
#583=LINE('',#2937,#741);
#584=LINE('',#2938,#742);
#585=LINE('',#2941,#743);
#586=LINE('',#2942,#744);
#587=LINE('',#2945,#745);
#588=LINE('',#2946,#746);
#589=LINE('',#2949,#747);
#590=LINE('',#2950,#748);
#591=LINE('',#2952,#749);
#592=LINE('',#2955,#750);
#593=LINE('',#2956,#751);
#594=LINE('',#2958,#752);
#595=LINE('',#2966,#753);
#596=LINE('',#2972,#754);
#597=LINE('',#2978,#755);
#598=LINE('',#2984,#756);
#599=LINE('',#3008,#757);
#600=LINE('',#3011,#758);
#601=LINE('',#3018,#759);
#602=LINE('',#3019,#760);
#603=LINE('',#3042,#761);
#604=LINE('',#3048,#762);
#605=LINE('',#3074,#763);
#606=LINE('',#3077,#764);
#607=LINE('',#3084,#765);
#608=LINE('',#3085,#766);
#609=LINE('',#3108,#767);
#610=LINE('',#3114,#768);
#611=LINE('',#3121,#769);
#612=LINE('',#3125,#770);
#613=LINE('',#3129,#771);
#614=LINE('',#3133,#772);
#615=LINE('',#3137,#773);
#616=LINE('',#3139,#774);
#617=LINE('',#3141,#775);
#618=LINE('',#3142,#776);
#619=LINE('',#3146,#777);
#620=LINE('',#3147,#778);
#621=LINE('',#3148,#779);
#622=LINE('',#3151,#780);
#623=LINE('',#3153,#781);
#624=LINE('',#3155,#782);
#625=LINE('',#3157,#783);
#626=LINE('',#3159,#784);
#627=LINE('',#3160,#785);
#628=LINE('',#3163,#786);
#629=LINE('',#3164,#787);
#630=LINE('',#3167,#788);
#631=LINE('',#3168,#789);
#632=LINE('',#3171,#790);
#633=LINE('',#3172,#791);
#634=LINE('',#3175,#792);
#635=LINE('',#3177,#793);
#636=LINE('',#3178,#794);
#637=LINE('',#3180,#795);
#638=LINE('',#3181,#796);
#639=LINE('',#3188,#797);
#640=LINE('',#3190,#798);
#641=LINE('',#3192,#799);
#642=LINE('',#3193,#800);
#643=LINE('',#3196,#801);
#644=LINE('',#3198,#802);
#645=LINE('',#3199,#803);
#646=LINE('',#3204,#804);
#647=LINE('',#3208,#805);
#648=LINE('',#3210,#806);
#649=LINE('',#3211,#807);
#650=LINE('',#3213,#808);
#651=LINE('',#3214,#809);
#652=VECTOR('',#2108,3.);
#653=VECTOR('',#2115,3.);
#654=VECTOR('',#2122,3.00000000000001);
#655=VECTOR('',#2129,3.00000000000001);
#656=VECTOR('',#2136,3.);
#657=VECTOR('',#2143,3.);
#658=VECTOR('',#2150,3.00000000000001);
#659=VECTOR('',#2157,3.00000000000001);
#660=VECTOR('',#2164,2.5);
#661=VECTOR('',#2171,2.5);
#662=VECTOR('',#2178,2.5);
#663=VECTOR('',#2185,4.);
#664=VECTOR('',#2192,4.);
#665=VECTOR('',#2197,10.);
#666=VECTOR('',#2198,10.);
#667=VECTOR('',#2199,10.);
#668=VECTOR('',#2200,10.);
#669=VECTOR('',#2203,10.);
#670=VECTOR('',#2204,10.);
#671=VECTOR('',#2205,10.);
#672=VECTOR('',#2208,10.);
#673=VECTOR('',#2209,10.);
#674=VECTOR('',#2210,10.);
#675=VECTOR('',#2213,10.);
#676=VECTOR('',#2214,10.);
#677=VECTOR('',#2225,2.1);
#678=VECTOR('',#2232,2.1);
#679=VECTOR('',#2239,2.1);
#680=VECTOR('',#2246,2.09999999999999);
#681=VECTOR('',#2253,5.5);
#682=VECTOR('',#2264,5.5);
#683=VECTOR('',#2275,5.50000000000001);
#684=VECTOR('',#2284,3.25);
#685=VECTOR('',#2289,3.25);
#686=VECTOR('',#2294,3.24999999999999);
#687=VECTOR('',#2299,10.);
#688=VECTOR('',#2300,10.);
#689=VECTOR('',#2301,10.);
#690=VECTOR('',#2302,10.);
#691=VECTOR('',#2305,10.);
#692=VECTOR('',#2306,10.);
#693=VECTOR('',#2307,10.);
#694=VECTOR('',#2310,10.);
#695=VECTOR('',#2311,10.);
#696=VECTOR('',#2312,10.);
#697=VECTOR('',#2313,10.);
#698=VECTOR('',#2314,10.);
#699=VECTOR('',#2315,10.);
#700=VECTOR('',#2318,10.);
#701=VECTOR('',#2319,10.);
#702=VECTOR('',#2322,10.);
#703=VECTOR('',#2323,10.);
#704=VECTOR('',#2326,10.);
#705=VECTOR('',#2327,10.);
#706=VECTOR('',#2330,10.);
#707=VECTOR('',#2331,10.);
#708=VECTOR('',#2332,10.);
#709=VECTOR('',#2335,10.);
#710=VECTOR('',#2336,10.);
#711=VECTOR('',#2349,4.25);
#712=VECTOR('',#2356,4.25);
#713=VECTOR('',#2361,10.);
#714=VECTOR('',#2362,10.);
#715=VECTOR('',#2363,10.);
#716=VECTOR('',#2364,10.);
#717=VECTOR('',#2371,10.);
#718=VECTOR('',#2374,10.);
#719=VECTOR('',#2375,10.);
#720=VECTOR('',#2376,10.);
#721=VECTOR('',#2385,10.);
#722=VECTOR('',#2386,10.);
#723=VECTOR('',#2387,10.);
#724=VECTOR('',#2388,10.);
#725=VECTOR('',#2395,10.);
#726=VECTOR('',#2398,10.);
#727=VECTOR('',#2399,10.);
#728=VECTOR('',#2400,10.);
#729=VECTOR('',#2409,10.);
#730=VECTOR('',#2410,10.);
#731=VECTOR('',#2411,10.);
#732=VECTOR('',#2412,10.);
#733=VECTOR('',#2415,10.);
#734=VECTOR('',#2416,10.);
#735=VECTOR('',#2417,10.);
#736=VECTOR('',#2418,10.);
#737=VECTOR('',#2419,10.);
#738=VECTOR('',#2420,10.);
#739=VECTOR('',#2421,10.);
#740=VECTOR('',#2424,10.);
#741=VECTOR('',#2425,10.);
#742=VECTOR('',#2426,10.);
#743=VECTOR('',#2429,10.);
#744=VECTOR('',#2430,10.);
#745=VECTOR('',#2433,10.);
#746=VECTOR('',#2434,10.);
#747=VECTOR('',#2437,10.);
#748=VECTOR('',#2438,10.);
#749=VECTOR('',#2441,10.);
#750=VECTOR('',#2444,10.);
#751=VECTOR('',#2445,10.);
#752=VECTOR('',#2448,10.);
#753=VECTOR('',#2459,2.09999999999999);
#754=VECTOR('',#2466,2.09999999999999);
#755=VECTOR('',#2473,2.09999999999999);
#756=VECTOR('',#2480,2.09999999999999);
#757=VECTOR('',#2485,10.);
#758=VECTOR('',#2488,10.);
#759=VECTOR('',#2491,10.);
#760=VECTOR('',#2492,10.);
#761=VECTOR('',#2497,10.);
#762=VECTOR('',#2500,10.);
#763=VECTOR('',#2503,10.);
#764=VECTOR('',#2506,10.);
#765=VECTOR('',#2509,10.);
#766=VECTOR('',#2510,10.);
#767=VECTOR('',#2515,10.);
#768=VECTOR('',#2518,10.);
#769=VECTOR('',#2523,5.125);
#770=VECTOR('',#2528,10.25);
#771=VECTOR('',#2533,5.125);
#772=VECTOR('',#2538,10.25);
#773=VECTOR('',#2541,10.);
#774=VECTOR('',#2542,10.);
#775=VECTOR('',#2543,10.);
#776=VECTOR('',#2544,10.);
#777=VECTOR('',#2547,10.);
#778=VECTOR('',#2548,10.);
#779=VECTOR('',#2549,10.);
#780=VECTOR('',#2552,10.);
#781=VECTOR('',#2553,10.);
#782=VECTOR('',#2554,10.);
#783=VECTOR('',#2555,10.);
#784=VECTOR('',#2556,10.);
#785=VECTOR('',#2557,10.);
#786=VECTOR('',#2560,10.);
#787=VECTOR('',#2561,10.);
#788=VECTOR('',#2564,10.);
#789=VECTOR('',#2565,10.);
#790=VECTOR('',#2568,10.);
#791=VECTOR('',#2569,10.);
#792=VECTOR('',#2572,10.);
#793=VECTOR('',#2573,10.);
#794=VECTOR('',#2574,10.);
#795=VECTOR('',#2577,10.);
#796=VECTOR('',#2578,10.);
#797=VECTOR('',#2587,10.);
#798=VECTOR('',#2588,10.);
#799=VECTOR('',#2589,10.);
#800=VECTOR('',#2590,10.);
#801=VECTOR('',#2593,10.);
#802=VECTOR('',#2594,10.);
#803=VECTOR('',#2595,10.);
#804=VECTOR('',#2600,3.);
#805=VECTOR('',#2605,10.);
#806=VECTOR('',#2606,10.);
#807=VECTOR('',#2607,10.);
#808=VECTOR('',#2610,10.);
#809=VECTOR('',#2611,10.);
#810=CIRCLE('',#1918,3.);
#811=CIRCLE('',#1919,3.);
#812=CIRCLE('',#1921,3.);
#813=CIRCLE('',#1922,3.);
#814=CIRCLE('',#1924,3.00000000000001);
#815=CIRCLE('',#1925,3.00000000000001);
#816=CIRCLE('',#1927,3.00000000000001);
#817=CIRCLE('',#1928,3.00000000000001);
#818=CIRCLE('',#1930,3.);
#819=CIRCLE('',#1931,3.);
#820=CIRCLE('',#1933,3.);
#821=CIRCLE('',#1934,3.);
#822=CIRCLE('',#1936,3.00000000000001);
#823=CIRCLE('',#1937,3.00000000000001);
#824=CIRCLE('',#1939,3.00000000000001);
#825=CIRCLE('',#1940,3.00000000000001);
#826=CIRCLE('',#1942,2.5);
#827=CIRCLE('',#1943,2.5);
#828=CIRCLE('',#1945,2.5);
#829=CIRCLE('',#1946,2.5);
#830=CIRCLE('',#1948,2.5);
#831=CIRCLE('',#1949,2.5);
#832=CIRCLE('',#1951,4.);
#833=CIRCLE('',#1952,4.);
#834=CIRCLE('',#1954,4.);
#835=CIRCLE('',#1955,4.);
#836=CIRCLE('',#1964,2.1);
#837=CIRCLE('',#1965,2.1);
#838=CIRCLE('',#1967,2.1);
#839=CIRCLE('',#1968,2.1);
#840=CIRCLE('',#1970,2.1);
#841=CIRCLE('',#1971,2.1);
#842=CIRCLE('',#1973,2.09999999999999);
#843=CIRCLE('',#1974,2.09999999999999);
#844=CIRCLE('',#1976,5.5);
#845=CIRCLE('',#1977,5.5);
#846=CIRCLE('',#1979,3.25);
#847=CIRCLE('',#1981,5.5);
#848=CIRCLE('',#1982,5.5);
#849=CIRCLE('',#1984,3.25);
#850=CIRCLE('',#1986,5.50000000000001);
#851=CIRCLE('',#1987,5.50000000000001);
#852=CIRCLE('',#1989,3.24999999999999);
#853=CIRCLE('',#1991,3.25);
#854=CIRCLE('',#1993,3.25);
#855=CIRCLE('',#1995,3.24999999999999);
#856=CIRCLE('',#2009,4.25);
#857=CIRCLE('',#2010,4.25);
#858=CIRCLE('',#2012,4.25);
#859=CIRCLE('',#2013,4.25);
#860=CIRCLE('',#2017,3.15000000000001);
#861=CIRCLE('',#2021,3.15);
#862=CIRCLE('',#2025,3.15000000000001);
#863=CIRCLE('',#2029,3.15000000000001);
#864=CIRCLE('',#2043,2.09999999999999);
#865=CIRCLE('',#2044,2.09999999999999);
#866=CIRCLE('',#2046,2.09999999999999);
#867=CIRCLE('',#2047,2.09999999999999);
#868=CIRCLE('',#2049,2.09999999999999);
#869=CIRCLE('',#2050,2.09999999999999);
#870=CIRCLE('',#2052,2.09999999999999);
#871=CIRCLE('',#2053,2.09999999999999);
#872=CIRCLE('',#2055,5.1);
#873=CIRCLE('',#2058,5.1);
#874=CIRCLE('',#2061,5.10000000000002);
#875=CIRCLE('',#2064,5.1);
#876=CIRCLE('',#2067,10.25);
#877=CIRCLE('',#2069,10.25);
#878=CIRCLE('',#2071,10.25);
#879=CIRCLE('',#2073,10.25);
#880=CIRCLE('',#2089,3.);
#881=VERTEX_POINT('',#2631);
#882=VERTEX_POINT('',#2633);
#883=VERTEX_POINT('',#2637);
#884=VERTEX_POINT('',#2639);
#885=VERTEX_POINT('',#2643);
#886=VERTEX_POINT('',#2645);
#887=VERTEX_POINT('',#2649);
#888=VERTEX_POINT('',#2651);
#889=VERTEX_POINT('',#2655);
#890=VERTEX_POINT('',#2657);
#891=VERTEX_POINT('',#2661);
#892=VERTEX_POINT('',#2663);
#893=VERTEX_POINT('',#2667);
#894=VERTEX_POINT('',#2669);
#895=VERTEX_POINT('',#2673);
#896=VERTEX_POINT('',#2675);
#897=VERTEX_POINT('',#2679);
#898=VERTEX_POINT('',#2681);
#899=VERTEX_POINT('',#2685);
#900=VERTEX_POINT('',#2687);
#901=VERTEX_POINT('',#2691);
#902=VERTEX_POINT('',#2693);
#903=VERTEX_POINT('',#2697);
#904=VERTEX_POINT('',#2699);
#905=VERTEX_POINT('',#2703);
#906=VERTEX_POINT('',#2705);
#907=VERTEX_POINT('',#2709);
#908=VERTEX_POINT('',#2710);
#909=VERTEX_POINT('',#2712);
#910=VERTEX_POINT('',#2714);
#911=VERTEX_POINT('',#2718);
#912=VERTEX_POINT('',#2720);
#913=VERTEX_POINT('',#2724);
#914=VERTEX_POINT('',#2726);
#915=VERTEX_POINT('',#2736);
#916=VERTEX_POINT('',#2738);
#917=VERTEX_POINT('',#2742);
#918=VERTEX_POINT('',#2744);
#919=VERTEX_POINT('',#2748);
#920=VERTEX_POINT('',#2750);
#921=VERTEX_POINT('',#2754);
#922=VERTEX_POINT('',#2756);
#923=VERTEX_POINT('',#2760);
#924=VERTEX_POINT('',#2762);
#925=VERTEX_POINT('',#2766);
#926=VERTEX_POINT('',#2769);
#927=VERTEX_POINT('',#2771);
#928=VERTEX_POINT('',#2775);
#929=VERTEX_POINT('',#2778);
#930=VERTEX_POINT('',#2780);
#931=VERTEX_POINT('',#2784);
#932=VERTEX_POINT('',#2787);
#933=VERTEX_POINT('',#2791);
#934=VERTEX_POINT('',#2795);
#935=VERTEX_POINT('',#2799);
#936=VERTEX_POINT('',#2800);
#937=VERTEX_POINT('',#2802);
#938=VERTEX_POINT('',#2804);
#939=VERTEX_POINT('',#2808);
#940=VERTEX_POINT('',#2810);
#941=VERTEX_POINT('',#2814);
#942=VERTEX_POINT('',#2816);
#943=VERTEX_POINT('',#2818);
#944=VERTEX_POINT('',#2820);
#945=VERTEX_POINT('',#2822);
#946=VERTEX_POINT('',#2826);
#947=VERTEX_POINT('',#2830);
#948=VERTEX_POINT('',#2834);
#949=VERTEX_POINT('',#2838);
#950=VERTEX_POINT('',#2840);
#951=VERTEX_POINT('',#2851);
#952=VERTEX_POINT('',#2853);
#953=VERTEX_POINT('',#2857);
#954=VERTEX_POINT('',#2859);
#955=VERTEX_POINT('',#2863);
#956=VERTEX_POINT('',#2864);
#957=VERTEX_POINT('',#2866);
#958=VERTEX_POINT('',#2868);
#959=VERTEX_POINT('',#2872);
#960=VERTEX_POINT('',#2874);
#961=VERTEX_POINT('',#2878);
#962=VERTEX_POINT('',#2880);
#963=VERTEX_POINT('',#2887);
#964=VERTEX_POINT('',#2888);
#965=VERTEX_POINT('',#2890);
#966=VERTEX_POINT('',#2892);
#967=VERTEX_POINT('',#2896);
#968=VERTEX_POINT('',#2898);
#969=VERTEX_POINT('',#2902);
#970=VERTEX_POINT('',#2904);
#971=VERTEX_POINT('',#2911);
#972=VERTEX_POINT('',#2912);
#973=VERTEX_POINT('',#2914);
#974=VERTEX_POINT('',#2916);
#975=VERTEX_POINT('',#2920);
#976=VERTEX_POINT('',#2922);
#977=VERTEX_POINT('',#2924);
#978=VERTEX_POINT('',#2926);
#979=VERTEX_POINT('',#2928);
#980=VERTEX_POINT('',#2930);
#981=VERTEX_POINT('',#2934);
#982=VERTEX_POINT('',#2936);
#983=VERTEX_POINT('',#2940);
#984=VERTEX_POINT('',#2944);
#985=VERTEX_POINT('',#2948);
#986=VERTEX_POINT('',#2954);
#987=VERTEX_POINT('',#2963);
#988=VERTEX_POINT('',#2965);
#989=VERTEX_POINT('',#2969);
#990=VERTEX_POINT('',#2971);
#991=VERTEX_POINT('',#2975);
#992=VERTEX_POINT('',#2977);
#993=VERTEX_POINT('',#2981);
#994=VERTEX_POINT('',#2983);
#995=VERTEX_POINT('',#2987);
#996=VERTEX_POINT('',#2988);
#997=VERTEX_POINT('',#3007);
#998=VERTEX_POINT('',#3009);
#999=VERTEX_POINT('',#3013);
#1000=VERTEX_POINT('',#3017);
#1001=VERTEX_POINT('',#3021);
#1002=VERTEX_POINT('',#3040);
#1003=VERTEX_POINT('',#3044);
#1004=VERTEX_POINT('',#3053);
#1005=VERTEX_POINT('',#3054);
#1006=VERTEX_POINT('',#3073);
#1007=VERTEX_POINT('',#3075);
#1008=VERTEX_POINT('',#3079);
#1009=VERTEX_POINT('',#3083);
#1010=VERTEX_POINT('',#3087);
#1011=VERTEX_POINT('',#3106);
#1012=VERTEX_POINT('',#3110);
#1013=VERTEX_POINT('',#3119);
#1014=VERTEX_POINT('',#3123);
#1015=VERTEX_POINT('',#3127);
#1016=VERTEX_POINT('',#3131);
#1017=VERTEX_POINT('',#3135);
#1018=VERTEX_POINT('',#3136);
#1019=VERTEX_POINT('',#3138);
#1020=VERTEX_POINT('',#3140);
#1021=VERTEX_POINT('',#3144);
#1022=VERTEX_POINT('',#3145);
#1023=VERTEX_POINT('',#3150);
#1024=VERTEX_POINT('',#3152);
#1025=VERTEX_POINT('',#3154);
#1026=VERTEX_POINT('',#3156);
#1027=VERTEX_POINT('',#3158);
#1028=VERTEX_POINT('',#3162);
#1029=VERTEX_POINT('',#3166);
#1030=VERTEX_POINT('',#3170);
#1031=VERTEX_POINT('',#3174);
#1032=VERTEX_POINT('',#3176);
#1033=VERTEX_POINT('',#3186);
#1034=VERTEX_POINT('',#3187);
#1035=VERTEX_POINT('',#3189);
#1036=VERTEX_POINT('',#3191);
#1037=VERTEX_POINT('',#3195);
#1038=VERTEX_POINT('',#3197);
#1039=VERTEX_POINT('',#3201);
#1040=VERTEX_POINT('',#3203);
#1041=VERTEX_POINT('',#3207);
#1042=VERTEX_POINT('',#3209);
#1043=EDGE_CURVE('',#881,#881,#810,.T.);
#1044=EDGE_CURVE('',#881,#882,#494,.T.);
#1045=EDGE_CURVE('',#882,#882,#811,.T.);
#1046=EDGE_CURVE('',#883,#883,#812,.T.);
#1047=EDGE_CURVE('',#883,#884,#495,.T.);
#1048=EDGE_CURVE('',#884,#884,#813,.T.);
#1049=EDGE_CURVE('',#885,#885,#814,.T.);
#1050=EDGE_CURVE('',#885,#886,#496,.T.);
#1051=EDGE_CURVE('',#886,#886,#815,.T.);
#1052=EDGE_CURVE('',#887,#887,#816,.T.);
#1053=EDGE_CURVE('',#887,#888,#497,.T.);
#1054=EDGE_CURVE('',#888,#888,#817,.T.);
#1055=EDGE_CURVE('',#889,#889,#818,.T.);
#1056=EDGE_CURVE('',#889,#890,#498,.T.);
#1057=EDGE_CURVE('',#890,#890,#819,.T.);
#1058=EDGE_CURVE('',#891,#891,#820,.T.);
#1059=EDGE_CURVE('',#891,#892,#499,.T.);
#1060=EDGE_CURVE('',#892,#892,#821,.T.);
#1061=EDGE_CURVE('',#893,#893,#822,.T.);
#1062=EDGE_CURVE('',#893,#894,#500,.T.);
#1063=EDGE_CURVE('',#894,#894,#823,.T.);
#1064=EDGE_CURVE('',#895,#895,#824,.T.);
#1065=EDGE_CURVE('',#895,#896,#501,.T.);
#1066=EDGE_CURVE('',#896,#896,#825,.T.);
#1067=EDGE_CURVE('',#897,#897,#826,.T.);
#1068=EDGE_CURVE('',#897,#898,#502,.T.);
#1069=EDGE_CURVE('',#898,#898,#827,.T.);
#1070=EDGE_CURVE('',#899,#899,#828,.T.);
#1071=EDGE_CURVE('',#899,#900,#503,.T.);
#1072=EDGE_CURVE('',#900,#900,#829,.T.);
#1073=EDGE_CURVE('',#901,#901,#830,.T.);
#1074=EDGE_CURVE('',#901,#902,#504,.T.);
#1075=EDGE_CURVE('',#902,#902,#831,.T.);
#1076=EDGE_CURVE('',#903,#903,#832,.T.);
#1077=EDGE_CURVE('',#903,#904,#505,.T.);
#1078=EDGE_CURVE('',#904,#904,#833,.T.);
#1079=EDGE_CURVE('',#905,#905,#834,.T.);
#1080=EDGE_CURVE('',#905,#906,#506,.T.);
#1081=EDGE_CURVE('',#906,#906,#835,.T.);
#1082=EDGE_CURVE('',#907,#908,#507,.T.);
#1083=EDGE_CURVE('',#908,#909,#508,.T.);
#1084=EDGE_CURVE('',#910,#909,#509,.T.);
#1085=EDGE_CURVE('',#907,#910,#510,.T.);
#1086=EDGE_CURVE('',#911,#907,#511,.T.);
#1087=EDGE_CURVE('',#912,#910,#512,.T.);
#1088=EDGE_CURVE('',#911,#912,#513,.T.);
#1089=EDGE_CURVE('',#913,#911,#514,.T.);
#1090=EDGE_CURVE('',#914,#912,#515,.T.);
#1091=EDGE_CURVE('',#913,#914,#516,.T.);
#1092=EDGE_CURVE('',#908,#913,#517,.T.);
#1093=EDGE_CURVE('',#909,#914,#518,.T.);
#1094=EDGE_CURVE('',#915,#915,#836,.T.);
#1095=EDGE_CURVE('',#915,#916,#519,.T.);
#1096=EDGE_CURVE('',#916,#916,#837,.T.);
#1097=EDGE_CURVE('',#917,#917,#838,.T.);
#1098=EDGE_CURVE('',#917,#918,#520,.T.);
#1099=EDGE_CURVE('',#918,#918,#839,.T.);
#1100=EDGE_CURVE('',#919,#919,#840,.T.);
#1101=EDGE_CURVE('',#919,#920,#521,.T.);
#1102=EDGE_CURVE('',#920,#920,#841,.T.);
#1103=EDGE_CURVE('',#921,#921,#842,.T.);
#1104=EDGE_CURVE('',#921,#922,#522,.T.);
#1105=EDGE_CURVE('',#922,#922,#843,.T.);
#1106=EDGE_CURVE('',#923,#923,#844,.T.);
#1107=EDGE_CURVE('',#923,#924,#523,.T.);
#1108=EDGE_CURVE('',#924,#924,#845,.T.);
#1109=EDGE_CURVE('',#925,#925,#846,.T.);
#1110=EDGE_CURVE('',#926,#926,#847,.T.);
#1111=EDGE_CURVE('',#926,#927,#524,.T.);
#1112=EDGE_CURVE('',#927,#927,#848,.T.);
#1113=EDGE_CURVE('',#928,#928,#849,.T.);
#1114=EDGE_CURVE('',#929,#929,#850,.T.);
#1115=EDGE_CURVE('',#929,#930,#525,.T.);
#1116=EDGE_CURVE('',#930,#930,#851,.T.);
#1117=EDGE_CURVE('',#931,#931,#852,.T.);
#1118=EDGE_CURVE('',#925,#932,#526,.T.);
#1119=EDGE_CURVE('',#932,#932,#853,.T.);
#1120=EDGE_CURVE('',#928,#933,#527,.T.);
#1121=EDGE_CURVE('',#933,#933,#854,.T.);
#1122=EDGE_CURVE('',#931,#934,#528,.T.);
#1123=EDGE_CURVE('',#934,#934,#855,.T.);
#1124=EDGE_CURVE('',#935,#936,#529,.T.);
#1125=EDGE_CURVE('',#937,#935,#530,.T.);
#1126=EDGE_CURVE('',#937,#938,#531,.T.);
#1127=EDGE_CURVE('',#936,#938,#532,.T.);
#1128=EDGE_CURVE('',#938,#939,#533,.T.);
#1129=EDGE_CURVE('',#940,#937,#534,.T.);
#1130=EDGE_CURVE('',#939,#940,#535,.T.);
#1131=EDGE_CURVE('',#939,#941,#536,.T.);
#1132=EDGE_CURVE('',#942,#941,#537,.T.);
#1133=EDGE_CURVE('',#943,#942,#538,.T.);
#1134=EDGE_CURVE('',#943,#944,#539,.T.);
#1135=EDGE_CURVE('',#944,#945,#540,.T.);
#1136=EDGE_CURVE('',#945,#936,#541,.T.);
#1137=EDGE_CURVE('',#941,#946,#542,.T.);
#1138=EDGE_CURVE('',#946,#940,#543,.T.);
#1139=EDGE_CURVE('',#947,#945,#544,.T.);
#1140=EDGE_CURVE('',#935,#947,#545,.T.);
#1141=EDGE_CURVE('',#944,#948,#546,.T.);
#1142=EDGE_CURVE('',#948,#947,#547,.T.);
#1143=EDGE_CURVE('',#949,#943,#548,.T.);
#1144=EDGE_CURVE('',#950,#942,#549,.T.);
#1145=EDGE_CURVE('',#949,#950,#550,.T.);
#1146=EDGE_CURVE('',#948,#949,#551,.T.);
#1147=EDGE_CURVE('',#946,#950,#552,.T.);
#1148=EDGE_CURVE('',#951,#951,#856,.T.);
#1149=EDGE_CURVE('',#951,#952,#553,.T.);
#1150=EDGE_CURVE('',#952,#952,#857,.T.);
#1151=EDGE_CURVE('',#953,#953,#858,.T.);
#1152=EDGE_CURVE('',#953,#954,#554,.T.);
#1153=EDGE_CURVE('',#954,#954,#859,.T.);
#1154=EDGE_CURVE('',#955,#956,#555,.T.);
#1155=EDGE_CURVE('',#955,#957,#556,.T.);
#1156=EDGE_CURVE('',#958,#957,#557,.T.);
#1157=EDGE_CURVE('',#956,#958,#558,.T.);
#1158=EDGE_CURVE('',#956,#959,#51,.T.);
#1159=EDGE_CURVE('',#960,#958,#860,.T.);
#1160=EDGE_CURVE('',#959,#960,#559,.T.);
#1161=EDGE_CURVE('',#959,#961,#560,.T.);
#1162=EDGE_CURVE('',#962,#960,#561,.T.);
#1163=EDGE_CURVE('',#961,#962,#562,.T.);
#1164=EDGE_CURVE('',#961,#955,#52,.T.);
#1165=EDGE_CURVE('',#957,#962,#861,.T.);
#1166=EDGE_CURVE('',#963,#964,#563,.T.);
#1167=EDGE_CURVE('',#963,#965,#564,.T.);
#1168=EDGE_CURVE('',#966,#965,#565,.T.);
#1169=EDGE_CURVE('',#964,#966,#566,.T.);
#1170=EDGE_CURVE('',#964,#967,#53,.T.);
#1171=EDGE_CURVE('',#968,#966,#862,.T.);
#1172=EDGE_CURVE('',#967,#968,#567,.T.);
#1173=EDGE_CURVE('',#967,#969,#568,.T.);
#1174=EDGE_CURVE('',#970,#968,#569,.T.);
#1175=EDGE_CURVE('',#969,#970,#570,.T.);
#1176=EDGE_CURVE('',#969,#963,#54,.T.);
#1177=EDGE_CURVE('',#965,#970,#863,.T.);
#1178=EDGE_CURVE('',#971,#972,#571,.T.);
#1179=EDGE_CURVE('',#973,#972,#572,.T.);
#1180=EDGE_CURVE('',#974,#973,#573,.T.);
#1181=EDGE_CURVE('',#971,#974,#574,.F.);
#1182=EDGE_CURVE('',#972,#975,#575,.T.);
#1183=EDGE_CURVE('',#975,#976,#576,.T.);
#1184=EDGE_CURVE('',#976,#977,#577,.T.);
#1185=EDGE_CURVE('',#977,#978,#578,.T.);
#1186=EDGE_CURVE('',#978,#979,#579,.T.);
#1187=EDGE_CURVE('',#980,#979,#580,.T.);
#1188=EDGE_CURVE('',#973,#980,#581,.T.);
#1189=EDGE_CURVE('',#977,#981,#582,.T.);
#1190=EDGE_CURVE('',#982,#981,#583,.F.);
#1191=EDGE_CURVE('',#978,#982,#584,.T.);
#1192=EDGE_CURVE('',#982,#983,#585,.F.);
#1193=EDGE_CURVE('',#979,#983,#586,.T.);
#1194=EDGE_CURVE('',#984,#976,#587,.T.);
#1195=EDGE_CURVE('',#981,#984,#588,.F.);
#1196=EDGE_CURVE('',#975,#985,#589,.T.);
#1197=EDGE_CURVE('',#985,#971,#590,.F.);
#1198=EDGE_CURVE('',#984,#985,#591,.T.);
#1199=EDGE_CURVE('',#986,#980,#592,.T.);
#1200=EDGE_CURVE('',#974,#986,#593,.T.);
#1201=EDGE_CURVE('',#983,#986,#594,.F.);
#1202=EDGE_CURVE('',#987,#987,#864,.T.);
#1203=EDGE_CURVE('',#987,#988,#595,.T.);
#1204=EDGE_CURVE('',#988,#988,#865,.T.);
#1205=EDGE_CURVE('',#989,#989,#866,.T.);
#1206=EDGE_CURVE('',#989,#990,#596,.T.);
#1207=EDGE_CURVE('',#990,#990,#867,.T.);
#1208=EDGE_CURVE('',#991,#991,#868,.T.);
#1209=EDGE_CURVE('',#991,#992,#597,.T.);
#1210=EDGE_CURVE('',#992,#992,#869,.T.);
#1211=EDGE_CURVE('',#993,#993,#870,.T.);
#1212=EDGE_CURVE('',#993,#994,#598,.T.);
#1213=EDGE_CURVE('',#994,#994,#871,.T.);
#1214=EDGE_CURVE('',#995,#996,#19,.T.);
#1215=EDGE_CURVE('',#995,#997,#599,.T.);
#1216=EDGE_CURVE('',#998,#997,#872,.T.);
#1217=EDGE_CURVE('',#996,#998,#600,.T.);
#1218=EDGE_CURVE('',#996,#999,#13,.T.);
#1219=EDGE_CURVE('',#1000,#998,#601,.T.);
#1220=EDGE_CURVE('',#999,#1000,#602,.T.);
#1221=EDGE_CURVE('',#999,#1001,#20,.T.);
#1222=EDGE_CURVE('',#1002,#1000,#873,.T.);
#1223=EDGE_CURVE('',#1001,#1002,#603,.T.);
#1224=EDGE_CURVE('',#1001,#1003,#14,.T.);
#1225=EDGE_CURVE('',#997,#1002,#604,.T.);
#1226=EDGE_CURVE('',#1003,#995,#15,.T.);
#1227=EDGE_CURVE('',#1004,#1005,#21,.T.);
#1228=EDGE_CURVE('',#1004,#1006,#605,.T.);
#1229=EDGE_CURVE('',#1007,#1006,#874,.T.);
#1230=EDGE_CURVE('',#1005,#1007,#606,.T.);
#1231=EDGE_CURVE('',#1005,#1008,#16,.T.);
#1232=EDGE_CURVE('',#1009,#1007,#607,.T.);
#1233=EDGE_CURVE('',#1008,#1009,#608,.T.);
#1234=EDGE_CURVE('',#1008,#1010,#22,.T.);
#1235=EDGE_CURVE('',#1011,#1009,#875,.T.);
#1236=EDGE_CURVE('',#1010,#1011,#609,.T.);
#1237=EDGE_CURVE('',#1010,#1012,#17,.T.);
#1238=EDGE_CURVE('',#1006,#1011,#610,.T.);
#1239=EDGE_CURVE('',#1012,#1004,#18,.T.);
#1240=EDGE_CURVE('',#1013,#1013,#876,.T.);
#1241=EDGE_CURVE('',#1013,#1003,#611,.T.);
#1242=EDGE_CURVE('',#1014,#1014,#877,.T.);
#1243=EDGE_CURVE('',#1014,#1013,#612,.T.);
#1244=EDGE_CURVE('',#1015,#1015,#878,.T.);
#1245=EDGE_CURVE('',#1015,#1012,#613,.T.);
#1246=EDGE_CURVE('',#1016,#1016,#879,.T.);
#1247=EDGE_CURVE('',#1016,#1015,#614,.T.);
#1248=EDGE_CURVE('',#1017,#1018,#615,.T.);
#1249=EDGE_CURVE('',#1019,#1017,#616,.T.);
#1250=EDGE_CURVE('',#1019,#1020,#617,.T.);
#1251=EDGE_CURVE('',#1018,#1020,#618,.T.);
#1252=EDGE_CURVE('',#1021,#1022,#619,.T.);
#1253=EDGE_CURVE('',#1020,#1021,#620,.T.);
#1254=EDGE_CURVE('',#1022,#1019,#621,.T.);
#1255=EDGE_CURVE('',#1021,#1023,#622,.T.);
#1256=EDGE_CURVE('',#1024,#1023,#623,.T.);
#1257=EDGE_CURVE('',#1025,#1024,#624,.T.);
#1258=EDGE_CURVE('',#1025,#1026,#625,.T.);
#1259=EDGE_CURVE('',#1026,#1027,#626,.T.);
#1260=EDGE_CURVE('',#1027,#1018,#627,.T.);
#1261=EDGE_CURVE('',#1023,#1028,#628,.T.);
#1262=EDGE_CURVE('',#1028,#1022,#629,.T.);
#1263=EDGE_CURVE('',#1029,#1027,#630,.T.);
#1264=EDGE_CURVE('',#1017,#1029,#631,.T.);
#1265=EDGE_CURVE('',#1026,#1030,#632,.T.);
#1266=EDGE_CURVE('',#1030,#1029,#633,.T.);
#1267=EDGE_CURVE('',#1031,#1025,#634,.F.);
#1268=EDGE_CURVE('',#1032,#1024,#635,.F.);
#1269=EDGE_CURVE('',#1031,#1032,#636,.F.);
#1270=EDGE_CURVE('',#1030,#1031,#637,.T.);
#1271=EDGE_CURVE('',#1028,#1032,#638,.T.);
#1272=EDGE_CURVE('',#1033,#1034,#639,.T.);
#1273=EDGE_CURVE('',#1035,#1034,#640,.T.);
#1274=EDGE_CURVE('',#1036,#1035,#641,.T.);
#1275=EDGE_CURVE('',#1036,#1033,#642,.T.);
#1276=EDGE_CURVE('',#1034,#1037,#643,.T.);
#1277=EDGE_CURVE('',#1038,#1037,#644,.T.);
#1278=EDGE_CURVE('',#1035,#1038,#645,.T.);
#1279=EDGE_CURVE('',#1039,#1039,#55,.T.);
#1280=EDGE_CURVE('',#1039,#1040,#646,.T.);
#1281=EDGE_CURVE('',#1040,#1040,#880,.T.);
#1282=EDGE_CURVE('',#1037,#1041,#647,.T.);
#1283=EDGE_CURVE('',#1042,#1041,#648,.T.);
#1284=EDGE_CURVE('',#1038,#1042,#649,.T.);
#1285=EDGE_CURVE('',#1041,#1033,#650,.T.);
#1286=EDGE_CURVE('',#1042,#1036,#651,.T.);
#1287=ORIENTED_EDGE('',*,*,#1043,.F.);
#1288=ORIENTED_EDGE('',*,*,#1044,.T.);
#1289=ORIENTED_EDGE('',*,*,#1045,.F.);
#1290=ORIENTED_EDGE('',*,*,#1044,.F.);
#1291=ORIENTED_EDGE('',*,*,#1046,.F.);
#1292=ORIENTED_EDGE('',*,*,#1047,.T.);
#1293=ORIENTED_EDGE('',*,*,#1048,.F.);
#1294=ORIENTED_EDGE('',*,*,#1047,.F.);
#1295=ORIENTED_EDGE('',*,*,#1049,.F.);
#1296=ORIENTED_EDGE('',*,*,#1050,.T.);
#1297=ORIENTED_EDGE('',*,*,#1051,.F.);
#1298=ORIENTED_EDGE('',*,*,#1050,.F.);
#1299=ORIENTED_EDGE('',*,*,#1052,.F.);
#1300=ORIENTED_EDGE('',*,*,#1053,.T.);
#1301=ORIENTED_EDGE('',*,*,#1054,.F.);
#1302=ORIENTED_EDGE('',*,*,#1053,.F.);
#1303=ORIENTED_EDGE('',*,*,#1055,.F.);
#1304=ORIENTED_EDGE('',*,*,#1056,.T.);
#1305=ORIENTED_EDGE('',*,*,#1057,.F.);
#1306=ORIENTED_EDGE('',*,*,#1056,.F.);
#1307=ORIENTED_EDGE('',*,*,#1058,.F.);
#1308=ORIENTED_EDGE('',*,*,#1059,.T.);
#1309=ORIENTED_EDGE('',*,*,#1060,.F.);
#1310=ORIENTED_EDGE('',*,*,#1059,.F.);
#1311=ORIENTED_EDGE('',*,*,#1061,.F.);
#1312=ORIENTED_EDGE('',*,*,#1062,.T.);
#1313=ORIENTED_EDGE('',*,*,#1063,.F.);
#1314=ORIENTED_EDGE('',*,*,#1062,.F.);
#1315=ORIENTED_EDGE('',*,*,#1064,.F.);
#1316=ORIENTED_EDGE('',*,*,#1065,.T.);
#1317=ORIENTED_EDGE('',*,*,#1066,.F.);
#1318=ORIENTED_EDGE('',*,*,#1065,.F.);
#1319=ORIENTED_EDGE('',*,*,#1067,.F.);
#1320=ORIENTED_EDGE('',*,*,#1068,.T.);
#1321=ORIENTED_EDGE('',*,*,#1069,.F.);
#1322=ORIENTED_EDGE('',*,*,#1068,.F.);
#1323=ORIENTED_EDGE('',*,*,#1070,.F.);
#1324=ORIENTED_EDGE('',*,*,#1071,.T.);
#1325=ORIENTED_EDGE('',*,*,#1072,.F.);
#1326=ORIENTED_EDGE('',*,*,#1071,.F.);
#1327=ORIENTED_EDGE('',*,*,#1073,.F.);
#1328=ORIENTED_EDGE('',*,*,#1074,.T.);
#1329=ORIENTED_EDGE('',*,*,#1075,.F.);
#1330=ORIENTED_EDGE('',*,*,#1074,.F.);
#1331=ORIENTED_EDGE('',*,*,#1076,.F.);
#1332=ORIENTED_EDGE('',*,*,#1077,.T.);
#1333=ORIENTED_EDGE('',*,*,#1078,.T.);
#1334=ORIENTED_EDGE('',*,*,#1077,.F.);
#1335=ORIENTED_EDGE('',*,*,#1079,.F.);
#1336=ORIENTED_EDGE('',*,*,#1080,.T.);
#1337=ORIENTED_EDGE('',*,*,#1081,.T.);
#1338=ORIENTED_EDGE('',*,*,#1080,.F.);
#1339=ORIENTED_EDGE('',*,*,#1082,.T.);
#1340=ORIENTED_EDGE('',*,*,#1083,.T.);
#1341=ORIENTED_EDGE('',*,*,#1084,.F.);
#1342=ORIENTED_EDGE('',*,*,#1085,.F.);
#1343=ORIENTED_EDGE('',*,*,#1086,.T.);
#1344=ORIENTED_EDGE('',*,*,#1085,.T.);
#1345=ORIENTED_EDGE('',*,*,#1087,.F.);
#1346=ORIENTED_EDGE('',*,*,#1088,.F.);
#1347=ORIENTED_EDGE('',*,*,#1089,.T.);
#1348=ORIENTED_EDGE('',*,*,#1088,.T.);
#1349=ORIENTED_EDGE('',*,*,#1090,.F.);
#1350=ORIENTED_EDGE('',*,*,#1091,.F.);
#1351=ORIENTED_EDGE('',*,*,#1092,.T.);
#1352=ORIENTED_EDGE('',*,*,#1091,.T.);
#1353=ORIENTED_EDGE('',*,*,#1093,.F.);
#1354=ORIENTED_EDGE('',*,*,#1083,.F.);
#1355=ORIENTED_EDGE('',*,*,#1093,.T.);
#1356=ORIENTED_EDGE('',*,*,#1090,.T.);
#1357=ORIENTED_EDGE('',*,*,#1087,.T.);
#1358=ORIENTED_EDGE('',*,*,#1084,.T.);
#1359=ORIENTED_EDGE('',*,*,#1043,.T.);
#1360=ORIENTED_EDGE('',*,*,#1046,.T.);
#1361=ORIENTED_EDGE('',*,*,#1049,.T.);
#1362=ORIENTED_EDGE('',*,*,#1052,.T.);
#1363=ORIENTED_EDGE('',*,*,#1055,.T.);
#1364=ORIENTED_EDGE('',*,*,#1058,.T.);
#1365=ORIENTED_EDGE('',*,*,#1061,.T.);
#1366=ORIENTED_EDGE('',*,*,#1064,.T.);
#1367=ORIENTED_EDGE('',*,*,#1067,.T.);
#1368=ORIENTED_EDGE('',*,*,#1070,.T.);
#1369=ORIENTED_EDGE('',*,*,#1073,.T.);
#1370=ORIENTED_EDGE('',*,*,#1079,.T.);
#1371=ORIENTED_EDGE('',*,*,#1076,.T.);
#1372=ORIENTED_EDGE('',*,*,#1092,.F.);
#1373=ORIENTED_EDGE('',*,*,#1082,.F.);
#1374=ORIENTED_EDGE('',*,*,#1086,.F.);
#1375=ORIENTED_EDGE('',*,*,#1089,.F.);
#1376=ORIENTED_EDGE('',*,*,#1045,.T.);
#1377=ORIENTED_EDGE('',*,*,#1048,.T.);
#1378=ORIENTED_EDGE('',*,*,#1051,.T.);
#1379=ORIENTED_EDGE('',*,*,#1054,.T.);
#1380=ORIENTED_EDGE('',*,*,#1057,.T.);
#1381=ORIENTED_EDGE('',*,*,#1060,.T.);
#1382=ORIENTED_EDGE('',*,*,#1063,.T.);
#1383=ORIENTED_EDGE('',*,*,#1066,.T.);
#1384=ORIENTED_EDGE('',*,*,#1069,.T.);
#1385=ORIENTED_EDGE('',*,*,#1072,.T.);
#1386=ORIENTED_EDGE('',*,*,#1075,.T.);
#1387=ORIENTED_EDGE('',*,*,#1081,.F.);
#1388=ORIENTED_EDGE('',*,*,#1078,.F.);
#1389=ORIENTED_EDGE('',*,*,#1094,.F.);
#1390=ORIENTED_EDGE('',*,*,#1095,.T.);
#1391=ORIENTED_EDGE('',*,*,#1096,.F.);
#1392=ORIENTED_EDGE('',*,*,#1095,.F.);
#1393=ORIENTED_EDGE('',*,*,#1097,.F.);
#1394=ORIENTED_EDGE('',*,*,#1098,.T.);
#1395=ORIENTED_EDGE('',*,*,#1099,.F.);
#1396=ORIENTED_EDGE('',*,*,#1098,.F.);
#1397=ORIENTED_EDGE('',*,*,#1100,.F.);
#1398=ORIENTED_EDGE('',*,*,#1101,.T.);
#1399=ORIENTED_EDGE('',*,*,#1102,.F.);
#1400=ORIENTED_EDGE('',*,*,#1101,.F.);
#1401=ORIENTED_EDGE('',*,*,#1103,.F.);
#1402=ORIENTED_EDGE('',*,*,#1104,.T.);
#1403=ORIENTED_EDGE('',*,*,#1105,.F.);
#1404=ORIENTED_EDGE('',*,*,#1104,.F.);
#1405=ORIENTED_EDGE('',*,*,#1106,.F.);
#1406=ORIENTED_EDGE('',*,*,#1107,.T.);
#1407=ORIENTED_EDGE('',*,*,#1108,.T.);
#1408=ORIENTED_EDGE('',*,*,#1107,.F.);
#1409=ORIENTED_EDGE('',*,*,#1108,.F.);
#1410=ORIENTED_EDGE('',*,*,#1109,.F.);
#1411=ORIENTED_EDGE('',*,*,#1110,.F.);
#1412=ORIENTED_EDGE('',*,*,#1111,.T.);
#1413=ORIENTED_EDGE('',*,*,#1112,.T.);
#1414=ORIENTED_EDGE('',*,*,#1111,.F.);
#1415=ORIENTED_EDGE('',*,*,#1112,.F.);
#1416=ORIENTED_EDGE('',*,*,#1113,.F.);
#1417=ORIENTED_EDGE('',*,*,#1114,.F.);
#1418=ORIENTED_EDGE('',*,*,#1115,.T.);
#1419=ORIENTED_EDGE('',*,*,#1116,.T.);
#1420=ORIENTED_EDGE('',*,*,#1115,.F.);
#1421=ORIENTED_EDGE('',*,*,#1116,.F.);
#1422=ORIENTED_EDGE('',*,*,#1117,.F.);
#1423=ORIENTED_EDGE('',*,*,#1109,.T.);
#1424=ORIENTED_EDGE('',*,*,#1118,.T.);
#1425=ORIENTED_EDGE('',*,*,#1119,.F.);
#1426=ORIENTED_EDGE('',*,*,#1118,.F.);
#1427=ORIENTED_EDGE('',*,*,#1113,.T.);
#1428=ORIENTED_EDGE('',*,*,#1120,.T.);
#1429=ORIENTED_EDGE('',*,*,#1121,.F.);
#1430=ORIENTED_EDGE('',*,*,#1120,.F.);
#1431=ORIENTED_EDGE('',*,*,#1117,.T.);
#1432=ORIENTED_EDGE('',*,*,#1122,.T.);
#1433=ORIENTED_EDGE('',*,*,#1123,.F.);
#1434=ORIENTED_EDGE('',*,*,#1122,.F.);
#1435=ORIENTED_EDGE('',*,*,#1124,.F.);
#1436=ORIENTED_EDGE('',*,*,#1125,.F.);
#1437=ORIENTED_EDGE('',*,*,#1126,.T.);
#1438=ORIENTED_EDGE('',*,*,#1127,.F.);
#1439=ORIENTED_EDGE('',*,*,#1128,.F.);
#1440=ORIENTED_EDGE('',*,*,#1126,.F.);
#1441=ORIENTED_EDGE('',*,*,#1129,.F.);
#1442=ORIENTED_EDGE('',*,*,#1130,.F.);
#1443=ORIENTED_EDGE('',*,*,#1094,.T.);
#1444=ORIENTED_EDGE('',*,*,#1097,.T.);
#1445=ORIENTED_EDGE('',*,*,#1100,.T.);
#1446=ORIENTED_EDGE('',*,*,#1103,.T.);
#1447=ORIENTED_EDGE('',*,*,#1127,.T.);
#1448=ORIENTED_EDGE('',*,*,#1128,.T.);
#1449=ORIENTED_EDGE('',*,*,#1131,.T.);
#1450=ORIENTED_EDGE('',*,*,#1132,.F.);
#1451=ORIENTED_EDGE('',*,*,#1133,.F.);
#1452=ORIENTED_EDGE('',*,*,#1134,.T.);
#1453=ORIENTED_EDGE('',*,*,#1135,.T.);
#1454=ORIENTED_EDGE('',*,*,#1136,.T.);
#1455=ORIENTED_EDGE('',*,*,#1137,.F.);
#1456=ORIENTED_EDGE('',*,*,#1131,.F.);
#1457=ORIENTED_EDGE('',*,*,#1130,.T.);
#1458=ORIENTED_EDGE('',*,*,#1138,.F.);
#1459=ORIENTED_EDGE('',*,*,#1124,.T.);
#1460=ORIENTED_EDGE('',*,*,#1136,.F.);
#1461=ORIENTED_EDGE('',*,*,#1139,.F.);
#1462=ORIENTED_EDGE('',*,*,#1140,.F.);
#1463=ORIENTED_EDGE('',*,*,#1139,.T.);
#1464=ORIENTED_EDGE('',*,*,#1135,.F.);
#1465=ORIENTED_EDGE('',*,*,#1141,.T.);
#1466=ORIENTED_EDGE('',*,*,#1142,.T.);
#1467=ORIENTED_EDGE('',*,*,#1143,.T.);
#1468=ORIENTED_EDGE('',*,*,#1133,.T.);
#1469=ORIENTED_EDGE('',*,*,#1144,.F.);
#1470=ORIENTED_EDGE('',*,*,#1145,.F.);
#1471=ORIENTED_EDGE('',*,*,#1125,.T.);
#1472=ORIENTED_EDGE('',*,*,#1140,.T.);
#1473=ORIENTED_EDGE('',*,*,#1142,.F.);
#1474=ORIENTED_EDGE('',*,*,#1146,.T.);
#1475=ORIENTED_EDGE('',*,*,#1145,.T.);
#1476=ORIENTED_EDGE('',*,*,#1147,.F.);
#1477=ORIENTED_EDGE('',*,*,#1138,.T.);
#1478=ORIENTED_EDGE('',*,*,#1129,.T.);
#1479=ORIENTED_EDGE('',*,*,#1137,.T.);
#1480=ORIENTED_EDGE('',*,*,#1147,.T.);
#1481=ORIENTED_EDGE('',*,*,#1144,.T.);
#1482=ORIENTED_EDGE('',*,*,#1132,.T.);
#1483=ORIENTED_EDGE('',*,*,#1106,.T.);
#1484=ORIENTED_EDGE('',*,*,#1110,.T.);
#1485=ORIENTED_EDGE('',*,*,#1114,.T.);
#1486=ORIENTED_EDGE('',*,*,#1134,.F.);
#1487=ORIENTED_EDGE('',*,*,#1143,.F.);
#1488=ORIENTED_EDGE('',*,*,#1146,.F.);
#1489=ORIENTED_EDGE('',*,*,#1141,.F.);
#1490=ORIENTED_EDGE('',*,*,#1096,.T.);
#1491=ORIENTED_EDGE('',*,*,#1099,.T.);
#1492=ORIENTED_EDGE('',*,*,#1102,.T.);
#1493=ORIENTED_EDGE('',*,*,#1105,.T.);
#1494=ORIENTED_EDGE('',*,*,#1119,.T.);
#1495=ORIENTED_EDGE('',*,*,#1121,.T.);
#1496=ORIENTED_EDGE('',*,*,#1123,.T.);
#1497=ORIENTED_EDGE('',*,*,#1148,.F.);
#1498=ORIENTED_EDGE('',*,*,#1149,.T.);
#1499=ORIENTED_EDGE('',*,*,#1150,.F.);
#1500=ORIENTED_EDGE('',*,*,#1149,.F.);
#1501=ORIENTED_EDGE('',*,*,#1151,.F.);
#1502=ORIENTED_EDGE('',*,*,#1152,.T.);
#1503=ORIENTED_EDGE('',*,*,#1153,.F.);
#1504=ORIENTED_EDGE('',*,*,#1152,.F.);
#1505=ORIENTED_EDGE('',*,*,#1154,.F.);
#1506=ORIENTED_EDGE('',*,*,#1155,.T.);
#1507=ORIENTED_EDGE('',*,*,#1156,.F.);
#1508=ORIENTED_EDGE('',*,*,#1157,.F.);
#1509=ORIENTED_EDGE('',*,*,#1158,.F.);
#1510=ORIENTED_EDGE('',*,*,#1157,.T.);
#1511=ORIENTED_EDGE('',*,*,#1159,.F.);
#1512=ORIENTED_EDGE('',*,*,#1160,.F.);
#1513=ORIENTED_EDGE('',*,*,#1161,.F.);
#1514=ORIENTED_EDGE('',*,*,#1160,.T.);
#1515=ORIENTED_EDGE('',*,*,#1162,.F.);
#1516=ORIENTED_EDGE('',*,*,#1163,.F.);
#1517=ORIENTED_EDGE('',*,*,#1164,.F.);
#1518=ORIENTED_EDGE('',*,*,#1163,.T.);
#1519=ORIENTED_EDGE('',*,*,#1165,.F.);
#1520=ORIENTED_EDGE('',*,*,#1155,.F.);
#1521=ORIENTED_EDGE('',*,*,#1166,.F.);
#1522=ORIENTED_EDGE('',*,*,#1167,.T.);
#1523=ORIENTED_EDGE('',*,*,#1168,.F.);
#1524=ORIENTED_EDGE('',*,*,#1169,.F.);
#1525=ORIENTED_EDGE('',*,*,#1170,.F.);
#1526=ORIENTED_EDGE('',*,*,#1169,.T.);
#1527=ORIENTED_EDGE('',*,*,#1171,.F.);
#1528=ORIENTED_EDGE('',*,*,#1172,.F.);
#1529=ORIENTED_EDGE('',*,*,#1173,.F.);
#1530=ORIENTED_EDGE('',*,*,#1172,.T.);
#1531=ORIENTED_EDGE('',*,*,#1174,.F.);
#1532=ORIENTED_EDGE('',*,*,#1175,.F.);
#1533=ORIENTED_EDGE('',*,*,#1176,.F.);
#1534=ORIENTED_EDGE('',*,*,#1175,.T.);
#1535=ORIENTED_EDGE('',*,*,#1177,.F.);
#1536=ORIENTED_EDGE('',*,*,#1167,.F.);
#1537=ORIENTED_EDGE('',*,*,#1178,.T.);
#1538=ORIENTED_EDGE('',*,*,#1179,.F.);
#1539=ORIENTED_EDGE('',*,*,#1180,.F.);
#1540=ORIENTED_EDGE('',*,*,#1181,.F.);
#1541=ORIENTED_EDGE('',*,*,#1173,.T.);
#1542=ORIENTED_EDGE('',*,*,#1176,.T.);
#1543=ORIENTED_EDGE('',*,*,#1166,.T.);
#1544=ORIENTED_EDGE('',*,*,#1170,.T.);
#1545=ORIENTED_EDGE('',*,*,#1179,.T.);
#1546=ORIENTED_EDGE('',*,*,#1182,.T.);
#1547=ORIENTED_EDGE('',*,*,#1183,.T.);
#1548=ORIENTED_EDGE('',*,*,#1184,.T.);
#1549=ORIENTED_EDGE('',*,*,#1185,.T.);
#1550=ORIENTED_EDGE('',*,*,#1186,.T.);
#1551=ORIENTED_EDGE('',*,*,#1187,.F.);
#1552=ORIENTED_EDGE('',*,*,#1188,.F.);
#1553=ORIENTED_EDGE('',*,*,#1189,.T.);
#1554=ORIENTED_EDGE('',*,*,#1190,.F.);
#1555=ORIENTED_EDGE('',*,*,#1191,.F.);
#1556=ORIENTED_EDGE('',*,*,#1185,.F.);
#1557=ORIENTED_EDGE('',*,*,#1161,.T.);
#1558=ORIENTED_EDGE('',*,*,#1164,.T.);
#1559=ORIENTED_EDGE('',*,*,#1154,.T.);
#1560=ORIENTED_EDGE('',*,*,#1158,.T.);
#1561=ORIENTED_EDGE('',*,*,#1191,.T.);
#1562=ORIENTED_EDGE('',*,*,#1192,.T.);
#1563=ORIENTED_EDGE('',*,*,#1193,.F.);
#1564=ORIENTED_EDGE('',*,*,#1186,.F.);
#1565=ORIENTED_EDGE('',*,*,#1194,.F.);
#1566=ORIENTED_EDGE('',*,*,#1195,.F.);
#1567=ORIENTED_EDGE('',*,*,#1189,.F.);
#1568=ORIENTED_EDGE('',*,*,#1184,.F.);
#1569=ORIENTED_EDGE('',*,*,#1196,.F.);
#1570=ORIENTED_EDGE('',*,*,#1182,.F.);
#1571=ORIENTED_EDGE('',*,*,#1178,.F.);
#1572=ORIENTED_EDGE('',*,*,#1197,.F.);
#1573=ORIENTED_EDGE('',*,*,#1194,.T.);
#1574=ORIENTED_EDGE('',*,*,#1183,.F.);
#1575=ORIENTED_EDGE('',*,*,#1196,.T.);
#1576=ORIENTED_EDGE('',*,*,#1198,.F.);
#1577=ORIENTED_EDGE('',*,*,#1148,.T.);
#1578=ORIENTED_EDGE('',*,*,#1151,.T.);
#1579=ORIENTED_EDGE('',*,*,#1180,.T.);
#1580=ORIENTED_EDGE('',*,*,#1188,.T.);
#1581=ORIENTED_EDGE('',*,*,#1199,.F.);
#1582=ORIENTED_EDGE('',*,*,#1200,.F.);
#1583=ORIENTED_EDGE('',*,*,#1195,.T.);
#1584=ORIENTED_EDGE('',*,*,#1198,.T.);
#1585=ORIENTED_EDGE('',*,*,#1197,.T.);
#1586=ORIENTED_EDGE('',*,*,#1181,.T.);
#1587=ORIENTED_EDGE('',*,*,#1200,.T.);
#1588=ORIENTED_EDGE('',*,*,#1201,.F.);
#1589=ORIENTED_EDGE('',*,*,#1192,.F.);
#1590=ORIENTED_EDGE('',*,*,#1190,.T.);
#1591=ORIENTED_EDGE('',*,*,#1187,.T.);
#1592=ORIENTED_EDGE('',*,*,#1193,.T.);
#1593=ORIENTED_EDGE('',*,*,#1201,.T.);
#1594=ORIENTED_EDGE('',*,*,#1199,.T.);
#1595=ORIENTED_EDGE('',*,*,#1150,.T.);
#1596=ORIENTED_EDGE('',*,*,#1153,.T.);
#1597=ORIENTED_EDGE('',*,*,#1162,.T.);
#1598=ORIENTED_EDGE('',*,*,#1159,.T.);
#1599=ORIENTED_EDGE('',*,*,#1156,.T.);
#1600=ORIENTED_EDGE('',*,*,#1165,.T.);
#1601=ORIENTED_EDGE('',*,*,#1174,.T.);
#1602=ORIENTED_EDGE('',*,*,#1171,.T.);
#1603=ORIENTED_EDGE('',*,*,#1168,.T.);
#1604=ORIENTED_EDGE('',*,*,#1177,.T.);
#1605=ORIENTED_EDGE('',*,*,#1202,.F.);
#1606=ORIENTED_EDGE('',*,*,#1203,.T.);
#1607=ORIENTED_EDGE('',*,*,#1204,.F.);
#1608=ORIENTED_EDGE('',*,*,#1203,.F.);
#1609=ORIENTED_EDGE('',*,*,#1205,.F.);
#1610=ORIENTED_EDGE('',*,*,#1206,.T.);
#1611=ORIENTED_EDGE('',*,*,#1207,.F.);
#1612=ORIENTED_EDGE('',*,*,#1206,.F.);
#1613=ORIENTED_EDGE('',*,*,#1208,.F.);
#1614=ORIENTED_EDGE('',*,*,#1209,.T.);
#1615=ORIENTED_EDGE('',*,*,#1210,.F.);
#1616=ORIENTED_EDGE('',*,*,#1209,.F.);
#1617=ORIENTED_EDGE('',*,*,#1211,.F.);
#1618=ORIENTED_EDGE('',*,*,#1212,.T.);
#1619=ORIENTED_EDGE('',*,*,#1213,.F.);
#1620=ORIENTED_EDGE('',*,*,#1212,.F.);
#1621=ORIENTED_EDGE('',*,*,#1214,.F.);
#1622=ORIENTED_EDGE('',*,*,#1215,.T.);
#1623=ORIENTED_EDGE('',*,*,#1216,.F.);
#1624=ORIENTED_EDGE('',*,*,#1217,.F.);
#1625=ORIENTED_EDGE('',*,*,#1218,.F.);
#1626=ORIENTED_EDGE('',*,*,#1217,.T.);
#1627=ORIENTED_EDGE('',*,*,#1219,.F.);
#1628=ORIENTED_EDGE('',*,*,#1220,.F.);
#1629=ORIENTED_EDGE('',*,*,#1221,.F.);
#1630=ORIENTED_EDGE('',*,*,#1220,.T.);
#1631=ORIENTED_EDGE('',*,*,#1222,.F.);
#1632=ORIENTED_EDGE('',*,*,#1223,.F.);
#1633=ORIENTED_EDGE('',*,*,#1224,.F.);
#1634=ORIENTED_EDGE('',*,*,#1223,.T.);
#1635=ORIENTED_EDGE('',*,*,#1225,.F.);
#1636=ORIENTED_EDGE('',*,*,#1215,.F.);
#1637=ORIENTED_EDGE('',*,*,#1226,.F.);
#1638=ORIENTED_EDGE('',*,*,#1227,.F.);
#1639=ORIENTED_EDGE('',*,*,#1228,.T.);
#1640=ORIENTED_EDGE('',*,*,#1229,.F.);
#1641=ORIENTED_EDGE('',*,*,#1230,.F.);
#1642=ORIENTED_EDGE('',*,*,#1231,.F.);
#1643=ORIENTED_EDGE('',*,*,#1230,.T.);
#1644=ORIENTED_EDGE('',*,*,#1232,.F.);
#1645=ORIENTED_EDGE('',*,*,#1233,.F.);
#1646=ORIENTED_EDGE('',*,*,#1234,.F.);
#1647=ORIENTED_EDGE('',*,*,#1233,.T.);
#1648=ORIENTED_EDGE('',*,*,#1235,.F.);
#1649=ORIENTED_EDGE('',*,*,#1236,.F.);
#1650=ORIENTED_EDGE('',*,*,#1237,.F.);
#1651=ORIENTED_EDGE('',*,*,#1236,.T.);
#1652=ORIENTED_EDGE('',*,*,#1238,.F.);
#1653=ORIENTED_EDGE('',*,*,#1228,.F.);
#1654=ORIENTED_EDGE('',*,*,#1239,.F.);
#1655=ORIENTED_EDGE('',*,*,#1240,.F.);
#1656=ORIENTED_EDGE('',*,*,#1241,.T.);
#1657=ORIENTED_EDGE('',*,*,#1226,.T.);
#1658=ORIENTED_EDGE('',*,*,#1214,.T.);
#1659=ORIENTED_EDGE('',*,*,#1218,.T.);
#1660=ORIENTED_EDGE('',*,*,#1221,.T.);
#1661=ORIENTED_EDGE('',*,*,#1224,.T.);
#1662=ORIENTED_EDGE('',*,*,#1241,.F.);
#1663=ORIENTED_EDGE('',*,*,#1242,.F.);
#1664=ORIENTED_EDGE('',*,*,#1243,.T.);
#1665=ORIENTED_EDGE('',*,*,#1240,.T.);
#1666=ORIENTED_EDGE('',*,*,#1243,.F.);
#1667=ORIENTED_EDGE('',*,*,#1244,.F.);
#1668=ORIENTED_EDGE('',*,*,#1245,.T.);
#1669=ORIENTED_EDGE('',*,*,#1239,.T.);
#1670=ORIENTED_EDGE('',*,*,#1227,.T.);
#1671=ORIENTED_EDGE('',*,*,#1231,.T.);
#1672=ORIENTED_EDGE('',*,*,#1234,.T.);
#1673=ORIENTED_EDGE('',*,*,#1237,.T.);
#1674=ORIENTED_EDGE('',*,*,#1245,.F.);
#1675=ORIENTED_EDGE('',*,*,#1246,.F.);
#1676=ORIENTED_EDGE('',*,*,#1247,.T.);
#1677=ORIENTED_EDGE('',*,*,#1244,.T.);
#1678=ORIENTED_EDGE('',*,*,#1247,.F.);
#1679=ORIENTED_EDGE('',*,*,#1248,.F.);
#1680=ORIENTED_EDGE('',*,*,#1249,.F.);
#1681=ORIENTED_EDGE('',*,*,#1250,.T.);
#1682=ORIENTED_EDGE('',*,*,#1251,.F.);
#1683=ORIENTED_EDGE('',*,*,#1252,.F.);
#1684=ORIENTED_EDGE('',*,*,#1253,.F.);
#1685=ORIENTED_EDGE('',*,*,#1250,.F.);
#1686=ORIENTED_EDGE('',*,*,#1254,.F.);
#1687=ORIENTED_EDGE('',*,*,#1202,.T.);
#1688=ORIENTED_EDGE('',*,*,#1205,.T.);
#1689=ORIENTED_EDGE('',*,*,#1208,.T.);
#1690=ORIENTED_EDGE('',*,*,#1211,.T.);
#1691=ORIENTED_EDGE('',*,*,#1251,.T.);
#1692=ORIENTED_EDGE('',*,*,#1253,.T.);
#1693=ORIENTED_EDGE('',*,*,#1255,.T.);
#1694=ORIENTED_EDGE('',*,*,#1256,.F.);
#1695=ORIENTED_EDGE('',*,*,#1257,.F.);
#1696=ORIENTED_EDGE('',*,*,#1258,.T.);
#1697=ORIENTED_EDGE('',*,*,#1259,.T.);
#1698=ORIENTED_EDGE('',*,*,#1260,.T.);
#1699=ORIENTED_EDGE('',*,*,#1261,.F.);
#1700=ORIENTED_EDGE('',*,*,#1255,.F.);
#1701=ORIENTED_EDGE('',*,*,#1252,.T.);
#1702=ORIENTED_EDGE('',*,*,#1262,.F.);
#1703=ORIENTED_EDGE('',*,*,#1248,.T.);
#1704=ORIENTED_EDGE('',*,*,#1260,.F.);
#1705=ORIENTED_EDGE('',*,*,#1263,.F.);
#1706=ORIENTED_EDGE('',*,*,#1264,.F.);
#1707=ORIENTED_EDGE('',*,*,#1263,.T.);
#1708=ORIENTED_EDGE('',*,*,#1259,.F.);
#1709=ORIENTED_EDGE('',*,*,#1265,.T.);
#1710=ORIENTED_EDGE('',*,*,#1266,.T.);
#1711=ORIENTED_EDGE('',*,*,#1267,.T.);
#1712=ORIENTED_EDGE('',*,*,#1257,.T.);
#1713=ORIENTED_EDGE('',*,*,#1268,.F.);
#1714=ORIENTED_EDGE('',*,*,#1269,.F.);
#1715=ORIENTED_EDGE('',*,*,#1249,.T.);
#1716=ORIENTED_EDGE('',*,*,#1264,.T.);
#1717=ORIENTED_EDGE('',*,*,#1266,.F.);
#1718=ORIENTED_EDGE('',*,*,#1270,.T.);
#1719=ORIENTED_EDGE('',*,*,#1269,.T.);
#1720=ORIENTED_EDGE('',*,*,#1271,.F.);
#1721=ORIENTED_EDGE('',*,*,#1262,.T.);
#1722=ORIENTED_EDGE('',*,*,#1254,.T.);
#1723=ORIENTED_EDGE('',*,*,#1261,.T.);
#1724=ORIENTED_EDGE('',*,*,#1271,.T.);
#1725=ORIENTED_EDGE('',*,*,#1268,.T.);
#1726=ORIENTED_EDGE('',*,*,#1256,.T.);
#1727=ORIENTED_EDGE('',*,*,#1242,.T.);
#1728=ORIENTED_EDGE('',*,*,#1246,.T.);
#1729=ORIENTED_EDGE('',*,*,#1270,.F.);
#1730=ORIENTED_EDGE('',*,*,#1265,.F.);
#1731=ORIENTED_EDGE('',*,*,#1258,.F.);
#1732=ORIENTED_EDGE('',*,*,#1267,.F.);
#1733=ORIENTED_EDGE('',*,*,#1204,.T.);
#1734=ORIENTED_EDGE('',*,*,#1207,.T.);
#1735=ORIENTED_EDGE('',*,*,#1210,.T.);
#1736=ORIENTED_EDGE('',*,*,#1213,.T.);
#1737=ORIENTED_EDGE('',*,*,#1222,.T.);
#1738=ORIENTED_EDGE('',*,*,#1219,.T.);
#1739=ORIENTED_EDGE('',*,*,#1216,.T.);
#1740=ORIENTED_EDGE('',*,*,#1225,.T.);
#1741=ORIENTED_EDGE('',*,*,#1235,.T.);
#1742=ORIENTED_EDGE('',*,*,#1232,.T.);
#1743=ORIENTED_EDGE('',*,*,#1229,.T.);
#1744=ORIENTED_EDGE('',*,*,#1238,.T.);
#1745=ORIENTED_EDGE('',*,*,#1272,.T.);
#1746=ORIENTED_EDGE('',*,*,#1273,.F.);
#1747=ORIENTED_EDGE('',*,*,#1274,.F.);
#1748=ORIENTED_EDGE('',*,*,#1275,.T.);
#1749=ORIENTED_EDGE('',*,*,#1276,.T.);
#1750=ORIENTED_EDGE('',*,*,#1277,.F.);
#1751=ORIENTED_EDGE('',*,*,#1278,.F.);
#1752=ORIENTED_EDGE('',*,*,#1273,.T.);
#1753=ORIENTED_EDGE('',*,*,#1279,.T.);
#1754=ORIENTED_EDGE('',*,*,#1280,.T.);
#1755=ORIENTED_EDGE('',*,*,#1281,.T.);
#1756=ORIENTED_EDGE('',*,*,#1280,.F.);
#1757=ORIENTED_EDGE('',*,*,#1282,.T.);
#1758=ORIENTED_EDGE('',*,*,#1283,.F.);
#1759=ORIENTED_EDGE('',*,*,#1284,.F.);
#1760=ORIENTED_EDGE('',*,*,#1277,.T.);
#1761=ORIENTED_EDGE('',*,*,#1285,.T.);
#1762=ORIENTED_EDGE('',*,*,#1275,.F.);
#1763=ORIENTED_EDGE('',*,*,#1286,.F.);
#1764=ORIENTED_EDGE('',*,*,#1283,.T.);
#1765=ORIENTED_EDGE('',*,*,#1278,.T.);
#1766=ORIENTED_EDGE('',*,*,#1284,.T.);
#1767=ORIENTED_EDGE('',*,*,#1286,.T.);
#1768=ORIENTED_EDGE('',*,*,#1274,.T.);
#1769=ORIENTED_EDGE('',*,*,#1281,.F.);
#1770=ORIENTED_EDGE('',*,*,#1282,.F.);
#1771=ORIENTED_EDGE('',*,*,#1276,.F.);
#1772=ORIENTED_EDGE('',*,*,#1272,.F.);
#1773=ORIENTED_EDGE('',*,*,#1285,.F.);
#1774=ORIENTED_EDGE('',*,*,#1279,.F.);
#1775=CYLINDRICAL_SURFACE('',#1917,3.);
#1776=CYLINDRICAL_SURFACE('',#1920,3.);
#1777=CYLINDRICAL_SURFACE('',#1923,3.00000000000001);
#1778=CYLINDRICAL_SURFACE('',#1926,3.00000000000001);
#1779=CYLINDRICAL_SURFACE('',#1929,3.);
#1780=CYLINDRICAL_SURFACE('',#1932,3.);
#1781=CYLINDRICAL_SURFACE('',#1935,3.00000000000001);
#1782=CYLINDRICAL_SURFACE('',#1938,3.00000000000001);
#1783=CYLINDRICAL_SURFACE('',#1941,2.5);
#1784=CYLINDRICAL_SURFACE('',#1944,2.5);
#1785=CYLINDRICAL_SURFACE('',#1947,2.5);
#1786=CYLINDRICAL_SURFACE('',#1950,4.);
#1787=CYLINDRICAL_SURFACE('',#1953,4.);
#1788=CYLINDRICAL_SURFACE('',#1963,2.1);
#1789=CYLINDRICAL_SURFACE('',#1966,2.1);
#1790=CYLINDRICAL_SURFACE('',#1969,2.1);
#1791=CYLINDRICAL_SURFACE('',#1972,2.09999999999999);
#1792=CYLINDRICAL_SURFACE('',#1975,5.5);
#1793=CYLINDRICAL_SURFACE('',#1980,5.5);
#1794=CYLINDRICAL_SURFACE('',#1985,5.50000000000001);
#1795=CYLINDRICAL_SURFACE('',#1990,3.25);
#1796=CYLINDRICAL_SURFACE('',#1992,3.25);
#1797=CYLINDRICAL_SURFACE('',#1994,3.24999999999999);
#1798=CYLINDRICAL_SURFACE('',#2008,4.25);
#1799=CYLINDRICAL_SURFACE('',#2011,4.25);
#1800=CYLINDRICAL_SURFACE('',#2015,3.15000000000001);
#1801=CYLINDRICAL_SURFACE('',#2019,3.15);
#1802=CYLINDRICAL_SURFACE('',#2023,3.15000000000001);
#1803=CYLINDRICAL_SURFACE('',#2027,3.15000000000001);
#1804=CYLINDRICAL_SURFACE('',#2042,2.09999999999999);
#1805=CYLINDRICAL_SURFACE('',#2045,2.09999999999999);
#1806=CYLINDRICAL_SURFACE('',#2048,2.09999999999999);
#1807=CYLINDRICAL_SURFACE('',#2051,2.09999999999999);
#1808=CYLINDRICAL_SURFACE('',#2054,5.1);
#1809=CYLINDRICAL_SURFACE('',#2057,5.1);
#1810=CYLINDRICAL_SURFACE('',#2060,5.10000000000002);
#1811=CYLINDRICAL_SURFACE('',#2063,5.1);
#1812=CYLINDRICAL_SURFACE('',#2068,10.25);
#1813=CYLINDRICAL_SURFACE('',#2072,10.25);
#1814=CYLINDRICAL_SURFACE('',#2087,3.);
#1815=ADVANCED_FACE('',(#239),#1775,.F.);
#1816=ADVANCED_FACE('',(#240),#1776,.F.);
#1817=ADVANCED_FACE('',(#241),#1777,.F.);
#1818=ADVANCED_FACE('',(#242),#1778,.F.);
#1819=ADVANCED_FACE('',(#243),#1779,.F.);
#1820=ADVANCED_FACE('',(#244),#1780,.F.);
#1821=ADVANCED_FACE('',(#245),#1781,.F.);
#1822=ADVANCED_FACE('',(#246),#1782,.F.);
#1823=ADVANCED_FACE('',(#247),#1783,.F.);
#1824=ADVANCED_FACE('',(#248),#1784,.F.);
#1825=ADVANCED_FACE('',(#249),#1785,.F.);
#1826=ADVANCED_FACE('',(#250),#1786,.F.);
#1827=ADVANCED_FACE('',(#251),#1787,.F.);
#1828=ADVANCED_FACE('',(#252),#186,.T.);
#1829=ADVANCED_FACE('',(#253),#187,.T.);
#1830=ADVANCED_FACE('',(#254),#188,.T.);
#1831=ADVANCED_FACE('',(#255),#189,.T.);
#1832=ADVANCED_FACE('',(#256,#121,#122,#123,#124,#125,#126,#127,#128,#129,
#130,#131,#132,#133),#190,.T.);
#1833=ADVANCED_FACE('',(#257,#134,#135,#136,#137,#138,#139,#140,#141,#142,
#143,#144,#145,#146),#191,.F.);
#1834=ADVANCED_FACE('',(#258),#1788,.F.);
#1835=ADVANCED_FACE('',(#259),#1789,.F.);
#1836=ADVANCED_FACE('',(#260),#1790,.F.);
#1837=ADVANCED_FACE('',(#261),#1791,.F.);
#1838=ADVANCED_FACE('',(#262),#1792,.F.);
#1839=ADVANCED_FACE('',(#263,#147),#192,.T.);
#1840=ADVANCED_FACE('',(#264),#1793,.F.);
#1841=ADVANCED_FACE('',(#265,#148),#193,.T.);
#1842=ADVANCED_FACE('',(#266),#1794,.F.);
#1843=ADVANCED_FACE('',(#267,#149),#194,.T.);
#1844=ADVANCED_FACE('',(#268),#1795,.F.);
#1845=ADVANCED_FACE('',(#269),#1796,.F.);
#1846=ADVANCED_FACE('',(#270),#1797,.F.);
#1847=ADVANCED_FACE('',(#271),#195,.F.);
#1848=ADVANCED_FACE('',(#272,#150,#151,#152,#153),#196,.F.);
#1849=ADVANCED_FACE('',(#273),#197,.T.);
#1850=ADVANCED_FACE('',(#274),#198,.F.);
#1851=ADVANCED_FACE('',(#275),#199,.F.);
#1852=ADVANCED_FACE('',(#276),#200,.T.);
#1853=ADVANCED_FACE('',(#277),#201,.T.);
#1854=ADVANCED_FACE('',(#278),#202,.T.);
#1855=ADVANCED_FACE('',(#279,#154,#155,#156),#203,.T.);
#1856=ADVANCED_FACE('',(#280,#157,#158,#159,#160,#161,#162,#163),#204,.F.);
#1857=ADVANCED_FACE('',(#281),#1798,.F.);
#1858=ADVANCED_FACE('',(#282),#1799,.F.);
#1859=ADVANCED_FACE('',(#283),#205,.F.);
#1860=ADVANCED_FACE('',(#284),#1800,.F.);
#1861=ADVANCED_FACE('',(#285),#206,.F.);
#1862=ADVANCED_FACE('',(#286),#1801,.F.);
#1863=ADVANCED_FACE('',(#287),#207,.F.);
#1864=ADVANCED_FACE('',(#288),#1802,.F.);
#1865=ADVANCED_FACE('',(#289),#208,.F.);
#1866=ADVANCED_FACE('',(#290),#1803,.F.);
#1867=ADVANCED_FACE('',(#291,#164),#209,.F.);
#1868=ADVANCED_FACE('',(#292),#210,.T.);
#1869=ADVANCED_FACE('',(#293,#165),#211,.F.);
#1870=ADVANCED_FACE('',(#294),#212,.T.);
#1871=ADVANCED_FACE('',(#295),#213,.F.);
#1872=ADVANCED_FACE('',(#296),#214,.F.);
#1873=ADVANCED_FACE('',(#297,#166,#167),#215,.T.);
#1874=ADVANCED_FACE('',(#298),#216,.T.);
#1875=ADVANCED_FACE('',(#299),#217,.T.);
#1876=ADVANCED_FACE('',(#300,#168,#169,#170,#171),#218,.T.);
#1877=ADVANCED_FACE('',(#301),#1804,.F.);
#1878=ADVANCED_FACE('',(#302),#1805,.F.);
#1879=ADVANCED_FACE('',(#303),#1806,.F.);
#1880=ADVANCED_FACE('',(#304),#1807,.F.);
#1881=ADVANCED_FACE('',(#305),#1808,.F.);
#1882=ADVANCED_FACE('',(#306),#219,.F.);
#1883=ADVANCED_FACE('',(#307),#1809,.F.);
#1884=ADVANCED_FACE('',(#308),#220,.F.);
#1885=ADVANCED_FACE('',(#309),#1810,.F.);
#1886=ADVANCED_FACE('',(#310),#221,.F.);
#1887=ADVANCED_FACE('',(#311),#1811,.F.);
#1888=ADVANCED_FACE('',(#312),#222,.F.);
#1889=ADVANCED_FACE('',(#313),#11,.F.);
#1890=ADVANCED_FACE('',(#314),#1812,.F.);
#1891=ADVANCED_FACE('',(#315),#12,.F.);
#1892=ADVANCED_FACE('',(#316),#1813,.F.);
#1893=ADVANCED_FACE('',(#317),#223,.F.);
#1894=ADVANCED_FACE('',(#318,#172,#173,#174,#175),#224,.F.);
#1895=ADVANCED_FACE('',(#319),#225,.T.);
#1896=ADVANCED_FACE('',(#320),#226,.F.);
#1897=ADVANCED_FACE('',(#321),#227,.F.);
#1898=ADVANCED_FACE('',(#322),#228,.T.);
#1899=ADVANCED_FACE('',(#323),#229,.T.);
#1900=ADVANCED_FACE('',(#324),#230,.T.);
#1901=ADVANCED_FACE('',(#325,#176,#177),#231,.T.);
#1902=ADVANCED_FACE('',(#326,#178,#179,#180,#181,#182,#183),#232,.F.);
#1903=ADVANCED_FACE('',(#327),#233,.T.);
#1904=ADVANCED_FACE('',(#328),#234,.T.);
#1905=ADVANCED_FACE('',(#329),#1814,.F.);
#1906=ADVANCED_FACE('',(#330),#235,.T.);
#1907=ADVANCED_FACE('',(#331),#236,.T.);
#1908=ADVANCED_FACE('',(#332,#184),#237,.F.);
#1909=ADVANCED_FACE('',(#333,#185),#238,.T.);
#1910=CLOSED_SHELL('',(#1815,#1816,#1817,#1818,#1819,#1820,#1821,#1822,
#1823,#1824,#1825,#1826,#1827,#1828,#1829,#1830,#1831,#1832,#1833));
#1911=CLOSED_SHELL('',(#1834,#1835,#1836,#1837,#1838,#1839,#1840,#1841,
#1842,#1843,#1844,#1845,#1846,#1847,#1848,#1849,#1850,#1851,#1852,#1853,
#1854,#1855,#1856));
#1912=CLOSED_SHELL('',(#1857,#1858,#1859,#1860,#1861,#1862,#1863,#1864,
#1865,#1866,#1867,#1868,#1869,#1870,#1871,#1872,#1873,#1874,#1875,#1876));
#1913=CLOSED_SHELL('',(#1877,#1878,#1879,#1880,#1881,#1882,#1883,#1884,
#1885,#1886,#1887,#1888,#1889,#1890,#1891,#1892,#1893,#1894,#1895,#1896,
#1897,#1898,#1899,#1900,#1901,#1902));
#1914=CLOSED_SHELL('',(#1903,#1904,#1905,#1906,#1907,#1908,#1909));
#1915=AXIS2_PLACEMENT_3D('',#2628,#2100,#2101);
#1916=AXIS2_PLACEMENT_3D('',#2629,#2102,#2103);
#1917=AXIS2_PLACEMENT_3D('',#2630,#2104,#2105);
#1918=AXIS2_PLACEMENT_3D('',#2632,#2106,#2107);
#1919=AXIS2_PLACEMENT_3D('',#2635,#2109,#2110);
#1920=AXIS2_PLACEMENT_3D('',#2636,#2111,#2112);
#1921=AXIS2_PLACEMENT_3D('',#2638,#2113,#2114);
#1922=AXIS2_PLACEMENT_3D('',#2641,#2116,#2117);
#1923=AXIS2_PLACEMENT_3D('',#2642,#2118,#2119);
#1924=AXIS2_PLACEMENT_3D('',#2644,#2120,#2121);
#1925=AXIS2_PLACEMENT_3D('',#2647,#2123,#2124);
#1926=AXIS2_PLACEMENT_3D('',#2648,#2125,#2126);
#1927=AXIS2_PLACEMENT_3D('',#2650,#2127,#2128);
#1928=AXIS2_PLACEMENT_3D('',#2653,#2130,#2131);
#1929=AXIS2_PLACEMENT_3D('',#2654,#2132,#2133);
#1930=AXIS2_PLACEMENT_3D('',#2656,#2134,#2135);
#1931=AXIS2_PLACEMENT_3D('',#2659,#2137,#2138);
#1932=AXIS2_PLACEMENT_3D('',#2660,#2139,#2140);
#1933=AXIS2_PLACEMENT_3D('',#2662,#2141,#2142);
#1934=AXIS2_PLACEMENT_3D('',#2665,#2144,#2145);
#1935=AXIS2_PLACEMENT_3D('',#2666,#2146,#2147);
#1936=AXIS2_PLACEMENT_3D('',#2668,#2148,#2149);
#1937=AXIS2_PLACEMENT_3D('',#2671,#2151,#2152);
#1938=AXIS2_PLACEMENT_3D('',#2672,#2153,#2154);
#1939=AXIS2_PLACEMENT_3D('',#2674,#2155,#2156);
#1940=AXIS2_PLACEMENT_3D('',#2677,#2158,#2159);
#1941=AXIS2_PLACEMENT_3D('',#2678,#2160,#2161);
#1942=AXIS2_PLACEMENT_3D('',#2680,#2162,#2163);
#1943=AXIS2_PLACEMENT_3D('',#2683,#2165,#2166);
#1944=AXIS2_PLACEMENT_3D('',#2684,#2167,#2168);
#1945=AXIS2_PLACEMENT_3D('',#2686,#2169,#2170);
#1946=AXIS2_PLACEMENT_3D('',#2689,#2172,#2173);
#1947=AXIS2_PLACEMENT_3D('',#2690,#2174,#2175);
#1948=AXIS2_PLACEMENT_3D('',#2692,#2176,#2177);
#1949=AXIS2_PLACEMENT_3D('',#2695,#2179,#2180);
#1950=AXIS2_PLACEMENT_3D('',#2696,#2181,#2182);
#1951=AXIS2_PLACEMENT_3D('',#2698,#2183,#2184);
#1952=AXIS2_PLACEMENT_3D('',#2701,#2186,#2187);
#1953=AXIS2_PLACEMENT_3D('',#2702,#2188,#2189);
#1954=AXIS2_PLACEMENT_3D('',#2704,#2190,#2191);
#1955=AXIS2_PLACEMENT_3D('',#2707,#2193,#2194);
#1956=AXIS2_PLACEMENT_3D('',#2708,#2195,#2196);
#1957=AXIS2_PLACEMENT_3D('',#2717,#2201,#2202);
#1958=AXIS2_PLACEMENT_3D('',#2723,#2206,#2207);
#1959=AXIS2_PLACEMENT_3D('',#2729,#2211,#2212);
#1960=AXIS2_PLACEMENT_3D('',#2732,#2215,#2216);
#1961=AXIS2_PLACEMENT_3D('',#2733,#2217,#2218);
#1962=AXIS2_PLACEMENT_3D('',#2734,#2219,#2220);
#1963=AXIS2_PLACEMENT_3D('',#2735,#2221,#2222);
#1964=AXIS2_PLACEMENT_3D('',#2737,#2223,#2224);
#1965=AXIS2_PLACEMENT_3D('',#2740,#2226,#2227);
#1966=AXIS2_PLACEMENT_3D('',#2741,#2228,#2229);
#1967=AXIS2_PLACEMENT_3D('',#2743,#2230,#2231);
#1968=AXIS2_PLACEMENT_3D('',#2746,#2233,#2234);
#1969=AXIS2_PLACEMENT_3D('',#2747,#2235,#2236);
#1970=AXIS2_PLACEMENT_3D('',#2749,#2237,#2238);
#1971=AXIS2_PLACEMENT_3D('',#2752,#2240,#2241);
#1972=AXIS2_PLACEMENT_3D('',#2753,#2242,#2243);
#1973=AXIS2_PLACEMENT_3D('',#2755,#2244,#2245);
#1974=AXIS2_PLACEMENT_3D('',#2758,#2247,#2248);
#1975=AXIS2_PLACEMENT_3D('',#2759,#2249,#2250);
#1976=AXIS2_PLACEMENT_3D('',#2761,#2251,#2252);
#1977=AXIS2_PLACEMENT_3D('',#2764,#2254,#2255);
#1978=AXIS2_PLACEMENT_3D('',#2765,#2256,#2257);
#1979=AXIS2_PLACEMENT_3D('',#2767,#2258,#2259);
#1980=AXIS2_PLACEMENT_3D('',#2768,#2260,#2261);
#1981=AXIS2_PLACEMENT_3D('',#2770,#2262,#2263);
#1982=AXIS2_PLACEMENT_3D('',#2773,#2265,#2266);
#1983=AXIS2_PLACEMENT_3D('',#2774,#2267,#2268);
#1984=AXIS2_PLACEMENT_3D('',#2776,#2269,#2270);
#1985=AXIS2_PLACEMENT_3D('',#2777,#2271,#2272);
#1986=AXIS2_PLACEMENT_3D('',#2779,#2273,#2274);
#1987=AXIS2_PLACEMENT_3D('',#2782,#2276,#2277);
#1988=AXIS2_PLACEMENT_3D('',#2783,#2278,#2279);
#1989=AXIS2_PLACEMENT_3D('',#2785,#2280,#2281);
#1990=AXIS2_PLACEMENT_3D('',#2786,#2282,#2283);
#1991=AXIS2_PLACEMENT_3D('',#2789,#2285,#2286);
#1992=AXIS2_PLACEMENT_3D('',#2790,#2287,#2288);
#1993=AXIS2_PLACEMENT_3D('',#2793,#2290,#2291);
#1994=AXIS2_PLACEMENT_3D('',#2794,#2292,#2293);
#1995=AXIS2_PLACEMENT_3D('',#2797,#2295,#2296);
#1996=AXIS2_PLACEMENT_3D('',#2798,#2297,#2298);
#1997=AXIS2_PLACEMENT_3D('',#2807,#2303,#2304);
#1998=AXIS2_PLACEMENT_3D('',#2813,#2308,#2309);
#1999=AXIS2_PLACEMENT_3D('',#2825,#2316,#2317);
#2000=AXIS2_PLACEMENT_3D('',#2829,#2320,#2321);
#2001=AXIS2_PLACEMENT_3D('',#2833,#2324,#2325);
#2002=AXIS2_PLACEMENT_3D('',#2837,#2328,#2329);
#2003=AXIS2_PLACEMENT_3D('',#2843,#2333,#2334);
#2004=AXIS2_PLACEMENT_3D('',#2846,#2337,#2338);
#2005=AXIS2_PLACEMENT_3D('',#2847,#2339,#2340);
#2006=AXIS2_PLACEMENT_3D('',#2848,#2341,#2342);
#2007=AXIS2_PLACEMENT_3D('',#2849,#2343,#2344);
#2008=AXIS2_PLACEMENT_3D('',#2850,#2345,#2346);
#2009=AXIS2_PLACEMENT_3D('',#2852,#2347,#2348);
#2010=AXIS2_PLACEMENT_3D('',#2855,#2350,#2351);
#2011=AXIS2_PLACEMENT_3D('',#2856,#2352,#2353);
#2012=AXIS2_PLACEMENT_3D('',#2858,#2354,#2355);
#2013=AXIS2_PLACEMENT_3D('',#2861,#2357,#2358);
#2014=AXIS2_PLACEMENT_3D('',#2862,#2359,#2360);
#2015=AXIS2_PLACEMENT_3D('',#2871,#2365,#2366);
#2016=AXIS2_PLACEMENT_3D('',#2873,#2367,#2368);
#2017=AXIS2_PLACEMENT_3D('',#2875,#2369,#2370);
#2018=AXIS2_PLACEMENT_3D('',#2877,#2372,#2373);
#2019=AXIS2_PLACEMENT_3D('',#2883,#2377,#2378);
#2020=AXIS2_PLACEMENT_3D('',#2884,#2379,#2380);
#2021=AXIS2_PLACEMENT_3D('',#2885,#2381,#2382);
#2022=AXIS2_PLACEMENT_3D('',#2886,#2383,#2384);
#2023=AXIS2_PLACEMENT_3D('',#2895,#2389,#2390);
#2024=AXIS2_PLACEMENT_3D('',#2897,#2391,#2392);
#2025=AXIS2_PLACEMENT_3D('',#2899,#2393,#2394);
#2026=AXIS2_PLACEMENT_3D('',#2901,#2396,#2397);
#2027=AXIS2_PLACEMENT_3D('',#2907,#2401,#2402);
#2028=AXIS2_PLACEMENT_3D('',#2908,#2403,#2404);
#2029=AXIS2_PLACEMENT_3D('',#2909,#2405,#2406);
#2030=AXIS2_PLACEMENT_3D('',#2910,#2407,#2408);
#2031=AXIS2_PLACEMENT_3D('',#2919,#2413,#2414);
#2032=AXIS2_PLACEMENT_3D('',#2933,#2422,#2423);
#2033=AXIS2_PLACEMENT_3D('',#2939,#2427,#2428);
#2034=AXIS2_PLACEMENT_3D('',#2943,#2431,#2432);
#2035=AXIS2_PLACEMENT_3D('',#2947,#2435,#2436);
#2036=AXIS2_PLACEMENT_3D('',#2951,#2439,#2440);
#2037=AXIS2_PLACEMENT_3D('',#2953,#2442,#2443);
#2038=AXIS2_PLACEMENT_3D('',#2957,#2446,#2447);
#2039=AXIS2_PLACEMENT_3D('',#2959,#2449,#2450);
#2040=AXIS2_PLACEMENT_3D('',#2960,#2451,#2452);
#2041=AXIS2_PLACEMENT_3D('',#2961,#2453,#2454);
#2042=AXIS2_PLACEMENT_3D('',#2962,#2455,#2456);
#2043=AXIS2_PLACEMENT_3D('',#2964,#2457,#2458);
#2044=AXIS2_PLACEMENT_3D('',#2967,#2460,#2461);
#2045=AXIS2_PLACEMENT_3D('',#2968,#2462,#2463);
#2046=AXIS2_PLACEMENT_3D('',#2970,#2464,#2465);
#2047=AXIS2_PLACEMENT_3D('',#2973,#2467,#2468);
#2048=AXIS2_PLACEMENT_3D('',#2974,#2469,#2470);
#2049=AXIS2_PLACEMENT_3D('',#2976,#2471,#2472);
#2050=AXIS2_PLACEMENT_3D('',#2979,#2474,#2475);
#2051=AXIS2_PLACEMENT_3D('',#2980,#2476,#2477);
#2052=AXIS2_PLACEMENT_3D('',#2982,#2478,#2479);
#2053=AXIS2_PLACEMENT_3D('',#2985,#2481,#2482);
#2054=AXIS2_PLACEMENT_3D('',#2986,#2483,#2484);
#2055=AXIS2_PLACEMENT_3D('',#3010,#2486,#2487);
#2056=AXIS2_PLACEMENT_3D('',#3012,#2489,#2490);
#2057=AXIS2_PLACEMENT_3D('',#3020,#2493,#2494);
#2058=AXIS2_PLACEMENT_3D('',#3041,#2495,#2496);
#2059=AXIS2_PLACEMENT_3D('',#3043,#2498,#2499);
#2060=AXIS2_PLACEMENT_3D('',#3052,#2501,#2502);
#2061=AXIS2_PLACEMENT_3D('',#3076,#2504,#2505);
#2062=AXIS2_PLACEMENT_3D('',#3078,#2507,#2508);
#2063=AXIS2_PLACEMENT_3D('',#3086,#2511,#2512);
#2064=AXIS2_PLACEMENT_3D('',#3107,#2513,#2514);
#2065=AXIS2_PLACEMENT_3D('',#3109,#2516,#2517);
#2066=AXIS2_PLACEMENT_3D('',#3118,#2519,#2520);
#2067=AXIS2_PLACEMENT_3D('',#3120,#2521,#2522);
#2068=AXIS2_PLACEMENT_3D('',#3122,#2524,#2525);
#2069=AXIS2_PLACEMENT_3D('',#3124,#2526,#2527);
#2070=AXIS2_PLACEMENT_3D('',#3126,#2529,#2530);
#2071=AXIS2_PLACEMENT_3D('',#3128,#2531,#2532);
#2072=AXIS2_PLACEMENT_3D('',#3130,#2534,#2535);
#2073=AXIS2_PLACEMENT_3D('',#3132,#2536,#2537);
#2074=AXIS2_PLACEMENT_3D('',#3134,#2539,#2540);
#2075=AXIS2_PLACEMENT_3D('',#3143,#2545,#2546);
#2076=AXIS2_PLACEMENT_3D('',#3149,#2550,#2551);
#2077=AXIS2_PLACEMENT_3D('',#3161,#2558,#2559);
#2078=AXIS2_PLACEMENT_3D('',#3165,#2562,#2563);
#2079=AXIS2_PLACEMENT_3D('',#3169,#2566,#2567);
#2080=AXIS2_PLACEMENT_3D('',#3173,#2570,#2571);
#2081=AXIS2_PLACEMENT_3D('',#3179,#2575,#2576);
#2082=AXIS2_PLACEMENT_3D('',#3182,#2579,#2580);
#2083=AXIS2_PLACEMENT_3D('',#3183,#2581,#2582);
#2084=AXIS2_PLACEMENT_3D('',#3184,#2583,#2584);
#2085=AXIS2_PLACEMENT_3D('',#3185,#2585,#2586);
#2086=AXIS2_PLACEMENT_3D('',#3194,#2591,#2592);
#2087=AXIS2_PLACEMENT_3D('',#3200,#2596,#2597);
#2088=AXIS2_PLACEMENT_3D('',#3202,#2598,#2599);
#2089=AXIS2_PLACEMENT_3D('',#3205,#2601,#2602);
#2090=AXIS2_PLACEMENT_3D('',#3206,#2603,#2604);
#2091=AXIS2_PLACEMENT_3D('',#3212,#2608,#2609);
#2092=AXIS2_PLACEMENT_3D('',#3215,#2612,#2613);
#2093=AXIS2_PLACEMENT_3D('',#3216,#2614,#2615);
#2094=AXIS2_PLACEMENT_3D('',#3217,#2616,#2617);
#2095=AXIS2_PLACEMENT_3D('',#3218,#2618,#2619);
#2096=AXIS2_PLACEMENT_3D('',#3219,#2620,#2621);
#2097=AXIS2_PLACEMENT_3D('',#3220,#2622,#2623);
#2098=AXIS2_PLACEMENT_3D('',#3221,#2624,#2625);
#2099=AXIS2_PLACEMENT_3D('',#3222,#2626,#2627);
#2100=DIRECTION('axis',(0.,0.,1.));
#2101=DIRECTION('refdir',(1.,0.,0.));
#2102=DIRECTION('axis',(0.,0.,1.));
#2103=DIRECTION('refdir',(1.,0.,0.));
#2104=DIRECTION('center_axis',(0.,0.,-1.));
#2105=DIRECTION('ref_axis',(-1.,0.,0.));
#2106=DIRECTION('center_axis',(0.,0.,-1.));
#2107=DIRECTION('ref_axis',(-1.,0.,0.));
#2108=DIRECTION('',(0.,0.,-1.));
#2109=DIRECTION('center_axis',(0.,0.,1.));
#2110=DIRECTION('ref_axis',(-1.,0.,0.));
#2111=DIRECTION('center_axis',(0.,0.,-1.));
#2112=DIRECTION('ref_axis',(-1.,0.,0.));
#2113=DIRECTION('center_axis',(0.,0.,-1.));
#2114=DIRECTION('ref_axis',(-1.,0.,0.));
#2115=DIRECTION('',(0.,0.,-1.));
#2116=DIRECTION('center_axis',(0.,0.,1.));
#2117=DIRECTION('ref_axis',(-1.,0.,0.));
#2118=DIRECTION('center_axis',(0.,0.,-1.));
#2119=DIRECTION('ref_axis',(-1.,0.,0.));
#2120=DIRECTION('center_axis',(0.,0.,-1.));
#2121=DIRECTION('ref_axis',(-1.,0.,0.));
#2122=DIRECTION('',(0.,0.,-1.));
#2123=DIRECTION('center_axis',(0.,0.,1.));
#2124=DIRECTION('ref_axis',(-1.,0.,0.));
#2125=DIRECTION('center_axis',(0.,0.,-1.));
#2126=DIRECTION('ref_axis',(-1.,0.,0.));
#2127=DIRECTION('center_axis',(0.,0.,-1.));
#2128=DIRECTION('ref_axis',(-1.,0.,0.));
#2129=DIRECTION('',(0.,0.,-1.));
#2130=DIRECTION('center_axis',(0.,0.,1.));
#2131=DIRECTION('ref_axis',(-1.,0.,0.));
#2132=DIRECTION('center_axis',(0.,0.,-1.));
#2133=DIRECTION('ref_axis',(-1.,0.,0.));
#2134=DIRECTION('center_axis',(0.,0.,-1.));
#2135=DIRECTION('ref_axis',(-1.,0.,0.));
#2136=DIRECTION('',(0.,0.,-1.));
#2137=DIRECTION('center_axis',(0.,0.,1.));
#2138=DIRECTION('ref_axis',(-1.,0.,0.));
#2139=DIRECTION('center_axis',(0.,0.,-1.));
#2140=DIRECTION('ref_axis',(-1.,0.,0.));
#2141=DIRECTION('center_axis',(0.,0.,-1.));
#2142=DIRECTION('ref_axis',(-1.,0.,0.));
#2143=DIRECTION('',(0.,0.,-1.));
#2144=DIRECTION('center_axis',(0.,0.,1.));
#2145=DIRECTION('ref_axis',(-1.,0.,0.));
#2146=DIRECTION('center_axis',(0.,0.,-1.));
#2147=DIRECTION('ref_axis',(-1.,0.,0.));
#2148=DIRECTION('center_axis',(0.,0.,-1.));
#2149=DIRECTION('ref_axis',(-1.,0.,0.));
#2150=DIRECTION('',(0.,0.,-1.));
#2151=DIRECTION('center_axis',(0.,0.,1.));
#2152=DIRECTION('ref_axis',(-1.,0.,0.));
#2153=DIRECTION('center_axis',(0.,0.,-1.));
#2154=DIRECTION('ref_axis',(-1.,0.,0.));
#2155=DIRECTION('center_axis',(0.,0.,-1.));
#2156=DIRECTION('ref_axis',(-1.,0.,0.));
#2157=DIRECTION('',(0.,0.,-1.));
#2158=DIRECTION('center_axis',(0.,0.,1.));
#2159=DIRECTION('ref_axis',(-1.,0.,0.));
#2160=DIRECTION('center_axis',(0.,0.,-1.));
#2161=DIRECTION('ref_axis',(1.,0.,0.));
#2162=DIRECTION('center_axis',(0.,0.,-1.));
#2163=DIRECTION('ref_axis',(1.,0.,0.));
#2164=DIRECTION('',(0.,0.,-1.));
#2165=DIRECTION('center_axis',(0.,0.,1.));
#2166=DIRECTION('ref_axis',(1.,0.,0.));
#2167=DIRECTION('center_axis',(0.,0.,-1.));
#2168=DIRECTION('ref_axis',(1.,0.,0.));
#2169=DIRECTION('center_axis',(0.,0.,-1.));
#2170=DIRECTION('ref_axis',(1.,0.,0.));
#2171=DIRECTION('',(0.,0.,-1.));
#2172=DIRECTION('center_axis',(0.,0.,1.));
#2173=DIRECTION('ref_axis',(1.,0.,0.));
#2174=DIRECTION('center_axis',(0.,0.,-1.));
#2175=DIRECTION('ref_axis',(1.,0.,0.));
#2176=DIRECTION('center_axis',(0.,0.,-1.));
#2177=DIRECTION('ref_axis',(1.,0.,0.));
#2178=DIRECTION('',(0.,0.,-1.));
#2179=DIRECTION('center_axis',(0.,0.,1.));
#2180=DIRECTION('ref_axis',(1.,0.,0.));
#2181=DIRECTION('center_axis',(0.,0.,1.));
#2182=DIRECTION('ref_axis',(1.,0.,0.));
#2183=DIRECTION('center_axis',(0.,0.,-1.));
#2184=DIRECTION('ref_axis',(1.,0.,0.));
#2185=DIRECTION('',(0.,0.,-1.));
#2186=DIRECTION('center_axis',(0.,0.,-1.));
#2187=DIRECTION('ref_axis',(1.,0.,0.));
#2188=DIRECTION('center_axis',(0.,0.,1.));
#2189=DIRECTION('ref_axis',(1.,0.,0.));
#2190=DIRECTION('center_axis',(0.,0.,-1.));
#2191=DIRECTION('ref_axis',(1.,0.,0.));
#2192=DIRECTION('',(0.,0.,-1.));
#2193=DIRECTION('center_axis',(0.,0.,-1.));
#2194=DIRECTION('ref_axis',(1.,0.,0.));
#2195=DIRECTION('center_axis',(0.,1.,0.));
#2196=DIRECTION('ref_axis',(-1.,0.,0.));
#2197=DIRECTION('',(-1.,0.,0.));
#2198=DIRECTION('',(0.,0.,1.));
#2199=DIRECTION('',(-1.,0.,0.));
#2200=DIRECTION('',(0.,0.,1.));
#2201=DIRECTION('center_axis',(1.,0.,0.));
#2202=DIRECTION('ref_axis',(0.,1.,0.));
#2203=DIRECTION('',(0.,1.,0.));
#2204=DIRECTION('',(0.,1.,0.));
#2205=DIRECTION('',(0.,0.,1.));
#2206=DIRECTION('center_axis',(0.,-1.,0.));
#2207=DIRECTION('ref_axis',(1.,0.,0.));
#2208=DIRECTION('',(1.,0.,0.));
#2209=DIRECTION('',(1.,0.,0.));
#2210=DIRECTION('',(0.,0.,1.));
#2211=DIRECTION('center_axis',(-1.,0.,0.));
#2212=DIRECTION('ref_axis',(0.,-1.,0.));
#2213=DIRECTION('',(0.,-1.,0.));
#2214=DIRECTION('',(0.,-1.,0.));
#2215=DIRECTION('center_axis',(0.,0.,1.));
#2216=DIRECTION('ref_axis',(1.,0.,0.));
#2217=DIRECTION('center_axis',(0.,0.,1.));
#2218=DIRECTION('ref_axis',(1.,0.,0.));
#2219=DIRECTION('axis',(0.,0.,1.));
#2220=DIRECTION('refdir',(1.,0.,0.));
#2221=DIRECTION('center_axis',(0.,0.,-1.));
#2222=DIRECTION('ref_axis',(-1.,0.,0.));
#2223=DIRECTION('center_axis',(0.,0.,-1.));
#2224=DIRECTION('ref_axis',(-1.,0.,0.));
#2225=DIRECTION('',(0.,0.,-1.));
#2226=DIRECTION('center_axis',(0.,0.,1.));
#2227=DIRECTION('ref_axis',(-1.,0.,0.));
#2228=DIRECTION('center_axis',(0.,0.,-1.));
#2229=DIRECTION('ref_axis',(-1.,0.,0.));
#2230=DIRECTION('center_axis',(0.,0.,-1.));
#2231=DIRECTION('ref_axis',(-1.,0.,0.));
#2232=DIRECTION('',(0.,0.,-1.));
#2233=DIRECTION('center_axis',(0.,0.,1.));
#2234=DIRECTION('ref_axis',(-1.,0.,0.));
#2235=DIRECTION('center_axis',(0.,0.,-1.));
#2236=DIRECTION('ref_axis',(-1.,0.,0.));
#2237=DIRECTION('center_axis',(0.,0.,-1.));
#2238=DIRECTION('ref_axis',(-1.,0.,0.));
#2239=DIRECTION('',(0.,0.,-1.));
#2240=DIRECTION('center_axis',(0.,0.,1.));
#2241=DIRECTION('ref_axis',(-1.,0.,0.));
#2242=DIRECTION('center_axis',(0.,0.,-1.));
#2243=DIRECTION('ref_axis',(-1.,0.,0.));
#2244=DIRECTION('center_axis',(0.,0.,-1.));
#2245=DIRECTION('ref_axis',(-1.,0.,0.));
#2246=DIRECTION('',(0.,0.,-1.));
#2247=DIRECTION('center_axis',(0.,0.,1.));
#2248=DIRECTION('ref_axis',(-1.,0.,0.));
#2249=DIRECTION('center_axis',(0.,0.,-1.));
#2250=DIRECTION('ref_axis',(-1.,0.,0.));
#2251=DIRECTION('center_axis',(0.,0.,-1.));
#2252=DIRECTION('ref_axis',(-1.,0.,0.));
#2253=DIRECTION('',(0.,0.,-1.));
#2254=DIRECTION('center_axis',(0.,0.,-1.));
#2255=DIRECTION('ref_axis',(-1.,0.,0.));
#2256=DIRECTION('center_axis',(0.,0.,1.));
#2257=DIRECTION('ref_axis',(-1.,0.,0.));
#2258=DIRECTION('center_axis',(0.,0.,1.));
#2259=DIRECTION('ref_axis',(-1.,0.,0.));
#2260=DIRECTION('center_axis',(0.,0.,-1.));
#2261=DIRECTION('ref_axis',(-1.,0.,0.));
#2262=DIRECTION('center_axis',(0.,0.,-1.));
#2263=DIRECTION('ref_axis',(-1.,0.,0.));
#2264=DIRECTION('',(0.,0.,-1.));
#2265=DIRECTION('center_axis',(0.,0.,-1.));
#2266=DIRECTION('ref_axis',(-1.,0.,0.));
#2267=DIRECTION('center_axis',(0.,0.,1.));
#2268=DIRECTION('ref_axis',(-1.,0.,0.));
#2269=DIRECTION('center_axis',(0.,0.,1.));
#2270=DIRECTION('ref_axis',(-1.,0.,0.));
#2271=DIRECTION('center_axis',(0.,0.,-1.));
#2272=DIRECTION('ref_axis',(-1.,0.,0.));
#2273=DIRECTION('center_axis',(0.,0.,-1.));
#2274=DIRECTION('ref_axis',(-1.,0.,0.));
#2275=DIRECTION('',(0.,0.,-1.));
#2276=DIRECTION('center_axis',(0.,0.,-1.));
#2277=DIRECTION('ref_axis',(-1.,0.,0.));
#2278=DIRECTION('center_axis',(0.,0.,1.));
#2279=DIRECTION('ref_axis',(-1.,0.,0.));
#2280=DIRECTION('center_axis',(0.,0.,1.));
#2281=DIRECTION('ref_axis',(-1.,0.,0.));
#2282=DIRECTION('center_axis',(0.,0.,-1.));
#2283=DIRECTION('ref_axis',(-1.,0.,0.));
#2284=DIRECTION('',(0.,0.,-1.));
#2285=DIRECTION('center_axis',(0.,0.,1.));
#2286=DIRECTION('ref_axis',(-1.,0.,0.));
#2287=DIRECTION('center_axis',(0.,0.,-1.));
#2288=DIRECTION('ref_axis',(-1.,0.,0.));
#2289=DIRECTION('',(0.,0.,-1.));
#2290=DIRECTION('center_axis',(0.,0.,1.));
#2291=DIRECTION('ref_axis',(-1.,0.,0.));
#2292=DIRECTION('center_axis',(0.,0.,-1.));
#2293=DIRECTION('ref_axis',(-1.,0.,0.));
#2294=DIRECTION('',(0.,0.,-1.));
#2295=DIRECTION('center_axis',(0.,0.,1.));
#2296=DIRECTION('ref_axis',(-1.,0.,0.));
#2297=DIRECTION('center_axis',(0.,-1.,0.));
#2298=DIRECTION('ref_axis',(-1.,0.,0.));
#2299=DIRECTION('',(-1.,0.,0.));
#2300=DIRECTION('',(0.,0.,1.));
#2301=DIRECTION('',(-1.,0.,0.));
#2302=DIRECTION('',(0.,0.,-1.));
#2303=DIRECTION('center_axis',(0.,0.,-1.));
#2304=DIRECTION('ref_axis',(-1.,0.,0.));
#2305=DIRECTION('',(0.,1.,0.));
#2306=DIRECTION('',(0.,-1.,0.));
#2307=DIRECTION('',(1.,0.,0.));
#2308=DIRECTION('center_axis',(-1.,0.,0.));
#2309=DIRECTION('ref_axis',(0.,-1.,0.));
#2310=DIRECTION('',(0.,0.,1.));
#2311=DIRECTION('',(0.,-1.,0.));
#2312=DIRECTION('',(0.,0.,1.));
#2313=DIRECTION('',(0.,-1.,0.));
#2314=DIRECTION('',(0.,0.,1.));
#2315=DIRECTION('',(0.,1.,0.));
#2316=DIRECTION('center_axis',(0.,1.,0.));
#2317=DIRECTION('ref_axis',(1.,0.,0.));
#2318=DIRECTION('',(1.,0.,0.));
#2319=DIRECTION('',(0.,0.,-1.));
#2320=DIRECTION('center_axis',(0.,0.,-1.));
#2321=DIRECTION('ref_axis',(-1.,0.,0.));
#2322=DIRECTION('',(-1.,0.,0.));
#2323=DIRECTION('',(0.,-1.,0.));
#2324=DIRECTION('center_axis',(0.,-1.,0.));
#2325=DIRECTION('ref_axis',(1.,0.,0.));
#2326=DIRECTION('',(1.,0.,0.));
#2327=DIRECTION('',(0.,0.,1.));
#2328=DIRECTION('center_axis',(0.,1.,0.));
#2329=DIRECTION('ref_axis',(-1.,0.,0.));
#2330=DIRECTION('',(-1.,0.,0.));
#2331=DIRECTION('',(-1.,0.,0.));
#2332=DIRECTION('',(0.,0.,1.));
#2333=DIRECTION('center_axis',(1.,0.,0.));
#2334=DIRECTION('ref_axis',(0.,1.,0.));
#2335=DIRECTION('',(0.,1.,0.));
#2336=DIRECTION('',(0.,1.,0.));
#2337=DIRECTION('center_axis',(0.,0.,1.));
#2338=DIRECTION('ref_axis',(1.,0.,0.));
#2339=DIRECTION('center_axis',(0.,0.,1.));
#2340=DIRECTION('ref_axis',(-1.,0.,0.));
#2341=DIRECTION('axis',(0.,0.,1.));
#2342=DIRECTION('refdir',(1.,0.,0.));
#2343=DIRECTION('axis',(0.,0.,1.));
#2344=DIRECTION('refdir',(1.,0.,0.));
#2345=DIRECTION('center_axis',(0.,0.,-1.));
#2346=DIRECTION('ref_axis',(1.,0.,0.));
#2347=DIRECTION('center_axis',(0.,0.,-1.));
#2348=DIRECTION('ref_axis',(1.,0.,0.));
#2349=DIRECTION('',(0.,0.,-1.));
#2350=DIRECTION('center_axis',(0.,0.,1.));
#2351=DIRECTION('ref_axis',(1.,0.,0.));
#2352=DIRECTION('center_axis',(0.,0.,-1.));
#2353=DIRECTION('ref_axis',(1.,0.,0.));
#2354=DIRECTION('center_axis',(0.,0.,-1.));
#2355=DIRECTION('ref_axis',(1.,0.,0.));
#2356=DIRECTION('',(0.,0.,-1.));
#2357=DIRECTION('center_axis',(0.,0.,1.));
#2358=DIRECTION('ref_axis',(1.,0.,0.));
#2359=DIRECTION('center_axis',(-1.,0.,0.));
#2360=DIRECTION('ref_axis',(0.,1.,0.));
#2361=DIRECTION('',(0.,0.999390827019096,0.034899496702501));
#2362=DIRECTION('',(0.,0.,-1.));
#2363=DIRECTION('',(0.,-1.,0.));
#2364=DIRECTION('',(0.,0.,-1.));
#2365=DIRECTION('center_axis',(0.,0.,-1.));
#2366=DIRECTION('ref_axis',(1.,0.,0.));
#2367=DIRECTION('center_axis',(0.,0.034899496702501,-0.999390827019096));
#2368=DIRECTION('ref_axis',(0.,-0.999390827019096,-0.034899496702501));
#2369=DIRECTION('center_axis',(0.,0.,1.));
#2370=DIRECTION('ref_axis',(1.,0.,0.));
#2371=DIRECTION('',(0.,0.,-1.));
#2372=DIRECTION('center_axis',(1.,-5.07530525542929E-16,0.));
#2373=DIRECTION('ref_axis',(-5.07530525542929E-16,-1.,0.));
#2374=DIRECTION('',(-5.07221351659784E-16,-0.999390827019096,-0.034899496702501));
#2375=DIRECTION('',(5.07530525542929E-16,1.,0.));
#2376=DIRECTION('',(0.,0.,-1.));
#2377=DIRECTION('center_axis',(0.,0.,-1.));
#2378=DIRECTION('ref_axis',(-1.,0.,0.));
#2379=DIRECTION('center_axis',(0.,0.034899496702501,-0.999390827019096));
#2380=DIRECTION('ref_axis',(0.,0.999390827019096,0.034899496702501));
#2381=DIRECTION('center_axis',(0.,0.,1.));
#2382=DIRECTION('ref_axis',(-1.,0.,0.));
#2383=DIRECTION('center_axis',(-1.,0.,0.));
#2384=DIRECTION('ref_axis',(0.,1.,0.));
#2385=DIRECTION('',(0.,0.999390827019096,0.034899496702501));
#2386=DIRECTION('',(0.,0.,-1.));
#2387=DIRECTION('',(0.,-1.,0.));
#2388=DIRECTION('',(0.,0.,-1.));
#2389=DIRECTION('center_axis',(0.,0.,-1.));
#2390=DIRECTION('ref_axis',(1.,0.,0.));
#2391=DIRECTION('center_axis',(0.,0.034899496702501,-0.999390827019096));
#2392=DIRECTION('ref_axis',(0.,-0.999390827019096,-0.034899496702501));
#2393=DIRECTION('center_axis',(0.,0.,1.));
#2394=DIRECTION('ref_axis',(1.,0.,0.));
#2395=DIRECTION('',(0.,0.,-1.));
#2396=DIRECTION('center_axis',(1.,0.,0.));
#2397=DIRECTION('ref_axis',(0.,-1.,0.));
#2398=DIRECTION('',(0.,-0.999390827019096,-0.034899496702501));
#2399=DIRECTION('',(0.,1.,0.));
#2400=DIRECTION('',(0.,0.,-1.));
#2401=DIRECTION('center_axis',(0.,0.,-1.));
#2402=DIRECTION('ref_axis',(-1.,0.,0.));
#2403=DIRECTION('center_axis',(0.,0.034899496702501,-0.999390827019096));
#2404=DIRECTION('ref_axis',(0.,0.999390827019096,0.034899496702501));
#2405=DIRECTION('center_axis',(0.,0.,1.));
#2406=DIRECTION('ref_axis',(-1.,0.,0.));
#2407=DIRECTION('center_axis',(0.,0.034899496702501,-0.999390827019096));
#2408=DIRECTION('ref_axis',(0.,-0.999390827019096,-0.034899496702501));
#2409=DIRECTION('',(0.,-0.999390827019096,-0.034899496702501));
#2410=DIRECTION('',(-1.,0.,0.));
#2411=DIRECTION('',(0.,-0.999390827019096,-0.034899496702501));
#2412=DIRECTION('',(-1.,0.,0.));
#2413=DIRECTION('center_axis',(0.,-1.,0.));
#2414=DIRECTION('ref_axis',(-1.,0.,0.));
#2415=DIRECTION('',(0.,0.,1.));
#2416=DIRECTION('',(-1.,0.,0.));
#2417=DIRECTION('',(0.,0.,-1.));
#2418=DIRECTION('',(-1.,0.,0.));
#2419=DIRECTION('',(0.,0.,-1.));
#2420=DIRECTION('',(-1.,0.,0.));
#2421=DIRECTION('',(0.,0.,-1.));
#2422=DIRECTION('center_axis',(0.,0.034899496702501,-0.999390827019096));
#2423=DIRECTION('ref_axis',(2.50474795673681E-18,0.999390827019096,0.034899496702501));
#2424=DIRECTION('',(0.,0.999390827019096,0.034899496702501));
#2425=DIRECTION('',(-1.,0.,0.));
#2426=DIRECTION('',(-3.99617765946265E-17,0.999390827019096,0.034899496702501));
#2427=DIRECTION('center_axis',(-1.,-3.99861350677205E-17,0.));
#2428=DIRECTION('ref_axis',(-3.99861350677205E-17,1.,0.));
#2429=DIRECTION('',(0.,0.,1.));
#2430=DIRECTION('',(-3.99861350677205E-17,1.,0.));
#2431=DIRECTION('center_axis',(1.,0.,0.));
#2432=DIRECTION('ref_axis',(0.,-1.,0.));
#2433=DIRECTION('',(0.,-1.,0.));
#2434=DIRECTION('',(0.,0.,-1.));
#2435=DIRECTION('center_axis',(-1.,0.,0.));
#2436=DIRECTION('ref_axis',(0.,1.,0.));
#2437=DIRECTION('',(0.,1.,0.));
#2438=DIRECTION('',(0.,0.,1.));
#2439=DIRECTION('center_axis',(0.,0.,1.));
#2440=DIRECTION('ref_axis',(-1.,0.,0.));
#2441=DIRECTION('',(1.,0.,0.));
#2442=DIRECTION('center_axis',(1.,0.,0.));
#2443=DIRECTION('ref_axis',(0.,-1.,0.));
#2444=DIRECTION('',(0.,-1.,0.));
#2445=DIRECTION('',(0.,0.,-1.));
#2446=DIRECTION('center_axis',(0.,1.,0.));
#2447=DIRECTION('ref_axis',(1.,0.,0.));
#2448=DIRECTION('',(-1.,0.,0.));
#2449=DIRECTION('center_axis',(0.,0.,-1.));
#2450=DIRECTION('ref_axis',(-1.,0.,0.));
#2451=DIRECTION('',(1.16573417585641E-15,1.1648024303654E-30,1.));
#2452=DIRECTION('',(0.999999999999999,9.99200722162639E-16,-1.16573417585641E-15));
#2453=DIRECTION('axis',(0.,0.,1.));
#2454=DIRECTION('refdir',(1.,0.,0.));
#2455=DIRECTION('center_axis',(0.,0.,-1.));
#2456=DIRECTION('ref_axis',(-1.,0.,0.));
#2457=DIRECTION('center_axis',(0.,0.,-1.));
#2458=DIRECTION('ref_axis',(-1.,0.,0.));
#2459=DIRECTION('',(0.,0.,-1.));
#2460=DIRECTION('center_axis',(0.,0.,1.));
#2461=DIRECTION('ref_axis',(-1.,0.,0.));
#2462=DIRECTION('center_axis',(0.,0.,-1.));
#2463=DIRECTION('ref_axis',(-1.,0.,0.));
#2464=DIRECTION('center_axis',(0.,0.,-1.));
#2465=DIRECTION('ref_axis',(-1.,0.,0.));
#2466=DIRECTION('',(0.,0.,-1.));
#2467=DIRECTION('center_axis',(0.,0.,1.));
#2468=DIRECTION('ref_axis',(-1.,0.,0.));
#2469=DIRECTION('center_axis',(0.,0.,-1.));
#2470=DIRECTION('ref_axis',(-1.,0.,0.));
#2471=DIRECTION('center_axis',(0.,0.,-1.));
#2472=DIRECTION('ref_axis',(-1.,0.,0.));
#2473=DIRECTION('',(0.,0.,-1.));
#2474=DIRECTION('center_axis',(0.,0.,1.));
#2475=DIRECTION('ref_axis',(-1.,0.,0.));
#2476=DIRECTION('center_axis',(0.,0.,-1.));
#2477=DIRECTION('ref_axis',(-1.,0.,0.));
#2478=DIRECTION('center_axis',(0.,0.,-1.));
#2479=DIRECTION('ref_axis',(-1.,0.,0.));
#2480=DIRECTION('',(0.,0.,-1.));
#2481=DIRECTION('center_axis',(0.,0.,1.));
#2482=DIRECTION('ref_axis',(-1.,0.,0.));
#2483=DIRECTION('center_axis',(0.,0.,-1.));
#2484=DIRECTION('ref_axis',(1.,0.,0.));
#2485=DIRECTION('',(0.,0.,-1.));
#2486=DIRECTION('center_axis',(0.,0.,1.));
#2487=DIRECTION('ref_axis',(1.,0.,0.));
#2488=DIRECTION('',(0.,0.,-1.));
#2489=DIRECTION('center_axis',(1.,0.,0.));
#2490=DIRECTION('ref_axis',(0.,-1.,0.));
#2491=DIRECTION('',(0.,1.,0.));
#2492=DIRECTION('',(0.,0.,-1.));
#2493=DIRECTION('center_axis',(0.,0.,-1.));
#2494=DIRECTION('ref_axis',(-1.,-3.483052626275E-15,0.));
#2495=DIRECTION('center_axis',(0.,0.,1.));
#2496=DIRECTION('ref_axis',(-1.,-3.483052626275E-15,0.));
#2497=DIRECTION('',(0.,0.,-1.));
#2498=DIRECTION('center_axis',(-1.,0.,0.));
#2499=DIRECTION('ref_axis',(0.,1.,0.));
#2500=DIRECTION('',(0.,-1.,0.));
#2501=DIRECTION('center_axis',(0.,0.,-1.));
#2502=DIRECTION('ref_axis',(1.,3.48305262627499E-15,0.));
#2503=DIRECTION('',(0.,0.,-1.));
#2504=DIRECTION('center_axis',(0.,0.,1.));
#2505=DIRECTION('ref_axis',(1.,3.48305262627499E-15,0.));
#2506=DIRECTION('',(0.,0.,-1.));
#2507=DIRECTION('center_axis',(1.,-8.88178419700126E-15,0.));
#2508=DIRECTION('ref_axis',(-8.88178419700126E-15,-1.,0.));
#2509=DIRECTION('',(8.88178419700126E-15,1.,0.));
#2510=DIRECTION('',(0.,0.,-1.));
#2511=DIRECTION('center_axis',(0.,0.,-1.));
#2512=DIRECTION('ref_axis',(-1.,3.483052626275E-15,0.));
#2513=DIRECTION('center_axis',(0.,0.,1.));
#2514=DIRECTION('ref_axis',(-1.,3.483052626275E-15,0.));
#2515=DIRECTION('',(0.,0.,-1.));
#2516=DIRECTION('center_axis',(-1.,-4.44089209850064E-15,0.));
#2517=DIRECTION('ref_axis',(-4.44089209850064E-15,1.,0.));
#2518=DIRECTION('',(4.44089209850064E-15,-1.,0.));
#2519=DIRECTION('center_axis',(0.,0.,1.));
#2520=DIRECTION('ref_axis',(1.,0.,0.));
#2521=DIRECTION('center_axis',(0.,0.,-1.));
#2522=DIRECTION('ref_axis',(1.,0.,0.));
#2523=DIRECTION('',(0.707106781186547,-8.65956056235493E-17,-0.707106781186548));
#2524=DIRECTION('center_axis',(0.,0.,-1.));
#2525=DIRECTION('ref_axis',(1.,0.,0.));
#2526=DIRECTION('center_axis',(0.,0.,-1.));
#2527=DIRECTION('ref_axis',(1.,0.,0.));
#2528=DIRECTION('',(0.,0.,-1.));
#2529=DIRECTION('center_axis',(0.,0.,1.));
#2530=DIRECTION('ref_axis',(1.,0.,0.));
#2531=DIRECTION('center_axis',(0.,0.,-1.));
#2532=DIRECTION('ref_axis',(1.,0.,0.));
#2533=DIRECTION('',(0.707106781186547,-8.65956056235493E-17,-0.707106781186548));
#2534=DIRECTION('center_axis',(0.,0.,-1.));
#2535=DIRECTION('ref_axis',(1.,0.,0.));
#2536=DIRECTION('center_axis',(0.,0.,-1.));
#2537=DIRECTION('ref_axis',(1.,0.,0.));
#2538=DIRECTION('',(0.,0.,-1.));
#2539=DIRECTION('center_axis',(0.,1.,0.));
#2540=DIRECTION('ref_axis',(1.,0.,0.));
#2541=DIRECTION('',(1.,0.,0.));
#2542=DIRECTION('',(0.,0.,1.));
#2543=DIRECTION('',(1.,0.,0.));
#2544=DIRECTION('',(0.,0.,-1.));
#2545=DIRECTION('center_axis',(0.,0.,-1.));
#2546=DIRECTION('ref_axis',(-1.,0.,0.));
#2547=DIRECTION('',(-1.,0.,0.));
#2548=DIRECTION('',(0.,-1.,0.));
#2549=DIRECTION('',(0.,1.,0.));
#2550=DIRECTION('center_axis',(1.,0.,0.));
#2551=DIRECTION('ref_axis',(0.,1.,0.));
#2552=DIRECTION('',(0.,0.,1.));
#2553=DIRECTION('',(0.,1.,0.));
#2554=DIRECTION('',(0.,0.,1.));
#2555=DIRECTION('',(0.,1.,0.));
#2556=DIRECTION('',(0.,0.,1.));
#2557=DIRECTION('',(0.,-1.,0.));
#2558=DIRECTION('center_axis',(0.,-1.,0.));
#2559=DIRECTION('ref_axis',(-1.,0.,0.));
#2560=DIRECTION('',(-1.,0.,0.));
#2561=DIRECTION('',(0.,0.,-1.));
#2562=DIRECTION('center_axis',(0.,0.,-1.));
#2563=DIRECTION('ref_axis',(-1.,0.,0.));
#2564=DIRECTION('',(1.,0.,0.));
#2565=DIRECTION('',(0.,1.,0.));
#2566=DIRECTION('center_axis',(0.,1.,0.));
#2567=DIRECTION('ref_axis',(-1.,0.,0.));
#2568=DIRECTION('',(-1.,0.,0.));
#2569=DIRECTION('',(0.,0.,1.));
#2570=DIRECTION('center_axis',(0.,-1.,0.));
#2571=DIRECTION('ref_axis',(1.,0.,0.));
#2572=DIRECTION('',(-1.,0.,0.));
#2573=DIRECTION('',(-1.,0.,0.));
#2574=DIRECTION('',(0.,0.,-1.));
#2575=DIRECTION('center_axis',(-1.,0.,0.));
#2576=DIRECTION('ref_axis',(0.,-1.,0.));
#2577=DIRECTION('',(0.,-1.,0.));
#2578=DIRECTION('',(0.,-1.,0.));
#2579=DIRECTION('center_axis',(0.,0.,1.));
#2580=DIRECTION('ref_axis',(1.,0.,0.));
#2581=DIRECTION('center_axis',(0.,0.,1.));
#2582=DIRECTION('ref_axis',(-1.,0.,0.));
#2583=DIRECTION('axis',(0.,0.,1.));
#2584=DIRECTION('refdir',(1.,0.,0.));
#2585=DIRECTION('center_axis',(1.,5.9211894646675E-16,0.));
#2586=DIRECTION('ref_axis',(5.9211894646675E-16,-1.,0.));
#2587=DIRECTION('',(-5.91758243603081E-16,0.999390827019096,0.034899496702501));
#2588=DIRECTION('',(0.,0.,-1.));
#2589=DIRECTION('',(-5.9211894646675E-16,1.,0.));
#2590=DIRECTION('',(0.,0.,-1.));
#2591=DIRECTION('center_axis',(2.96059473233375E-16,1.,0.));
#2592=DIRECTION('ref_axis',(1.,-2.96059473233375E-16,0.));
#2593=DIRECTION('',(-1.,2.96059473233375E-16,1.03386246206309E-17));
#2594=DIRECTION('',(0.,0.,-1.));
#2595=DIRECTION('',(-1.,2.96059473233375E-16,0.));
#2596=DIRECTION('center_axis',(0.,0.,-1.));
#2597=DIRECTION('ref_axis',(-1.,0.,0.));
#2598=DIRECTION('center_axis',(0.,0.034899496702501,-0.999390827019096));
#2599=DIRECTION('ref_axis',(0.,0.999390827019096,0.034899496702501));
#2600=DIRECTION('',(0.,0.,1.));
#2601=DIRECTION('center_axis',(0.,0.,1.));
#2602=DIRECTION('ref_axis',(-1.,0.,0.));
#2603=DIRECTION('center_axis',(-1.,0.,0.));
#2604=DIRECTION('ref_axis',(0.,1.,0.));
#2605=DIRECTION('',(0.,-0.999390827019096,-0.034899496702501));
#2606=DIRECTION('',(0.,0.,-1.));
#2607=DIRECTION('',(0.,-1.,0.));
#2608=DIRECTION('center_axis',(-1.48029736616687E-16,-1.,0.));
#2609=DIRECTION('ref_axis',(-1.,1.48029736616687E-16,0.));
#2610=DIRECTION('',(1.,-1.48029736616687E-16,-5.16931231031547E-18));
#2611=DIRECTION('',(1.,-1.48029736616687E-16,0.));
#2612=DIRECTION('center_axis',(0.,0.,-1.));
#2613=DIRECTION('ref_axis',(-1.,0.,0.));
#2614=DIRECTION('center_axis',(0.,0.034899496702501,-0.999390827019096));
#2615=DIRECTION('ref_axis',(-1.,0.,0.));
#2616=DIRECTION('',(0.,0.,1.));
#2617=DIRECTION('',(1.,0.,0.));
#2618=DIRECTION('',(0.,0.,1.));
#2619=DIRECTION('',(1.,0.,0.));
#2620=DIRECTION('',(0.,0.,1.));
#2621=DIRECTION('',(1.,0.,0.));
#2622=DIRECTION('',(0.,0.,1.));
#2623=DIRECTION('',(1.,0.,0.));
#2624=DIRECTION('',(0.,0.,1.));
#2625=DIRECTION('',(1.,0.,0.));
#2626=DIRECTION('',(0.,0.,1.));
#2627=DIRECTION('',(1.,0.,0.));
#2628=CARTESIAN_POINT('',(0.,0.,0.));
#2629=CARTESIAN_POINT('',(0.,0.,0.));
#2630=CARTESIAN_POINT('Origin',(8.00000000000001,36.5,17.35));
#2631=CARTESIAN_POINT('',(11.,36.5,17.35));
#2632=CARTESIAN_POINT('Origin',(8.00000000000001,36.5,17.35));
#2633=CARTESIAN_POINT('',(11.,36.5,0.));
#2634=CARTESIAN_POINT('',(11.,36.5,17.35));
#2635=CARTESIAN_POINT('Origin',(8.00000000000001,36.5,0.));
#2636=CARTESIAN_POINT('Origin',(8.00000000000001,6.5,17.35));
#2637=CARTESIAN_POINT('',(11.,6.5,17.35));
#2638=CARTESIAN_POINT('Origin',(8.00000000000001,6.5,17.35));
#2639=CARTESIAN_POINT('',(11.,6.5,0.));
#2640=CARTESIAN_POINT('',(11.,6.5,17.35));
#2641=CARTESIAN_POINT('Origin',(8.00000000000001,6.5,0.));
#2642=CARTESIAN_POINT('Origin',(128.,46.5,17.35));
#2643=CARTESIAN_POINT('',(131.,46.5,17.35));
#2644=CARTESIAN_POINT('Origin',(128.,46.5,17.35));
#2645=CARTESIAN_POINT('',(131.,46.5,0.));
#2646=CARTESIAN_POINT('',(131.,46.5,17.35));
#2647=CARTESIAN_POINT('Origin',(128.,46.5,0.));
#2648=CARTESIAN_POINT('Origin',(128.,36.5,17.35));
#2649=CARTESIAN_POINT('',(131.,36.5,17.35));
#2650=CARTESIAN_POINT('Origin',(128.,36.5,17.35));
#2651=CARTESIAN_POINT('',(131.,36.5,0.));
#2652=CARTESIAN_POINT('',(131.,36.5,17.35));
#2653=CARTESIAN_POINT('Origin',(128.,36.5,0.));
#2654=CARTESIAN_POINT('Origin',(8.00000000000001,16.5,17.35));
#2655=CARTESIAN_POINT('',(11.,16.5,17.35));
#2656=CARTESIAN_POINT('Origin',(8.00000000000001,16.5,17.35));
#2657=CARTESIAN_POINT('',(11.,16.5,0.));
#2658=CARTESIAN_POINT('',(11.,16.5,17.35));
#2659=CARTESIAN_POINT('Origin',(8.00000000000001,16.5,0.));
#2660=CARTESIAN_POINT('Origin',(8.00000000000001,46.5,17.35));
#2661=CARTESIAN_POINT('',(11.,46.5,17.35));
#2662=CARTESIAN_POINT('Origin',(8.00000000000001,46.5,17.35));
#2663=CARTESIAN_POINT('',(11.,46.5,0.));
#2664=CARTESIAN_POINT('',(11.,46.5,17.35));
#2665=CARTESIAN_POINT('Origin',(8.00000000000001,46.5,0.));
#2666=CARTESIAN_POINT('Origin',(128.,6.5,17.35));
#2667=CARTESIAN_POINT('',(131.,6.5,17.35));
#2668=CARTESIAN_POINT('Origin',(128.,6.5,17.35));
#2669=CARTESIAN_POINT('',(131.,6.5,0.));
#2670=CARTESIAN_POINT('',(131.,6.5,17.35));
#2671=CARTESIAN_POINT('Origin',(128.,6.5,0.));
#2672=CARTESIAN_POINT('Origin',(128.,16.5,17.35));
#2673=CARTESIAN_POINT('',(131.,16.5,17.35));
#2674=CARTESIAN_POINT('Origin',(128.,16.5,17.35));
#2675=CARTESIAN_POINT('',(131.,16.5,0.));
#2676=CARTESIAN_POINT('',(131.,16.5,17.35));
#2677=CARTESIAN_POINT('Origin',(128.,16.5,0.));
#2678=CARTESIAN_POINT('Origin',(68.,17.,15.615));
#2679=CARTESIAN_POINT('',(65.5,17.,17.35));
#2680=CARTESIAN_POINT('Origin',(68.,17.,17.35));
#2681=CARTESIAN_POINT('',(65.5,17.,0.));
#2682=CARTESIAN_POINT('',(65.5,17.,15.615));
#2683=CARTESIAN_POINT('Origin',(68.,17.,0.));
#2684=CARTESIAN_POINT('Origin',(28.,17.,15.615));
#2685=CARTESIAN_POINT('',(25.5,17.,17.35));
#2686=CARTESIAN_POINT('Origin',(28.,17.,17.35));
#2687=CARTESIAN_POINT('',(25.5,17.,0.));
#2688=CARTESIAN_POINT('',(25.5,17.,15.615));
#2689=CARTESIAN_POINT('Origin',(28.,17.,0.));
#2690=CARTESIAN_POINT('Origin',(108.,17.,15.615));
#2691=CARTESIAN_POINT('',(105.5,17.,17.35));
#2692=CARTESIAN_POINT('Origin',(108.,17.,17.35));
#2693=CARTESIAN_POINT('',(105.5,17.,0.));
#2694=CARTESIAN_POINT('',(105.5,17.,15.615));
#2695=CARTESIAN_POINT('Origin',(108.,17.,0.));
#2696=CARTESIAN_POINT('Origin',(108.,44.,0.));
#2697=CARTESIAN_POINT('',(104.,44.,17.35));
#2698=CARTESIAN_POINT('Origin',(108.,44.,17.35));
#2699=CARTESIAN_POINT('',(104.,44.,0.));
#2700=CARTESIAN_POINT('',(104.,44.,0.));
#2701=CARTESIAN_POINT('Origin',(108.,44.,0.));
#2702=CARTESIAN_POINT('Origin',(28.,44.,0.));
#2703=CARTESIAN_POINT('',(24.,44.,17.35));
#2704=CARTESIAN_POINT('Origin',(28.,44.,17.35));
#2705=CARTESIAN_POINT('',(24.,44.,0.));
#2706=CARTESIAN_POINT('',(24.,44.,0.));
#2707=CARTESIAN_POINT('Origin',(28.,44.,0.));
#2708=CARTESIAN_POINT('Origin',(136.,53.,0.));
#2709=CARTESIAN_POINT('',(136.,53.,0.));
#2710=CARTESIAN_POINT('',(0.,53.,0.));
#2711=CARTESIAN_POINT('',(136.,53.,0.));
#2712=CARTESIAN_POINT('',(0.,53.,17.35));
#2713=CARTESIAN_POINT('',(0.,53.,0.));
#2714=CARTESIAN_POINT('',(136.,53.,17.35));
#2715=CARTESIAN_POINT('',(136.,53.,17.35));
#2716=CARTESIAN_POINT('',(136.,53.,0.));
#2717=CARTESIAN_POINT('Origin',(136.,0.,0.));
#2718=CARTESIAN_POINT('',(136.,0.,0.));
#2719=CARTESIAN_POINT('',(136.,0.,0.));
#2720=CARTESIAN_POINT('',(136.,0.,17.35));
#2721=CARTESIAN_POINT('',(136.,0.,17.35));
#2722=CARTESIAN_POINT('',(136.,0.,0.));
#2723=CARTESIAN_POINT('Origin',(0.,0.,0.));
#2724=CARTESIAN_POINT('',(0.,0.,0.));
#2725=CARTESIAN_POINT('',(0.,0.,0.));
#2726=CARTESIAN_POINT('',(0.,0.,17.35));
#2727=CARTESIAN_POINT('',(0.,0.,17.35));
#2728=CARTESIAN_POINT('',(0.,0.,0.));
#2729=CARTESIAN_POINT('Origin',(0.,53.,0.));
#2730=CARTESIAN_POINT('',(0.,53.,0.));
#2731=CARTESIAN_POINT('',(0.,53.,17.35));
#2732=CARTESIAN_POINT('Origin',(68.,26.5,17.35));
#2733=CARTESIAN_POINT('Origin',(68.,26.5,0.));
#2734=CARTESIAN_POINT('',(0.,0.,0.));
#2735=CARTESIAN_POINT('Origin',(55.,3.35,28.4));
#2736=CARTESIAN_POINT('',(57.1,3.35,28.4));
#2737=CARTESIAN_POINT('Origin',(55.,3.35,28.4));
#2738=CARTESIAN_POINT('',(57.1,3.35,17.35));
#2739=CARTESIAN_POINT('',(57.1,3.35,28.4));
#2740=CARTESIAN_POINT('Origin',(55.,3.35,17.35));
#2741=CARTESIAN_POINT('Origin',(81.,3.35000000000001,28.4));
#2742=CARTESIAN_POINT('',(83.1,3.35000000000001,28.4));
#2743=CARTESIAN_POINT('Origin',(81.,3.35000000000001,28.4));
#2744=CARTESIAN_POINT('',(83.1,3.35000000000001,17.35));
#2745=CARTESIAN_POINT('',(83.1,3.35000000000001,28.4));
#2746=CARTESIAN_POINT('Origin',(81.,3.35000000000001,17.35));
#2747=CARTESIAN_POINT('Origin',(29.,3.35,28.4));
#2748=CARTESIAN_POINT('',(31.1,3.35,28.4));
#2749=CARTESIAN_POINT('Origin',(29.,3.35,28.4));
#2750=CARTESIAN_POINT('',(31.1,3.35,17.35));
#2751=CARTESIAN_POINT('',(31.1,3.35,28.4));
#2752=CARTESIAN_POINT('Origin',(29.,3.35,17.35));
#2753=CARTESIAN_POINT('Origin',(107.,3.35000000000001,28.4));
#2754=CARTESIAN_POINT('',(109.1,3.35000000000001,28.4));
#2755=CARTESIAN_POINT('Origin',(107.,3.35000000000001,28.4));
#2756=CARTESIAN_POINT('',(109.1,3.35000000000001,17.35));
#2757=CARTESIAN_POINT('',(109.1,3.35000000000001,28.4));
#2758=CARTESIAN_POINT('Origin',(107.,3.35000000000001,17.35));
#2759=CARTESIAN_POINT('Origin',(28.,17.,34.7));
#2760=CARTESIAN_POINT('',(33.5,17.,34.7));
#2761=CARTESIAN_POINT('Origin',(28.,17.,34.7));
#2762=CARTESIAN_POINT('',(33.5,17.,28.2));
#2763=CARTESIAN_POINT('',(33.5,17.,34.7));
#2764=CARTESIAN_POINT('Origin',(28.,17.,28.2));
#2765=CARTESIAN_POINT('Origin',(28.,17.,28.2));
#2766=CARTESIAN_POINT('',(31.25,17.,28.2));
#2767=CARTESIAN_POINT('Origin',(28.,17.,28.2));
#2768=CARTESIAN_POINT('Origin',(68.,17.,34.7));
#2769=CARTESIAN_POINT('',(73.5,17.,34.7));
#2770=CARTESIAN_POINT('Origin',(68.,17.,34.7));
#2771=CARTESIAN_POINT('',(73.5,17.,28.2));
#2772=CARTESIAN_POINT('',(73.5,17.,34.7));
#2773=CARTESIAN_POINT('Origin',(68.,17.,28.2));
#2774=CARTESIAN_POINT('Origin',(68.,17.,28.2));
#2775=CARTESIAN_POINT('',(71.25,17.,28.2));
#2776=CARTESIAN_POINT('Origin',(68.,17.,28.2));
#2777=CARTESIAN_POINT('Origin',(108.,17.,34.7));
#2778=CARTESIAN_POINT('',(113.5,17.,34.7));
#2779=CARTESIAN_POINT('Origin',(108.,17.,34.7));
#2780=CARTESIAN_POINT('',(113.5,17.,28.2));
#2781=CARTESIAN_POINT('',(113.5,17.,34.7));
#2782=CARTESIAN_POINT('Origin',(108.,17.,28.2));
#2783=CARTESIAN_POINT('Origin',(108.,17.,28.2));
#2784=CARTESIAN_POINT('',(111.25,17.,28.2));
#2785=CARTESIAN_POINT('Origin',(108.,17.,28.2));
#2786=CARTESIAN_POINT('Origin',(28.,17.,34.7));
#2787=CARTESIAN_POINT('',(31.25,17.,17.35));
#2788=CARTESIAN_POINT('',(31.25,17.,34.7));
#2789=CARTESIAN_POINT('Origin',(28.,17.,17.35));
#2790=CARTESIAN_POINT('Origin',(68.,17.,34.7));
#2791=CARTESIAN_POINT('',(71.25,17.,17.35));
#2792=CARTESIAN_POINT('',(71.25,17.,34.7));
#2793=CARTESIAN_POINT('Origin',(68.,17.,17.35));
#2794=CARTESIAN_POINT('Origin',(108.,17.,34.7));
#2795=CARTESIAN_POINT('',(111.25,17.,17.35));
#2796=CARTESIAN_POINT('',(111.25,17.,34.7));
#2797=CARTESIAN_POINT('Origin',(108.,17.,17.35));
#2798=CARTESIAN_POINT('Origin',(118.,-3.,34.7));
#2799=CARTESIAN_POINT('',(118.,-3.,33.2));
#2800=CARTESIAN_POINT('',(18.,-3.,33.2));
#2801=CARTESIAN_POINT('',(93.,-3.,33.2));
#2802=CARTESIAN_POINT('',(118.,-3.,28.4));
#2803=CARTESIAN_POINT('',(118.,-3.,26.025));
#2804=CARTESIAN_POINT('',(18.,-3.,28.4));
#2805=CARTESIAN_POINT('',(18.,-3.,28.4));
#2806=CARTESIAN_POINT('',(18.,-3.,26.025));
#2807=CARTESIAN_POINT('Origin',(68.,3.35,28.4));
#2808=CARTESIAN_POINT('',(18.,9.7,28.4));
#2809=CARTESIAN_POINT('',(18.,21.675,28.4));
#2810=CARTESIAN_POINT('',(118.,9.7,28.4));
#2811=CARTESIAN_POINT('',(118.,-1.325,28.4));
#2812=CARTESIAN_POINT('',(118.,9.7,28.4));
#2813=CARTESIAN_POINT('Origin',(18.,40.,17.35));
#2814=CARTESIAN_POINT('',(18.,9.7,34.7));
#2815=CARTESIAN_POINT('',(18.,9.7,26.025));
#2816=CARTESIAN_POINT('',(18.,40.,34.7));
#2817=CARTESIAN_POINT('',(18.,40.,34.7));
#2818=CARTESIAN_POINT('',(18.,40.,17.35));
#2819=CARTESIAN_POINT('',(18.,40.,17.35));
#2820=CARTESIAN_POINT('',(18.,-6.,17.35));
#2821=CARTESIAN_POINT('',(18.,40.,17.35));
#2822=CARTESIAN_POINT('',(18.,-6.,33.2));
#2823=CARTESIAN_POINT('',(18.,-6.,17.35));
#2824=CARTESIAN_POINT('',(18.,20.925,33.2));
#2825=CARTESIAN_POINT('Origin',(18.,9.7,34.7));
#2826=CARTESIAN_POINT('',(118.,9.7,34.7));
#2827=CARTESIAN_POINT('',(43.,9.7,34.7));
#2828=CARTESIAN_POINT('',(118.,9.7,26.025));
#2829=CARTESIAN_POINT('Origin',(68.,1.85,33.2));
#2830=CARTESIAN_POINT('',(118.,-6.,33.2));
#2831=CARTESIAN_POINT('',(43.,-6.,33.2));
#2832=CARTESIAN_POINT('',(118.,-2.075,33.2));
#2833=CARTESIAN_POINT('Origin',(18.,-6.,17.35));
#2834=CARTESIAN_POINT('',(118.,-6.,17.35));
#2835=CARTESIAN_POINT('',(18.,-6.,17.35));
#2836=CARTESIAN_POINT('',(118.,-6.,17.35));
#2837=CARTESIAN_POINT('Origin',(118.,40.,17.35));
#2838=CARTESIAN_POINT('',(118.,40.,17.35));
#2839=CARTESIAN_POINT('',(118.,40.,17.35));
#2840=CARTESIAN_POINT('',(118.,40.,34.7));
#2841=CARTESIAN_POINT('',(118.,40.,34.7));
#2842=CARTESIAN_POINT('',(118.,40.,17.35));
#2843=CARTESIAN_POINT('Origin',(118.,-6.,17.35));
#2844=CARTESIAN_POINT('',(118.,-6.,17.35));
#2845=CARTESIAN_POINT('',(118.,-6.,34.7));
#2846=CARTESIAN_POINT('Origin',(68.,17.,34.7));
#2847=CARTESIAN_POINT('Origin',(68.,17.,17.35));
#2848=CARTESIAN_POINT('',(0.,0.,0.));
#2849=CARTESIAN_POINT('',(0.,0.,0.));
#2850=CARTESIAN_POINT('Origin',(35.5,-44.,15.615));
#2851=CARTESIAN_POINT('',(31.25,-44.,17.35));
#2852=CARTESIAN_POINT('Origin',(35.5,-44.,17.35));
#2853=CARTESIAN_POINT('',(31.25,-44.,0.));
#2854=CARTESIAN_POINT('',(31.25,-44.,15.615));
#2855=CARTESIAN_POINT('Origin',(35.5,-44.,0.));
#2856=CARTESIAN_POINT('Origin',(100.5,-44.,15.615));
#2857=CARTESIAN_POINT('',(96.25,-44.,17.35));
#2858=CARTESIAN_POINT('Origin',(100.5,-44.,17.35));
#2859=CARTESIAN_POINT('',(96.25,-44.,0.));
#2860=CARTESIAN_POINT('',(96.25,-44.,15.615));
#2861=CARTESIAN_POINT('Origin',(100.5,-44.,0.));
#2862=CARTESIAN_POINT('Origin',(4.85,-67.,17.35));
#2863=CARTESIAN_POINT('',(4.85,-67.,9.70872383388786));
#2864=CARTESIAN_POINT('',(4.85,-32.,10.930950766099));
#2865=CARTESIAN_POINT('',(4.85,-73.3667428799368,9.48639227336436));
#2866=CARTESIAN_POINT('',(4.85,-67.,0.));
#2867=CARTESIAN_POINT('',(4.85,-67.,17.35));
#2868=CARTESIAN_POINT('',(4.85,-32.,0.));
#2869=CARTESIAN_POINT('',(4.85,-58.5,0.));
#2870=CARTESIAN_POINT('',(4.85,-32.,17.35));
#2871=CARTESIAN_POINT('Origin',(8.00000000000001,-32.,17.35));
#2872=CARTESIAN_POINT('',(11.15,-32.,10.930950766099));
#2873=CARTESIAN_POINT('Origin',(8.00000000000001,-32.,10.930950766099));
#2874=CARTESIAN_POINT('',(11.15,-32.,0.));
#2875=CARTESIAN_POINT('Origin',(8.00000000000001,-32.,0.));
#2876=CARTESIAN_POINT('',(11.15,-32.,17.35));
#2877=CARTESIAN_POINT('Origin',(11.15,-32.,17.35));
#2878=CARTESIAN_POINT('',(11.15,-67.,9.70872383388786));
#2879=CARTESIAN_POINT('',(11.15,-55.8880574401633,10.0967614186255));
#2880=CARTESIAN_POINT('',(11.15,-67.,0.));
#2881=CARTESIAN_POINT('',(11.15,-41.,0.));
#2882=CARTESIAN_POINT('',(11.15,-67.,17.35));
#2883=CARTESIAN_POINT('Origin',(8.,-67.,17.35));
#2884=CARTESIAN_POINT('Origin',(8.,-67.,9.70872383388786));
#2885=CARTESIAN_POINT('Origin',(8.,-67.,0.));
#2886=CARTESIAN_POINT('Origin',(124.85,-67.,17.35));
#2887=CARTESIAN_POINT('',(124.85,-67.,9.70872383388786));
#2888=CARTESIAN_POINT('',(124.85,-32.,10.930950766099));
#2889=CARTESIAN_POINT('',(124.85,-43.3667428799367,10.5340153581168));
#2890=CARTESIAN_POINT('',(124.85,-67.,0.));
#2891=CARTESIAN_POINT('',(124.85,-67.,17.35));
#2892=CARTESIAN_POINT('',(124.85,-32.,0.));
#2893=CARTESIAN_POINT('',(124.85,-58.5,0.));
#2894=CARTESIAN_POINT('',(124.85,-32.,17.35));
#2895=CARTESIAN_POINT('Origin',(128.,-32.,17.35));
#2896=CARTESIAN_POINT('',(131.15,-32.,10.930950766099));
#2897=CARTESIAN_POINT('Origin',(128.,-32.,10.930950766099));
#2898=CARTESIAN_POINT('',(131.15,-32.,0.));
#2899=CARTESIAN_POINT('Origin',(128.,-32.,0.));
#2900=CARTESIAN_POINT('',(131.15,-32.,17.35));
#2901=CARTESIAN_POINT('Origin',(131.15,-32.,17.35));
#2902=CARTESIAN_POINT('',(131.15,-67.,9.70872383388786));
#2903=CARTESIAN_POINT('',(131.15,-25.8880574401633,11.1443845033779));
#2904=CARTESIAN_POINT('',(131.15,-67.,0.));
#2905=CARTESIAN_POINT('',(131.15,-41.,0.));
#2906=CARTESIAN_POINT('',(131.15,-67.,17.35));
#2907=CARTESIAN_POINT('Origin',(128.,-67.,17.35));
#2908=CARTESIAN_POINT('Origin',(128.,-67.,9.70872383388786));
#2909=CARTESIAN_POINT('Origin',(128.,-67.,0.));
#2910=CARTESIAN_POINT('Origin',(136.,-20.,11.35));
#2911=CARTESIAN_POINT('',(118.,-21.,11.3150792305083));
#2912=CARTESIAN_POINT('',(118.,-80.,9.25475383049514));
#2913=CARTESIAN_POINT('',(118.,-35.,10.8261884576238));
#2914=CARTESIAN_POINT('',(136.,-80.,9.25475383049514));
#2915=CARTESIAN_POINT('',(136.,-80.,9.25475383049514));
#2916=CARTESIAN_POINT('',(136.,-21.,11.3150792305083));
#2917=CARTESIAN_POINT('',(136.,-19.8953652893838,11.3536539246103));
#2918=CARTESIAN_POINT('',(68.,-21.,11.3150792305083));
#2919=CARTESIAN_POINT('Origin',(136.,-80.,17.35));
#2920=CARTESIAN_POINT('',(118.,-80.,17.35));
#2921=CARTESIAN_POINT('',(118.,-80.,17.35));
#2922=CARTESIAN_POINT('',(18.,-80.,17.35));
#2923=CARTESIAN_POINT('',(136.,-80.,17.35));
#2924=CARTESIAN_POINT('',(18.,-80.,9.25475383049514));
#2925=CARTESIAN_POINT('',(18.,-80.,17.35));
#2926=CARTESIAN_POINT('',(3.62381490321058E-15,-80.,9.25475383049514));
#2927=CARTESIAN_POINT('',(68.,-80.,9.25475383049514));
#2928=CARTESIAN_POINT('',(0.,-80.,0.));
#2929=CARTESIAN_POINT('',(3.62381490321058E-15,-80.,17.35));
#2930=CARTESIAN_POINT('',(136.,-80.,0.));
#2931=CARTESIAN_POINT('',(136.,-80.,0.));
#2932=CARTESIAN_POINT('',(136.,-80.,17.35));
#2933=CARTESIAN_POINT('Origin',(3.62381490321058E-15,-80.,9.25475383049514));
#2934=CARTESIAN_POINT('',(18.,-21.,11.3150792305083));
#2935=CARTESIAN_POINT('',(18.,-65.,9.77856537287136));
#2936=CARTESIAN_POINT('',(1.26463293421507E-15,-21.,11.3150792305083));
#2937=CARTESIAN_POINT('',(2.42423085117897E-15,-21.,11.3150792305083));
#2938=CARTESIAN_POINT('',(3.61816990230918E-15,-79.8588260432812,9.25968373369595));
#2939=CARTESIAN_POINT('Origin',(3.62381490321058E-15,-80.,17.35));
#2940=CARTESIAN_POINT('',(1.26463293421507E-15,-21.,0.));
#2941=CARTESIAN_POINT('',(1.26463293421507E-15,-21.,17.35));
#2942=CARTESIAN_POINT('',(3.62381490321058E-15,-80.,0.));
#2943=CARTESIAN_POINT('Origin',(18.,-20.,17.35));
#2944=CARTESIAN_POINT('',(18.,-21.,17.35));
#2945=CARTESIAN_POINT('',(18.,-35.,17.35));
#2946=CARTESIAN_POINT('',(18.,-21.,17.35));
#2947=CARTESIAN_POINT('Origin',(118.,-80.,17.35));
#2948=CARTESIAN_POINT('',(118.,-21.,17.35));
#2949=CARTESIAN_POINT('',(118.,-65.,17.35));
#2950=CARTESIAN_POINT('',(118.,-21.,17.35));
#2951=CARTESIAN_POINT('Origin',(68.,-50.,17.35));
#2952=CARTESIAN_POINT('',(34.,-21.,17.35));
#2953=CARTESIAN_POINT('Origin',(136.,-20.,17.35));
#2954=CARTESIAN_POINT('',(136.,-21.,0.));
#2955=CARTESIAN_POINT('',(136.,-20.,0.));
#2956=CARTESIAN_POINT('',(136.,-21.,17.35));
#2957=CARTESIAN_POINT('Origin',(1.22464679914735E-15,-21.,17.35));
#2958=CARTESIAN_POINT('',(34.,-21.,0.));
#2959=CARTESIAN_POINT('Origin',(68.,-50.,0.));
#2960=CARTESIAN_POINT('',(-34.,22.,-7.5));
#2961=CARTESIAN_POINT('',(0.,0.,0.));
#2962=CARTESIAN_POINT('Origin',(81.,-23.35,28.4));
#2963=CARTESIAN_POINT('',(83.1,-23.35,28.4));
#2964=CARTESIAN_POINT('Origin',(81.,-23.35,28.4));
#2965=CARTESIAN_POINT('',(83.1,-23.35,17.35));
#2966=CARTESIAN_POINT('',(83.1,-23.35,28.4));
#2967=CARTESIAN_POINT('Origin',(81.,-23.35,17.35));
#2968=CARTESIAN_POINT('Origin',(55.,-23.35,28.4));
#2969=CARTESIAN_POINT('',(57.1,-23.35,28.4));
#2970=CARTESIAN_POINT('Origin',(55.,-23.35,28.4));
#2971=CARTESIAN_POINT('',(57.1,-23.35,17.35));
#2972=CARTESIAN_POINT('',(57.1,-23.35,28.4));
#2973=CARTESIAN_POINT('Origin',(55.,-23.35,17.35));
#2974=CARTESIAN_POINT('Origin',(107.,-23.35,28.4));
#2975=CARTESIAN_POINT('',(109.1,-23.35,28.4));
#2976=CARTESIAN_POINT('Origin',(107.,-23.35,28.4));
#2977=CARTESIAN_POINT('',(109.1,-23.35,17.35));
#2978=CARTESIAN_POINT('',(109.1,-23.35,28.4));
#2979=CARTESIAN_POINT('Origin',(107.,-23.35,17.35));
#2980=CARTESIAN_POINT('Origin',(29.,-23.35,28.4));
#2981=CARTESIAN_POINT('',(31.1,-23.35,28.4));
#2982=CARTESIAN_POINT('Origin',(29.,-23.35,28.4));
#2983=CARTESIAN_POINT('',(31.1,-23.35,17.35));
#2984=CARTESIAN_POINT('',(31.1,-23.35,28.4));
#2985=CARTESIAN_POINT('Origin',(29.,-23.35,17.35));
#2986=CARTESIAN_POINT('Origin',(35.5,-42.,34.7));
#2987=CARTESIAN_POINT('',(30.4,-42.,29.9181383699209));
#2988=CARTESIAN_POINT('',(40.6,-42.,29.9181383699209));
#2989=CARTESIAN_POINT('Ctrl Pts',(30.4,-42.,29.9181383699209));
#2990=CARTESIAN_POINT('Ctrl Pts',(30.4,-41.3651214426158,30.1499246135362));
#2991=CARTESIAN_POINT('Ctrl Pts',(30.5259685061593,-40.6800239601295,30.384122561542));
#2992=CARTESIAN_POINT('Ctrl Pts',(31.0535284052849,-39.4092060954074,30.7973472512773));
#2993=CARTESIAN_POINT('Ctrl Pts',(31.4553267889499,-38.8238160406316,30.9771251750975));
#2994=CARTESIAN_POINT('Ctrl Pts',(32.3729576532249,-37.9230556959209,31.2469778897934));
#2995=CARTESIAN_POINT('Ctrl Pts',(32.938656042526,-37.5388170613379,31.3580984855996));
#2996=CARTESIAN_POINT('Ctrl Pts',(34.183167078108,-37.0272153696936,31.5044528034802));
#2997=CARTESIAN_POINT('Ctrl Pts',(34.8620035478878,-36.9,31.54));
#2998=CARTESIAN_POINT('Ctrl Pts',(36.1379964521123,-36.9,31.54));
#2999=CARTESIAN_POINT('Ctrl Pts',(36.8168329218921,-37.0272153696936,31.5044528034802));
#3000=CARTESIAN_POINT('Ctrl Pts',(38.0613439574741,-37.5388170613379,31.3580984855996));
#3001=CARTESIAN_POINT('Ctrl Pts',(38.6270423467751,-37.9230556959209,31.2469778897934));
#3002=CARTESIAN_POINT('Ctrl Pts',(39.5446732110501,-38.8238160406316,30.9771251750975));
#3003=CARTESIAN_POINT('Ctrl Pts',(39.9464715947151,-39.4092060954074,30.7973472512773));
#3004=CARTESIAN_POINT('Ctrl Pts',(40.4740314938407,-40.6800239601295,30.384122561542));
#3005=CARTESIAN_POINT('Ctrl Pts',(40.6,-41.3651214426158,30.1499246135362));
#3006=CARTESIAN_POINT('Ctrl Pts',(40.6,-42.,29.9181383699209));
#3007=CARTESIAN_POINT('',(30.4,-42.,17.35));
#3008=CARTESIAN_POINT('',(30.4,-42.,34.7));
#3009=CARTESIAN_POINT('',(40.6,-42.,17.35));
#3010=CARTESIAN_POINT('Origin',(35.5,-42.,17.35));
#3011=CARTESIAN_POINT('',(40.6,-42.,34.7));
#3012=CARTESIAN_POINT('Origin',(40.6,-42.,34.7));
#3013=CARTESIAN_POINT('',(40.6,-46.,29.9181383699209));
#3014=CARTESIAN_POINT('Ctrl Pts',(40.6,-42.,29.9181383699209));
#3015=CARTESIAN_POINT('Ctrl Pts',(40.6,-43.9999999999928,29.1879633122776));
#3016=CARTESIAN_POINT('Ctrl Pts',(40.6,-46.,29.9181383699209));
#3017=CARTESIAN_POINT('',(40.6,-46.,17.35));
#3018=CARTESIAN_POINT('',(40.6,-41.,17.35));
#3019=CARTESIAN_POINT('',(40.6,-46.,34.7));
#3020=CARTESIAN_POINT('Origin',(35.5,-46.,34.7));
#3021=CARTESIAN_POINT('',(30.4,-46.,29.9181383699209));
#3022=CARTESIAN_POINT('Ctrl Pts',(40.6,-46.,29.9181383699209));
#3023=CARTESIAN_POINT('Ctrl Pts',(40.6,-46.6348785573842,30.1499246135362));
#3024=CARTESIAN_POINT('Ctrl Pts',(40.4740314938407,-47.3199760398705,30.384122561542));
#3025=CARTESIAN_POINT('Ctrl Pts',(39.9464715947152,-48.5907939045926,30.7973472512773));
#3026=CARTESIAN_POINT('Ctrl Pts',(39.5446732110501,-49.1761839593684,30.9771251750975));
#3027=CARTESIAN_POINT('Ctrl Pts',(38.6270423467751,-50.0769443040791,31.2469778897934));
#3028=CARTESIAN_POINT('Ctrl Pts',(38.0613439574741,-50.4611829386621,31.3580984855996));
#3029=CARTESIAN_POINT('Ctrl Pts',(36.8168329218921,-50.9727846303064,31.5044528034802));
#3030=CARTESIAN_POINT('Ctrl Pts',(36.1379964521123,-51.1,31.54));
#3031=CARTESIAN_POINT('Ctrl Pts',(34.8620035478878,-51.1,31.54));
#3032=CARTESIAN_POINT('Ctrl Pts',(34.183167078108,-50.9727846303064,31.5044528034802));
#3033=CARTESIAN_POINT('Ctrl Pts',(32.938656042526,-50.4611829386621,31.3580984855996));
#3034=CARTESIAN_POINT('Ctrl Pts',(32.3729576532249,-50.0769443040791,31.2469778897934));
#3035=CARTESIAN_POINT('Ctrl Pts',(31.45532678895,-49.1761839593684,30.9771251750975));
#3036=CARTESIAN_POINT('Ctrl Pts',(31.0535284052849,-48.5907939045926,30.7973472512773));
#3037=CARTESIAN_POINT('Ctrl Pts',(30.5259685061593,-47.3199760398705,30.384122561542));
#3038=CARTESIAN_POINT('Ctrl Pts',(30.4,-46.6348785573843,30.1499246135362));
#3039=CARTESIAN_POINT('Ctrl Pts',(30.4,-46.,29.9181383699209));
#3040=CARTESIAN_POINT('',(30.4,-46.,17.35));
#3041=CARTESIAN_POINT('Origin',(35.5,-46.,17.35));
#3042=CARTESIAN_POINT('',(30.4,-46.,34.7));
#3043=CARTESIAN_POINT('Origin',(30.4,-46.,34.7));
#3044=CARTESIAN_POINT('',(30.4,-44.,29.5399999999966));
#3045=CARTESIAN_POINT('Ctrl Pts',(30.4,-46.,29.9181383699209));
#3046=CARTESIAN_POINT('Ctrl Pts',(30.4,-44.9642528432999,29.5399999999959));
#3047=CARTESIAN_POINT('Ctrl Pts',(30.4,-44.,29.5399999999966));
#3048=CARTESIAN_POINT('',(30.4,-43.,17.35));
#3049=CARTESIAN_POINT('Ctrl Pts',(30.4,-44.,29.5399999999966));
#3050=CARTESIAN_POINT('Ctrl Pts',(30.4,-43.0357471567037,29.5399999999973));
#3051=CARTESIAN_POINT('Ctrl Pts',(30.4,-42.,29.9181383699209));
#3052=CARTESIAN_POINT('Origin',(100.5,-42.,34.7));
#3053=CARTESIAN_POINT('',(95.4,-42.,29.9181383699209));
#3054=CARTESIAN_POINT('',(105.6,-42.,29.918138369921));
#3055=CARTESIAN_POINT('Ctrl Pts',(95.4,-42.0000000000001,29.9181383699209));
#3056=CARTESIAN_POINT('Ctrl Pts',(95.4,-41.3651214426158,30.1499246135362));
#3057=CARTESIAN_POINT('Ctrl Pts',(95.5259685061593,-40.6800239601296,30.384122561542));
#3058=CARTESIAN_POINT('Ctrl Pts',(96.0535284052849,-39.4092060954074,30.7973472512773));
#3059=CARTESIAN_POINT('Ctrl Pts',(96.4553267889499,-38.8238160406316,30.9771251750975));
#3060=CARTESIAN_POINT('Ctrl Pts',(97.3729576532249,-37.9230556959209,31.2469778897934));
#3061=CARTESIAN_POINT('Ctrl Pts',(97.9386560425259,-37.5388170613379,31.3580984855996));
#3062=CARTESIAN_POINT('Ctrl Pts',(99.1831670781079,-37.0272153696936,31.5044528034802));
#3063=CARTESIAN_POINT('Ctrl Pts',(99.8620035478878,-36.9,31.54));
#3064=CARTESIAN_POINT('Ctrl Pts',(101.137996452112,-36.9,31.54));
#3065=CARTESIAN_POINT('Ctrl Pts',(101.816832921892,-37.0272153696936,31.5044528034802));
#3066=CARTESIAN_POINT('Ctrl Pts',(103.061343957474,-37.5388170613379,31.3580984855996));
#3067=CARTESIAN_POINT('Ctrl Pts',(103.627042346775,-37.9230556959209,31.2469778897934));
#3068=CARTESIAN_POINT('Ctrl Pts',(104.54467321105,-38.8238160406316,30.9771251750975));
#3069=CARTESIAN_POINT('Ctrl Pts',(104.946471594715,-39.4092060954074,30.7973472512773));
#3070=CARTESIAN_POINT('Ctrl Pts',(105.474031493841,-40.6800239601295,30.3841225615421));
#3071=CARTESIAN_POINT('Ctrl Pts',(105.6,-41.3651214426157,30.1499246135362));
#3072=CARTESIAN_POINT('Ctrl Pts',(105.6,-42.,29.918138369921));
#3073=CARTESIAN_POINT('',(95.4,-42.,17.35));
#3074=CARTESIAN_POINT('',(95.4,-42.,34.7));
#3075=CARTESIAN_POINT('',(105.6,-42.,17.35));
#3076=CARTESIAN_POINT('Origin',(100.5,-42.,17.35));
#3077=CARTESIAN_POINT('',(105.6,-42.,34.7));
#3078=CARTESIAN_POINT('Origin',(105.6,-42.,34.7));
#3079=CARTESIAN_POINT('',(105.6,-46.,29.9181383699209));
#3080=CARTESIAN_POINT('Ctrl Pts',(105.6,-42.,29.918138369921));
#3081=CARTESIAN_POINT('Ctrl Pts',(105.6,-43.9999999999928,29.1879633122776));
#3082=CARTESIAN_POINT('Ctrl Pts',(105.6,-46.,29.9181383699209));
#3083=CARTESIAN_POINT('',(105.6,-46.,17.35));
#3084=CARTESIAN_POINT('',(105.6,-41.0000000000002,17.35));
#3085=CARTESIAN_POINT('',(105.6,-46.,34.7));
#3086=CARTESIAN_POINT('Origin',(100.5,-46.,34.7));
#3087=CARTESIAN_POINT('',(95.4,-46.,29.9181383699209));
#3088=CARTESIAN_POINT('Ctrl Pts',(105.6,-46.,29.9181383699209));
#3089=CARTESIAN_POINT('Ctrl Pts',(105.6,-46.6348785573842,30.1499246135362));
#3090=CARTESIAN_POINT('Ctrl Pts',(105.474031493841,-47.3199760398705,30.384122561542));
#3091=CARTESIAN_POINT('Ctrl Pts',(104.946471594715,-48.5907939045926,30.7973472512773));
#3092=CARTESIAN_POINT('Ctrl Pts',(104.54467321105,-49.1761839593684,30.9771251750975));
#3093=CARTESIAN_POINT('Ctrl Pts',(103.627042346775,-50.0769443040791,31.2469778897934));
#3094=CARTESIAN_POINT('Ctrl Pts',(103.061343957474,-50.4611829386621,31.3580984855996));
#3095=CARTESIAN_POINT('Ctrl Pts',(101.816832921892,-50.9727846303064,31.5044528034802));
#3096=CARTESIAN_POINT('Ctrl Pts',(101.137996452112,-51.1,31.54));
#3097=CARTESIAN_POINT('Ctrl Pts',(99.8620035478877,-51.1,31.54));
#3098=CARTESIAN_POINT('Ctrl Pts',(99.1831670781079,-50.9727846303064,31.5044528034802));
#3099=CARTESIAN_POINT('Ctrl Pts',(97.938656042526,-50.4611829386621,31.3580984855996));
#3100=CARTESIAN_POINT('Ctrl Pts',(97.3729576532249,-50.0769443040791,31.2469778897934));
#3101=CARTESIAN_POINT('Ctrl Pts',(96.4553267889499,-49.1761839593684,30.9771251750975));
#3102=CARTESIAN_POINT('Ctrl Pts',(96.0535284052849,-48.5907939045926,30.7973472512773));
#3103=CARTESIAN_POINT('Ctrl Pts',(95.5259685061593,-47.3199760398704,30.384122561542));
#3104=CARTESIAN_POINT('Ctrl Pts',(95.4,-46.6348785573842,30.1499246135362));
#3105=CARTESIAN_POINT('Ctrl Pts',(95.4,-46.,29.9181383699209));
#3106=CARTESIAN_POINT('',(95.4,-46.,17.35));
#3107=CARTESIAN_POINT('Origin',(100.5,-46.,17.35));
#3108=CARTESIAN_POINT('',(95.4,-46.,34.7));
#3109=CARTESIAN_POINT('Origin',(95.4,-46.,34.7));
#3110=CARTESIAN_POINT('',(95.4,-44.,29.5399999999966));
#3111=CARTESIAN_POINT('Ctrl Pts',(95.4,-46.,29.9181383699209));
#3112=CARTESIAN_POINT('Ctrl Pts',(95.4,-44.9642528432999,29.5399999999959));
#3113=CARTESIAN_POINT('Ctrl Pts',(95.4,-44.,29.5399999999966));
#3114=CARTESIAN_POINT('',(95.4,-42.9999999999999,17.35));
#3115=CARTESIAN_POINT('Ctrl Pts',(95.4,-44.,29.5399999999966));
#3116=CARTESIAN_POINT('Ctrl Pts',(95.4,-43.0357471567037,29.5399999999973));
#3117=CARTESIAN_POINT('Ctrl Pts',(95.4,-42.,29.9181383699209));
#3118=CARTESIAN_POINT('Origin',(35.5,-44.,29.565));
#3119=CARTESIAN_POINT('',(25.25,-44.,34.69));
#3120=CARTESIAN_POINT('Origin',(35.5,-44.,34.69));
#3121=CARTESIAN_POINT('',(30.375,-44.,29.565));
#3122=CARTESIAN_POINT('Origin',(35.5,-44.,34.695));
#3123=CARTESIAN_POINT('',(25.25,-44.,34.7));
#3124=CARTESIAN_POINT('Origin',(35.5,-44.,34.7));
#3125=CARTESIAN_POINT('',(25.25,-44.,34.695));
#3126=CARTESIAN_POINT('Origin',(100.5,-44.,29.565));
#3127=CARTESIAN_POINT('',(90.25,-44.,34.69));
#3128=CARTESIAN_POINT('Origin',(100.5,-44.,34.69));
#3129=CARTESIAN_POINT('',(95.375,-44.,29.565));
#3130=CARTESIAN_POINT('Origin',(100.5,-44.,34.695));
#3131=CARTESIAN_POINT('',(90.25,-44.,34.7));
#3132=CARTESIAN_POINT('Origin',(100.5,-44.,34.7));
#3133=CARTESIAN_POINT('',(90.25,-44.,34.695));
#3134=CARTESIAN_POINT('Origin',(18.,-17.,34.7));
#3135=CARTESIAN_POINT('',(18.,-17.,33.2));
#3136=CARTESIAN_POINT('',(118.,-17.,33.2));
#3137=CARTESIAN_POINT('',(43.,-17.,33.2));
#3138=CARTESIAN_POINT('',(18.,-17.,28.4));
#3139=CARTESIAN_POINT('',(18.,-17.,26.025));
#3140=CARTESIAN_POINT('',(118.,-17.,28.4));
#3141=CARTESIAN_POINT('',(18.,-17.,28.4));
#3142=CARTESIAN_POINT('',(118.,-17.,26.025));
#3143=CARTESIAN_POINT('Origin',(68.,-23.35,28.4));
#3144=CARTESIAN_POINT('',(118.,-29.7,28.4));
#3145=CARTESIAN_POINT('',(18.,-29.7,28.4));
#3146=CARTESIAN_POINT('',(118.,-29.7,28.4));
#3147=CARTESIAN_POINT('',(118.,-44.675,28.4));
#3148=CARTESIAN_POINT('',(18.,-18.675,28.4));
#3149=CARTESIAN_POINT('Origin',(118.,-66.,17.35));
#3150=CARTESIAN_POINT('',(118.,-29.7,34.7));
#3151=CARTESIAN_POINT('',(118.,-29.7,26.025));
#3152=CARTESIAN_POINT('',(118.,-69.,34.7));
#3153=CARTESIAN_POINT('',(118.,-66.,34.7));
#3154=CARTESIAN_POINT('',(118.,-69.,17.35));
#3155=CARTESIAN_POINT('',(118.,-69.,17.35));
#3156=CARTESIAN_POINT('',(118.,-14.,17.35));
#3157=CARTESIAN_POINT('',(118.,-66.,17.35));
#3158=CARTESIAN_POINT('',(118.,-14.,33.2));
#3159=CARTESIAN_POINT('',(118.,-14.,17.35));
#3160=CARTESIAN_POINT('',(118.,-43.925,33.2));
#3161=CARTESIAN_POINT('Origin',(118.,-29.7,34.7));
#3162=CARTESIAN_POINT('',(18.,-29.7,34.7));
#3163=CARTESIAN_POINT('',(93.,-29.7,34.7));
#3164=CARTESIAN_POINT('',(18.,-29.7,26.025));
#3165=CARTESIAN_POINT('Origin',(68.,-21.85,33.2));
#3166=CARTESIAN_POINT('',(18.,-14.,33.2));
#3167=CARTESIAN_POINT('',(93.,-14.,33.2));
#3168=CARTESIAN_POINT('',(18.,-17.925,33.2));
#3169=CARTESIAN_POINT('Origin',(118.,-14.,17.35));
#3170=CARTESIAN_POINT('',(18.,-14.,17.35));
#3171=CARTESIAN_POINT('',(118.,-14.,17.35));
#3172=CARTESIAN_POINT('',(18.,-14.,17.35));
#3173=CARTESIAN_POINT('Origin',(18.,-69.,17.35));
#3174=CARTESIAN_POINT('',(18.,-69.,17.35));
#3175=CARTESIAN_POINT('',(43.,-69.,17.35));
#3176=CARTESIAN_POINT('',(18.,-69.,34.7));
#3177=CARTESIAN_POINT('',(43.,-69.,34.7));
#3178=CARTESIAN_POINT('',(18.,-69.,17.35));
#3179=CARTESIAN_POINT('Origin',(18.,-14.,17.35));
#3180=CARTESIAN_POINT('',(18.,-14.,17.35));
#3181=CARTESIAN_POINT('',(18.,-14.,34.7));
#3182=CARTESIAN_POINT('Origin',(68.,-40.,34.7));
#3183=CARTESIAN_POINT('Origin',(68.,-40.,17.35));
#3184=CARTESIAN_POINT('',(0.,0.,0.));
#3185=CARTESIAN_POINT('Origin',(15.5,-24.5,16.));
#3186=CARTESIAN_POINT('',(15.5,-39.5,10.6690449949109));
#3187=CARTESIAN_POINT('',(15.5,-24.5,11.1928565372871));
#3188=CARTESIAN_POINT('',(15.5,-28.1661676558148,11.0648311416603));
#3189=CARTESIAN_POINT('',(15.5,-24.5,16.));
#3190=CARTESIAN_POINT('',(15.5,-24.5,16.));
#3191=CARTESIAN_POINT('',(15.5,-39.5,16.));
#3192=CARTESIAN_POINT('',(15.5,-39.5,16.));
#3193=CARTESIAN_POINT('',(15.5,-39.5,16.));
#3194=CARTESIAN_POINT('Origin',(0.500000000000016,-24.5,16.));
#3195=CARTESIAN_POINT('',(0.500000000000016,-24.5,11.1928565372871));
#3196=CARTESIAN_POINT('',(4.25000000000002,-24.5,11.1928565372871));
#3197=CARTESIAN_POINT('',(0.500000000000016,-24.5,16.));
#3198=CARTESIAN_POINT('',(0.500000000000016,-24.5,16.));
#3199=CARTESIAN_POINT('',(15.5,-24.5,16.));
#3200=CARTESIAN_POINT('Origin',(8.00000000000001,-32.,16.));
#3201=CARTESIAN_POINT('',(11.,-32.,10.930950766099));
#3202=CARTESIAN_POINT('Origin',(8.00000000000001,-32.,10.930950766099));
#3203=CARTESIAN_POINT('',(11.,-32.,16.));
#3204=CARTESIAN_POINT('',(11.,-32.,16.));
#3205=CARTESIAN_POINT('Origin',(8.00000000000001,-32.,16.));
#3206=CARTESIAN_POINT('Origin',(0.500000000000016,-39.5,16.));
#3207=CARTESIAN_POINT('',(0.500000000000016,-39.5,10.6690449949109));
#3208=CARTESIAN_POINT('',(0.500000000000016,-35.6570328442891,10.8032443651199));
#3209=CARTESIAN_POINT('',(0.500000000000016,-39.5,16.));
#3210=CARTESIAN_POINT('',(0.500000000000016,-39.5,16.));
#3211=CARTESIAN_POINT('',(0.500000000000016,-24.5,16.));
#3212=CARTESIAN_POINT('Origin',(15.5,-39.5,16.));
#3213=CARTESIAN_POINT('',(11.75,-39.5,10.6690449949109));
#3214=CARTESIAN_POINT('',(0.500000000000016,-39.5,16.));
#3215=CARTESIAN_POINT('Origin',(8.00000000000002,-32.,16.));
#3216=CARTESIAN_POINT('Origin',(8.00000000000002,-32.,10.930950766099));
#3217=CARTESIAN_POINT('',(0.,0.,0.));
#3218=CARTESIAN_POINT('',(0.,0.,0.));
#3219=CARTESIAN_POINT('',(0.,0.,0.));
#3220=CARTESIAN_POINT('',(0.,0.,0.));
#3221=CARTESIAN_POINT('',(0.,0.,0.));
#3222=CARTESIAN_POINT('',(120.,0.,0.));
#3223=UNCERTAINTY_MEASURE_WITH_UNIT(LENGTH_MEASURE(0.01),#3239,
'DISTANCE_ACCURACY_VALUE',
'Maximum model space distance between geometric entities at asserted c
onnectivities');
#3224=UNCERTAINTY_MEASURE_WITH_UNIT(LENGTH_MEASURE(0.01),#3239,
'DISTANCE_ACCURACY_VALUE',
'Maximum model space distance between geometric entities at asserted c
onnectivities');
#3225=UNCERTAINTY_MEASURE_WITH_UNIT(LENGTH_MEASURE(0.01),#3239,
'DISTANCE_ACCURACY_VALUE',
'Maximum model space distance between geometric entities at asserted c
onnectivities');
#3226=UNCERTAINTY_MEASURE_WITH_UNIT(LENGTH_MEASURE(0.01),#3239,
'DISTANCE_ACCURACY_VALUE',
'Maximum model space distance between geometric entities at asserted c
onnectivities');
#3227=UNCERTAINTY_MEASURE_WITH_UNIT(LENGTH_MEASURE(0.01),#3239,
'DISTANCE_ACCURACY_VALUE',
'Maximum model space distance between geometric entities at asserted c
onnectivities');
#3228=UNCERTAINTY_MEASURE_WITH_UNIT(LENGTH_MEASURE(0.01),#3239,
'DISTANCE_ACCURACY_VALUE',
'Maximum model space distance between geometric entities at asserted c
onnectivities');
#3229=UNCERTAINTY_MEASURE_WITH_UNIT(LENGTH_MEASURE(0.01),#3239,
'DISTANCE_ACCURACY_VALUE',
'Maximum model space distance between geometric entities at asserted c
onnectivities');
#3230=UNCERTAINTY_MEASURE_WITH_UNIT(LENGTH_MEASURE(0.01),#3239,
'DISTANCE_ACCURACY_VALUE',
'Maximum model space distance between geometric entities at asserted c
onnectivities');
#3231=(
GEOMETRIC_REPRESENTATION_CONTEXT(3)
GLOBAL_UNCERTAINTY_ASSIGNED_CONTEXT((#3223))
GLOBAL_UNIT_ASSIGNED_CONTEXT((#3239,#3241,#3242))
REPRESENTATION_CONTEXT('','3D')
);
#3232=(
GEOMETRIC_REPRESENTATION_CONTEXT(3)
GLOBAL_UNCERTAINTY_ASSIGNED_CONTEXT((#3224))
GLOBAL_UNIT_ASSIGNED_CONTEXT((#3239,#3241,#3242))
REPRESENTATION_CONTEXT('','3D')
);
#3233=(
GEOMETRIC_REPRESENTATION_CONTEXT(3)
GLOBAL_UNCERTAINTY_ASSIGNED_CONTEXT((#3225))
GLOBAL_UNIT_ASSIGNED_CONTEXT((#3239,#3241,#3242))
REPRESENTATION_CONTEXT('','3D')
);
#3234=(
GEOMETRIC_REPRESENTATION_CONTEXT(3)
GLOBAL_UNCERTAINTY_ASSIGNED_CONTEXT((#3226))
GLOBAL_UNIT_ASSIGNED_CONTEXT((#3239,#3241,#3242))
REPRESENTATION_CONTEXT('','3D')
);
#3235=(
GEOMETRIC_REPRESENTATION_CONTEXT(3)
GLOBAL_UNCERTAINTY_ASSIGNED_CONTEXT((#3227))
GLOBAL_UNIT_ASSIGNED_CONTEXT((#3239,#3241,#3242))
REPRESENTATION_CONTEXT('','3D')
);
#3236=(
GEOMETRIC_REPRESENTATION_CONTEXT(3)
GLOBAL_UNCERTAINTY_ASSIGNED_CONTEXT((#3228))
GLOBAL_UNIT_ASSIGNED_CONTEXT((#3239,#3241,#3242))
REPRESENTATION_CONTEXT('','3D')
);
#3237=(
GEOMETRIC_REPRESENTATION_CONTEXT(3)
GLOBAL_UNCERTAINTY_ASSIGNED_CONTEXT((#3229))
GLOBAL_UNIT_ASSIGNED_CONTEXT((#3239,#3241,#3242))
REPRESENTATION_CONTEXT('','3D')
);
#3238=(
GEOMETRIC_REPRESENTATION_CONTEXT(3)
GLOBAL_UNCERTAINTY_ASSIGNED_CONTEXT((#3230))
GLOBAL_UNIT_ASSIGNED_CONTEXT((#3239,#3241,#3242))
REPRESENTATION_CONTEXT('','3D')
);
#3239=(
LENGTH_UNIT()
NAMED_UNIT(*)
SI_UNIT(.MILLI.,.METRE.)
);
#3240=(
LENGTH_UNIT()
NAMED_UNIT(*)
SI_UNIT($,.METRE.)
);
#3241=(
NAMED_UNIT(*)
PLANE_ANGLE_UNIT()
SI_UNIT($,.RADIAN.)
);
#3242=(
NAMED_UNIT(*)
SI_UNIT($,.STERADIAN.)
SOLID_ANGLE_UNIT()
);
#3243=SHAPE_DEFINITION_REPRESENTATION(#3250,#3264);
#3244=SHAPE_DEFINITION_REPRESENTATION(#3251,#3265);
#3245=SHAPE_DEFINITION_REPRESENTATION(#3252,#3266);
#3246=SHAPE_DEFINITION_REPRESENTATION(#3253,#3267);
#3247=SHAPE_DEFINITION_REPRESENTATION(#3254,#3268);
#3248=SHAPE_DEFINITION_REPRESENTATION(#3256,#3269);
#3249=SHAPE_DEFINITION_REPRESENTATION(#3257,#3270);
#3250=PRODUCT_DEFINITION_SHAPE('',$,#3272);
#3251=PRODUCT_DEFINITION_SHAPE('',$,#3273);
#3252=PRODUCT_DEFINITION_SHAPE('',$,#3274);
#3253=PRODUCT_DEFINITION_SHAPE('',$,#3275);
#3254=PRODUCT_DEFINITION_SHAPE('',$,#3276);
#3255=PRODUCT_DEFINITION_SHAPE($,$,#44);
#3256=PRODUCT_DEFINITION_SHAPE('',$,#3277);
#3257=PRODUCT_DEFINITION_SHAPE('',$,#3278);
#3258=PRODUCT_DEFINITION_SHAPE($,$,#45);
#3259=PRODUCT_DEFINITION_SHAPE($,$,#46);
#3260=PRODUCT_DEFINITION_SHAPE($,$,#47);
#3261=PRODUCT_DEFINITION_SHAPE($,$,#48);
#3262=PRODUCT_DEFINITION_SHAPE($,$,#49);
#3263=PRODUCT_DEFINITION_SHAPE($,$,#50);
#3264=SHAPE_REPRESENTATION('',(#1915,#2094,#2095,#2096,#2097,#2098,#2099),
#3231);
#3265=SHAPE_REPRESENTATION('',(#1916),#3232);
#3266=SHAPE_REPRESENTATION('',(#1962),#3233);
#3267=SHAPE_REPRESENTATION('',(#2006,#2040),#3234);
#3268=SHAPE_REPRESENTATION('',(#2007),#3235);
#3269=SHAPE_REPRESENTATION('',(#2041),#3236);
#3270=SHAPE_REPRESENTATION('',(#2084),#3237);
#3271=PRODUCT_DEFINITION_CONTEXT('part definition',#3294,'design');
#3272=PRODUCT_DEFINITION('Spannvorrichttung aus C45',
'Spannvorrichttung aus C45 v60',#3279,#3271);
#3273=PRODUCT_DEFINITION('FesteBackeUnten','FesteBackeUnten',#3280,#3271);
#3274=PRODUCT_DEFINITION('FesteBackeOben','FesteBackeOben',#3281,#3271);
#3275=PRODUCT_DEFINITION('LoseBackeUnten','LoseBackeUnten',#3282,#3271);
#3276=PRODUCT_DEFINITION('Untelegscheibe','Untelegscheibe',#3283,#3271);
#3277=PRODUCT_DEFINITION('LoseBackeOben','LoseBackeOben',#3284,#3271);
#3278=PRODUCT_DEFINITION('Unterlegscheibe','Unterlegscheibe',#3285,#3271);
#3279=PRODUCT_DEFINITION_FORMATION('',$,#3296);
#3280=PRODUCT_DEFINITION_FORMATION('',$,#3297);
#3281=PRODUCT_DEFINITION_FORMATION('',$,#3298);
#3282=PRODUCT_DEFINITION_FORMATION('',$,#3299);
#3283=PRODUCT_DEFINITION_FORMATION('',$,#3300);
#3284=PRODUCT_DEFINITION_FORMATION('',$,#3301);
#3285=PRODUCT_DEFINITION_FORMATION('',$,#3302);
#3286=PRODUCT_RELATED_PRODUCT_CATEGORY('Spannvorrichttung aus C45 v60',
'Spannvorrichttung aus C45 v60',(#3296));
#3287=PRODUCT_RELATED_PRODUCT_CATEGORY('FesteBackeUnten',
'FesteBackeUnten',(#3297));
#3288=PRODUCT_RELATED_PRODUCT_CATEGORY('FesteBackeOben',
'FesteBackeOben',(#3298));
#3289=PRODUCT_RELATED_PRODUCT_CATEGORY('LoseBackeUnten',
'LoseBackeUnten',(#3299));
#3290=PRODUCT_RELATED_PRODUCT_CATEGORY('Untelegscheibe',
'Untelegscheibe',(#3300));
#3291=PRODUCT_RELATED_PRODUCT_CATEGORY('LoseBackeOben','LoseBackeOben',
(#3301));
#3292=PRODUCT_RELATED_PRODUCT_CATEGORY('Unterlegscheibe',
'Unterlegscheibe',(#3302));
#3293=APPLICATION_PROTOCOL_DEFINITION('international standard',
'automotive_design',2009,#3294);
#3294=APPLICATION_CONTEXT(
'Core Data for Automotive Mechanical Design Process');
#3295=PRODUCT_CONTEXT('part definition',#3294,'mechanical');
#3296=PRODUCT('Spannvorrichttung aus C45',
'Spannvorrichttung aus C45 v60',$,(#3295));
#3297=PRODUCT('FesteBackeUnten','FesteBackeUnten',$,(#3295));
#3298=PRODUCT('FesteBackeOben','FesteBackeOben',$,(#3295));
#3299=PRODUCT('LoseBackeUnten','LoseBackeUnten',$,(#3295));
#3300=PRODUCT('Untelegscheibe','Untelegscheibe',$,(#3295));
#3301=PRODUCT('LoseBackeOben','LoseBackeOben',$,(#3295));
#3302=PRODUCT('Unterlegscheibe','Unterlegscheibe',$,(#3295));
#3303=PRESENTATION_STYLE_ASSIGNMENT((#3304));
#3304=SURFACE_STYLE_USAGE(.BOTH.,#3305);
#3305=SURFACE_SIDE_STYLE('',(#3306));
#3306=SURFACE_STYLE_FILL_AREA(#3307);
#3307=FILL_AREA_STYLE('Edelstahl - poliert',(#3308));
#3308=FILL_AREA_STYLE_COLOUR('Edelstahl - poliert',#3309);
#3309=COLOUR_RGB('Edelstahl - poliert',0.796078431372549,0.796078431372549,
0.796078431372549);
ENDSEC;
END-ISO-10303-21;
