ISO-10303-21;
HEADER;
/* Generated by software containing ST-Developer
 * from STEP Tools, Inc. (www.steptools.com) 
 */

FILE_DESCRIPTION(
/* description */ (''),
/* implementation_level */ '2;1');

FILE_NAME(
/* name */ 'Teelichthalter.step',
/* time_stamp */ '2025-10-16T17:18:35+02:00',
/* author */ (''),
/* organization */ (''),
/* preprocessor_version */ 'ST-DEVELOPER v20.1',
/* originating_system */ 'Autodesk Translation Framework v14.17.0.0',
/* authorisation */ '');

FILE_SCHEMA (('AUTOMOTIVE_DESIGN { 1 0 10303 214 3 1 1 }'));
ENDSEC;

DATA;
#10=MECHANICAL_DESIGN_GEOMETRIC_PRESENTATION_REPRESENTATION('',(#17),#2561);
#11=ITEM_DEFINED_TRANSFORMATION($,$,#1421,#1634);
#12=(
REPRESENTATION_RELATIONSHIP($,$,#2572,#2571)
REPRESENTATION_RELATIONSHIP_WITH_TRANSFORMATION(#11)
SHAPE_REPRESENTATION_RELATIONSHIP()
);
#13=CONTEXT_DEPENDENT_SHAPE_REPRESENTATION(#12,#2570);
#14=NEXT_ASSEMBLY_USAGE_OCCURRENCE('Wuerfel:1','Wuerfel:1','Wuerfel:1',
#2574,#2575,'Wuerfel:1');
#15=SHAPE_REPRESENTATION_RELATIONSHIP('SRR','None',#2572,#16);
#16=ADVANCED_BREP_SHAPE_REPRESENTATION('',(#18),#2560);
#17=STYLED_ITEM('',(#2585),#18);
#18=MANIFOLD_SOLID_BREP('K\X\F6rper1',#1407);
#19=ELLIPSE('',#1442,28.2842712474619,20.);
#20=ELLIPSE('',#1443,28.2842712474622,20.);
#21=ELLIPSE('',#1444,28.2842712474619,20.);
#22=ELLIPSE('',#1445,28.2842712474619,20.);
#23=ELLIPSE('',#1446,28.2842712474617,20.);
#24=ELLIPSE('',#1447,28.2842712474617,20.);
#25=ELLIPSE('',#1448,28.2842712474619,20.);
#26=ELLIPSE('',#1450,21.2132034355964,15.);
#27=ELLIPSE('',#1451,21.2132034355966,15.);
#28=ELLIPSE('',#1452,21.2132034355964,15.);
#29=ELLIPSE('',#1453,21.2132034355964,15.);
#30=ELLIPSE('',#1454,21.2132034355962,15.);
#31=ELLIPSE('',#1455,21.2132034355962,15.);
#32=ELLIPSE('',#1456,21.2132034355964,15.);
#33=ELLIPSE('',#1458,14.1421356237309,10.);
#34=ELLIPSE('',#1459,14.1421356237311,10.);
#35=ELLIPSE('',#1460,14.1421356237309,10.);
#36=ELLIPSE('',#1461,14.1421356237309,10.);
#37=ELLIPSE('',#1462,14.1421356237308,10.);
#38=ELLIPSE('',#1463,14.1421356237308,10.);
#39=ELLIPSE('',#1464,14.1421356237309,10.);
#40=ELLIPSE('',#1466,7.07106781186548,5.);
#41=ELLIPSE('',#1467,7.07106781186556,5.);
#42=ELLIPSE('',#1468,7.07106781186548,5.);
#43=ELLIPSE('',#1469,7.07106781186548,5.);
#44=ELLIPSE('',#1470,7.0710678118654,5.);
#45=ELLIPSE('',#1471,7.07106781186548,5.);
#46=ELLIPSE('',#1545,7.07106781186546,5.);
#47=ELLIPSE('',#1546,7.07106781186556,5.);
#48=ELLIPSE('',#1547,7.07106781186539,5.);
#49=ELLIPSE('',#1548,7.07106781186546,5.);
#50=ELLIPSE('',#1550,7.07106781186556,5.);
#51=ELLIPSE('',#1551,7.07106781186548,5.);
#52=ELLIPSE('',#1552,7.07106781186548,5.);
#53=ELLIPSE('',#1573,28.2842712474619,20.);
#54=ELLIPSE('',#1574,28.2842712474619,20.);
#55=ELLIPSE('',#1575,28.2842712474619,20.);
#56=ELLIPSE('',#1576,28.2842712474618,20.);
#57=ELLIPSE('',#1577,28.2842712474618,20.);
#58=ELLIPSE('',#1578,28.2842712474619,20.);
#59=ELLIPSE('',#1580,21.2132034355964,15.);
#60=ELLIPSE('',#1581,21.2132034355964,15.);
#61=ELLIPSE('',#1582,21.2132034355964,15.);
#62=ELLIPSE('',#1583,21.2132034355964,15.);
#63=ELLIPSE('',#1584,21.2132034355964,15.);
#64=ELLIPSE('',#1585,21.2132034355964,15.);
#65=ELLIPSE('',#1587,14.1421356237309,10.);
#66=ELLIPSE('',#1588,14.1421356237309,10.);
#67=ELLIPSE('',#1589,14.1421356237309,9.99999999999999);
#68=ELLIPSE('',#1590,14.1421356237309,9.99999999999999);
#69=ELLIPSE('',#1591,14.1421356237309,9.99999999999999);
#70=ELLIPSE('',#1592,14.1421356237309,10.);
#71=ELLIPSE('',#1594,7.07106781186549,5.);
#72=ELLIPSE('',#1595,7.07106781186549,5.);
#73=ELLIPSE('',#1596,7.07106781186548,5.);
#74=ELLIPSE('',#1598,7.07106781186539,5.);
#75=ELLIPSE('',#1601,28.2842712474626,20.);
#76=ELLIPSE('',#1602,28.2842712474612,20.);
#77=ELLIPSE('',#1604,21.2132034355969,15.);
#78=ELLIPSE('',#1605,21.2132034355959,15.);
#79=ELLIPSE('',#1607,14.1421356237313,9.99999999999999);
#80=ELLIPSE('',#1608,14.1421356237306,9.99999999999999);
#81=ELLIPSE('',#1611,28.2842712474622,20.);
#82=ELLIPSE('',#1612,28.2842712474616,20.);
#83=ELLIPSE('',#1614,21.2132034355967,15.);
#84=ELLIPSE('',#1615,21.2132034355962,15.);
#85=ELLIPSE('',#1617,14.1421356237311,10.);
#86=ELLIPSE('',#1618,14.1421356237308,10.);
#87=CYLINDRICAL_SURFACE('',#1440,20.);
#88=CYLINDRICAL_SURFACE('',#1449,15.);
#89=CYLINDRICAL_SURFACE('',#1457,10.);
#90=CYLINDRICAL_SURFACE('',#1465,5.);
#91=CYLINDRICAL_SURFACE('',#1544,5.);
#92=CYLINDRICAL_SURFACE('',#1549,5.);
#93=CYLINDRICAL_SURFACE('',#1571,20.);
#94=CYLINDRICAL_SURFACE('',#1579,15.);
#95=CYLINDRICAL_SURFACE('',#1586,10.);
#96=CYLINDRICAL_SURFACE('',#1593,5.);
#97=CYLINDRICAL_SURFACE('',#1597,5.);
#98=CYLINDRICAL_SURFACE('',#1599,20.);
#99=CYLINDRICAL_SURFACE('',#1603,15.);
#100=CYLINDRICAL_SURFACE('',#1606,10.);
#101=CYLINDRICAL_SURFACE('',#1609,20.);
#102=CYLINDRICAL_SURFACE('',#1613,15.);
#103=CYLINDRICAL_SURFACE('',#1616,10.);
#104=CYLINDRICAL_SURFACE('',#1619,5.);
#105=CYLINDRICAL_SURFACE('',#1620,20.);
#106=CYLINDRICAL_SURFACE('',#1622,15.);
#107=CYLINDRICAL_SURFACE('',#1623,10.);
#108=CYLINDRICAL_SURFACE('',#1624,20.);
#109=CYLINDRICAL_SURFACE('',#1626,15.);
#110=CYLINDRICAL_SURFACE('',#1627,10.);
#111=FACE_BOUND('',#184,.T.);
#112=FACE_BOUND('',#186,.T.);
#113=FACE_BOUND('',#188,.T.);
#114=FACE_BOUND('',#194,.T.);
#115=FACE_BOUND('',#196,.T.);
#116=FACE_BOUND('',#198,.T.);
#117=FACE_BOUND('',#200,.T.);
#118=FACE_BOUND('',#202,.T.);
#119=FACE_BOUND('',#204,.T.);
#120=FACE_BOUND('',#206,.T.);
#121=FACE_BOUND('',#208,.T.);
#122=FACE_BOUND('',#210,.T.);
#123=FACE_BOUND('',#212,.T.);
#124=FACE_BOUND('',#214,.T.);
#125=FACE_BOUND('',#216,.T.);
#126=FACE_BOUND('',#220,.T.);
#127=FACE_BOUND('',#222,.T.);
#128=FACE_BOUND('',#224,.T.);
#129=FACE_BOUND('',#244,.T.);
#130=FACE_BOUND('',#246,.T.);
#131=FACE_BOUND('',#248,.T.);
#132=FACE_BOUND('',#250,.T.);
#133=FACE_BOUND('',#252,.T.);
#134=FACE_BOUND('',#254,.T.);
#135=FACE_OUTER_BOUND('',#183,.T.);
#136=FACE_OUTER_BOUND('',#185,.T.);
#137=FACE_OUTER_BOUND('',#187,.T.);
#138=FACE_OUTER_BOUND('',#189,.T.);
#139=FACE_OUTER_BOUND('',#190,.T.);
#140=FACE_OUTER_BOUND('',#191,.T.);
#141=FACE_OUTER_BOUND('',#192,.T.);
#142=FACE_OUTER_BOUND('',#193,.T.);
#143=FACE_OUTER_BOUND('',#195,.T.);
#144=FACE_OUTER_BOUND('',#197,.T.);
#145=FACE_OUTER_BOUND('',#199,.T.);
#146=FACE_OUTER_BOUND('',#201,.T.);
#147=FACE_OUTER_BOUND('',#203,.T.);
#148=FACE_OUTER_BOUND('',#205,.T.);
#149=FACE_OUTER_BOUND('',#207,.T.);
#150=FACE_OUTER_BOUND('',#209,.T.);
#151=FACE_OUTER_BOUND('',#211,.T.);
#152=FACE_OUTER_BOUND('',#213,.T.);
#153=FACE_OUTER_BOUND('',#215,.T.);
#154=FACE_OUTER_BOUND('',#217,.T.);
#155=FACE_OUTER_BOUND('',#218,.T.);
#156=FACE_OUTER_BOUND('',#219,.T.);
#157=FACE_OUTER_BOUND('',#221,.T.);
#158=FACE_OUTER_BOUND('',#223,.T.);
#159=FACE_OUTER_BOUND('',#225,.T.);
#160=FACE_OUTER_BOUND('',#226,.T.);
#161=FACE_OUTER_BOUND('',#227,.T.);
#162=FACE_OUTER_BOUND('',#228,.T.);
#163=FACE_OUTER_BOUND('',#229,.T.);
#164=FACE_OUTER_BOUND('',#230,.T.);
#165=FACE_OUTER_BOUND('',#231,.T.);
#166=FACE_OUTER_BOUND('',#232,.T.);
#167=FACE_OUTER_BOUND('',#233,.T.);
#168=FACE_OUTER_BOUND('',#234,.T.);
#169=FACE_OUTER_BOUND('',#235,.T.);
#170=FACE_OUTER_BOUND('',#236,.T.);
#171=FACE_OUTER_BOUND('',#237,.T.);
#172=FACE_OUTER_BOUND('',#238,.T.);
#173=FACE_OUTER_BOUND('',#239,.T.);
#174=FACE_OUTER_BOUND('',#240,.T.);
#175=FACE_OUTER_BOUND('',#241,.T.);
#176=FACE_OUTER_BOUND('',#242,.T.);
#177=FACE_OUTER_BOUND('',#243,.T.);
#178=FACE_OUTER_BOUND('',#245,.T.);
#179=FACE_OUTER_BOUND('',#247,.T.);
#180=FACE_OUTER_BOUND('',#249,.T.);
#181=FACE_OUTER_BOUND('',#251,.T.);
#182=FACE_OUTER_BOUND('',#253,.T.);
#183=EDGE_LOOP('',(#863,#864,#865,#866,#867,#868,#869,#870));
#184=EDGE_LOOP('',(#871));
#185=EDGE_LOOP('',(#872,#873,#874,#875,#876,#877,#878,#879));
#186=EDGE_LOOP('',(#880));
#187=EDGE_LOOP('',(#881,#882,#883,#884,#885,#886,#887,#888));
#188=EDGE_LOOP('',(#889));
#189=EDGE_LOOP('',(#890,#891,#892,#893,#894,#895,#896,#897,#898,#899,#900,
#901,#902,#903));
#190=EDGE_LOOP('',(#904,#905,#906,#907,#908,#909,#910,#911,#912,#913,#914,
#915,#916,#917));
#191=EDGE_LOOP('',(#918,#919,#920,#921,#922,#923,#924,#925,#926,#927,#928,
#929,#930,#931));
#192=EDGE_LOOP('',(#932,#933,#934,#935,#936,#937,#938,#939,#940));
#193=EDGE_LOOP('',(#941,#942,#943,#944,#945,#946,#947,#948));
#194=EDGE_LOOP('',(#949));
#195=EDGE_LOOP('',(#950,#951,#952,#953,#954,#955,#956,#957));
#196=EDGE_LOOP('',(#958));
#197=EDGE_LOOP('',(#959,#960,#961,#962,#963,#964,#965,#966));
#198=EDGE_LOOP('',(#967));
#199=EDGE_LOOP('',(#968,#969,#970,#971,#972,#973,#974,#975));
#200=EDGE_LOOP('',(#976));
#201=EDGE_LOOP('',(#977,#978,#979,#980,#981,#982,#983,#984));
#202=EDGE_LOOP('',(#985));
#203=EDGE_LOOP('',(#986,#987,#988,#989,#990,#991,#992,#993));
#204=EDGE_LOOP('',(#994));
#205=EDGE_LOOP('',(#995,#996,#997,#998,#999,#1000,#1001,#1002));
#206=EDGE_LOOP('',(#1003));
#207=EDGE_LOOP('',(#1004,#1005,#1006,#1007,#1008,#1009,#1010,#1011));
#208=EDGE_LOOP('',(#1012));
#209=EDGE_LOOP('',(#1013,#1014,#1015,#1016,#1017,#1018,#1019,#1020));
#210=EDGE_LOOP('',(#1021));
#211=EDGE_LOOP('',(#1022,#1023,#1024,#1025,#1026,#1027,#1028,#1029));
#212=EDGE_LOOP('',(#1030));
#213=EDGE_LOOP('',(#1031,#1032,#1033,#1034,#1035,#1036,#1037,#1038));
#214=EDGE_LOOP('',(#1039));
#215=EDGE_LOOP('',(#1040,#1041,#1042,#1043,#1044,#1045,#1046,#1047));
#216=EDGE_LOOP('',(#1048));
#217=EDGE_LOOP('',(#1049,#1050,#1051,#1052,#1053,#1054,#1055,#1056));
#218=EDGE_LOOP('',(#1057,#1058,#1059,#1060,#1061,#1062,#1063,#1064,#1065));
#219=EDGE_LOOP('',(#1066,#1067,#1068,#1069,#1070,#1071,#1072,#1073));
#220=EDGE_LOOP('',(#1074));
#221=EDGE_LOOP('',(#1075,#1076,#1077,#1078,#1079,#1080,#1081,#1082));
#222=EDGE_LOOP('',(#1083));
#223=EDGE_LOOP('',(#1084,#1085,#1086,#1087,#1088,#1089,#1090,#1091));
#224=EDGE_LOOP('',(#1092));
#225=EDGE_LOOP('',(#1093,#1094,#1095,#1096,#1097,#1098,#1099,#1100,#1101,
#1102,#1103,#1104,#1105));
#226=EDGE_LOOP('',(#1106,#1107,#1108,#1109,#1110,#1111,#1112,#1113,#1114,
#1115,#1116,#1117,#1118));
#227=EDGE_LOOP('',(#1119,#1120,#1121,#1122,#1123,#1124,#1125,#1126,#1127,
#1128,#1129,#1130,#1131));
#228=EDGE_LOOP('',(#1132,#1133,#1134,#1135,#1136,#1137,#1138,#1139,#1140,
#1141));
#229=EDGE_LOOP('',(#1142,#1143,#1144,#1145,#1146,#1147,#1148,#1149));
#230=EDGE_LOOP('',(#1150,#1151,#1152,#1153,#1154,#1155,#1156,#1157,#1158,
#1159,#1160,#1161,#1162));
#231=EDGE_LOOP('',(#1163,#1164,#1165,#1166,#1167,#1168,#1169,#1170,#1171,
#1172,#1173,#1174,#1175));
#232=EDGE_LOOP('',(#1176,#1177,#1178,#1179,#1180,#1181,#1182,#1183,#1184,
#1185,#1186,#1187,#1188));
#233=EDGE_LOOP('',(#1189,#1190,#1191,#1192,#1193,#1194,#1195,#1196,#1197,
#1198,#1199,#1200));
#234=EDGE_LOOP('',(#1201,#1202,#1203,#1204,#1205,#1206,#1207,#1208,#1209,
#1210,#1211,#1212));
#235=EDGE_LOOP('',(#1213,#1214,#1215,#1216,#1217,#1218,#1219,#1220,#1221,
#1222,#1223,#1224));
#236=EDGE_LOOP('',(#1225,#1226,#1227,#1228,#1229,#1230,#1231,#1232));
#237=EDGE_LOOP('',(#1233,#1234,#1235,#1236,#1237,#1238,#1239,#1240,#1241,
#1242,#1243,#1244));
#238=EDGE_LOOP('',(#1245,#1246,#1247,#1248,#1249,#1250,#1251,#1252,#1253,
#1254,#1255,#1256));
#239=EDGE_LOOP('',(#1257,#1258,#1259,#1260,#1261,#1262,#1263,#1264,#1265,
#1266,#1267,#1268));
#240=EDGE_LOOP('',(#1269,#1270,#1271,#1272,#1273,#1274,#1275,#1276,#1277,
#1278,#1279,#1280));
#241=EDGE_LOOP('',(#1281,#1282,#1283,#1284,#1285,#1286,#1287,#1288,#1289,
#1290,#1291,#1292));
#242=EDGE_LOOP('',(#1293,#1294,#1295,#1296,#1297,#1298,#1299,#1300,#1301,
#1302,#1303,#1304));
#243=EDGE_LOOP('',(#1305,#1306,#1307,#1308));
#244=EDGE_LOOP('',(#1309));
#245=EDGE_LOOP('',(#1310,#1311,#1312,#1313));
#246=EDGE_LOOP('',(#1314));
#247=EDGE_LOOP('',(#1315,#1316,#1317,#1318));
#248=EDGE_LOOP('',(#1319));
#249=EDGE_LOOP('',(#1320,#1321,#1322,#1323));
#250=EDGE_LOOP('',(#1324));
#251=EDGE_LOOP('',(#1325,#1326,#1327,#1328));
#252=EDGE_LOOP('',(#1329));
#253=EDGE_LOOP('',(#1330,#1331,#1332,#1333));
#254=EDGE_LOOP('',(#1334));
#255=CIRCLE('',#1423,20.);
#256=CIRCLE('',#1424,20.);
#257=CIRCLE('',#1425,20.);
#258=CIRCLE('',#1426,20.);
#259=CIRCLE('',#1427,15.);
#260=CIRCLE('',#1429,15.);
#261=CIRCLE('',#1430,15.);
#262=CIRCLE('',#1431,15.);
#263=CIRCLE('',#1432,15.);
#264=CIRCLE('',#1433,10.);
#265=CIRCLE('',#1435,10.);
#266=CIRCLE('',#1436,10.);
#267=CIRCLE('',#1437,10.);
#268=CIRCLE('',#1438,10.);
#269=CIRCLE('',#1439,5.);
#270=CIRCLE('',#1441,20.);
#271=CIRCLE('',#1473,20.);
#272=CIRCLE('',#1474,20.);
#273=CIRCLE('',#1475,20.);
#274=CIRCLE('',#1476,20.);
#275=CIRCLE('',#1477,15.);
#276=CIRCLE('',#1479,20.);
#277=CIRCLE('',#1480,20.);
#278=CIRCLE('',#1481,20.);
#279=CIRCLE('',#1482,20.);
#280=CIRCLE('',#1483,15.);
#281=CIRCLE('',#1485,20.);
#282=CIRCLE('',#1486,20.);
#283=CIRCLE('',#1487,20.);
#284=CIRCLE('',#1488,20.);
#285=CIRCLE('',#1489,15.);
#286=CIRCLE('',#1491,20.);
#287=CIRCLE('',#1492,20.);
#288=CIRCLE('',#1493,20.);
#289=CIRCLE('',#1494,20.);
#290=CIRCLE('',#1495,15.);
#291=CIRCLE('',#1497,15.);
#292=CIRCLE('',#1498,15.);
#293=CIRCLE('',#1499,15.);
#294=CIRCLE('',#1500,15.);
#295=CIRCLE('',#1501,10.);
#296=CIRCLE('',#1503,15.);
#297=CIRCLE('',#1504,15.);
#298=CIRCLE('',#1505,15.);
#299=CIRCLE('',#1506,15.);
#300=CIRCLE('',#1507,10.);
#301=CIRCLE('',#1509,15.);
#302=CIRCLE('',#1510,15.);
#303=CIRCLE('',#1511,15.);
#304=CIRCLE('',#1512,15.);
#305=CIRCLE('',#1513,10.);
#306=CIRCLE('',#1515,15.);
#307=CIRCLE('',#1516,15.);
#308=CIRCLE('',#1517,15.);
#309=CIRCLE('',#1518,15.);
#310=CIRCLE('',#1519,10.);
#311=CIRCLE('',#1521,10.);
#312=CIRCLE('',#1522,10.);
#313=CIRCLE('',#1523,10.);
#314=CIRCLE('',#1524,10.);
#315=CIRCLE('',#1525,5.);
#316=CIRCLE('',#1527,10.);
#317=CIRCLE('',#1528,10.);
#318=CIRCLE('',#1529,10.);
#319=CIRCLE('',#1530,10.);
#320=CIRCLE('',#1531,5.);
#321=CIRCLE('',#1533,10.);
#322=CIRCLE('',#1534,10.);
#323=CIRCLE('',#1535,10.);
#324=CIRCLE('',#1536,10.);
#325=CIRCLE('',#1537,5.);
#326=CIRCLE('',#1539,10.);
#327=CIRCLE('',#1540,10.);
#328=CIRCLE('',#1541,10.);
#329=CIRCLE('',#1542,10.);
#330=CIRCLE('',#1543,5.);
#331=CIRCLE('',#1554,20.);
#332=CIRCLE('',#1555,20.);
#333=CIRCLE('',#1556,20.);
#334=CIRCLE('',#1557,20.);
#335=CIRCLE('',#1558,15.);
#336=CIRCLE('',#1560,15.);
#337=CIRCLE('',#1561,15.);
#338=CIRCLE('',#1562,15.);
#339=CIRCLE('',#1563,15.);
#340=CIRCLE('',#1564,10.);
#341=CIRCLE('',#1566,10.);
#342=CIRCLE('',#1567,10.);
#343=CIRCLE('',#1568,10.);
#344=CIRCLE('',#1569,10.);
#345=CIRCLE('',#1570,5.);
#346=CIRCLE('',#1572,20.);
#347=CIRCLE('',#1600,20.);
#348=CIRCLE('',#1610,20.);
#349=CIRCLE('',#1621,20.);
#350=CIRCLE('',#1625,20.);
#351=LINE('',#2142,#423);
#352=LINE('',#2146,#424);
#353=LINE('',#2150,#425);
#354=LINE('',#2154,#426);
#355=LINE('',#2161,#427);
#356=LINE('',#2165,#428);
#357=LINE('',#2169,#429);
#358=LINE('',#2173,#430);
#359=LINE('',#2180,#431);
#360=LINE('',#2184,#432);
#361=LINE('',#2188,#433);
#362=LINE('',#2192,#434);
#363=LINE('',#2200,#435);
#364=LINE('',#2212,#436);
#365=LINE('',#2224,#437);
#366=LINE('',#2236,#438);
#367=LINE('',#2252,#439);
#368=LINE('',#2256,#440);
#369=LINE('',#2260,#441);
#370=LINE('',#2268,#442);
#371=LINE('',#2272,#443);
#372=LINE('',#2276,#444);
#373=LINE('',#2285,#445);
#374=LINE('',#2295,#446);
#375=LINE('',#2304,#447);
#376=LINE('',#2308,#448);
#377=LINE('',#2312,#449);
#378=LINE('',#2320,#450);
#379=LINE('',#2324,#451);
#380=LINE('',#2328,#452);
#381=LINE('',#2337,#453);
#382=LINE('',#2347,#454);
#383=LINE('',#2356,#455);
#384=LINE('',#2360,#456);
#385=LINE('',#2364,#457);
#386=LINE('',#2372,#458);
#387=LINE('',#2376,#459);
#388=LINE('',#2380,#460);
#389=LINE('',#2389,#461);
#390=LINE('',#2399,#462);
#391=LINE('',#2406,#463);
#392=LINE('',#2414,#464);
#393=LINE('',#2445,#465);
#394=LINE('',#2455,#466);
#395=LINE('',#2465,#467);
#396=LINE('',#2474,#468);
#397=LINE('',#2482,#469);
#398=LINE('',#2486,#470);
#399=LINE('',#2490,#471);
#400=LINE('',#2494,#472);
#401=LINE('',#2500,#473);
#402=LINE('',#2504,#474);
#403=LINE('',#2508,#475);
#404=LINE('',#2512,#476);
#405=LINE('',#2516,#477);
#406=LINE('',#2518,#478);
#407=LINE('',#2520,#479);
#408=LINE('',#2524,#480);
#409=LINE('',#2526,#481);
#410=LINE('',#2528,#482);
#411=LINE('',#2532,#483);
#412=LINE('',#2534,#484);
#413=LINE('',#2536,#485);
#414=LINE('',#2537,#486);
#415=LINE('',#2540,#487);
#416=LINE('',#2542,#488);
#417=LINE('',#2543,#489);
#418=LINE('',#2546,#490);
#419=LINE('',#2548,#491);
#420=LINE('',#2549,#492);
#421=LINE('',#2551,#493);
#422=LINE('',#2552,#494);
#423=VECTOR('',#1641,10.);
#424=VECTOR('',#1644,10.);
#425=VECTOR('',#1647,10.);
#426=VECTOR('',#1650,10.);
#427=VECTOR('',#1657,10.);
#428=VECTOR('',#1660,10.);
#429=VECTOR('',#1663,10.);
#430=VECTOR('',#1666,10.);
#431=VECTOR('',#1673,10.);
#432=VECTOR('',#1676,10.);
#433=VECTOR('',#1679,10.);
#434=VECTOR('',#1682,10.);
#435=VECTOR('',#1691,20.);
#436=VECTOR('',#1708,15.);
#437=VECTOR('',#1725,10.);
#438=VECTOR('',#1742,5.);
#439=VECTOR('',#1759,10.);
#440=VECTOR('',#1762,10.);
#441=VECTOR('',#1765,10.);
#442=VECTOR('',#1774,10.);
#443=VECTOR('',#1777,10.);
#444=VECTOR('',#1780,10.);
#445=VECTOR('',#1791,10.);
#446=VECTOR('',#1804,10.);
#447=VECTOR('',#1815,10.);
#448=VECTOR('',#1818,10.);
#449=VECTOR('',#1821,10.);
#450=VECTOR('',#1830,10.);
#451=VECTOR('',#1833,10.);
#452=VECTOR('',#1836,10.);
#453=VECTOR('',#1847,10.);
#454=VECTOR('',#1860,10.);
#455=VECTOR('',#1871,10.);
#456=VECTOR('',#1874,10.);
#457=VECTOR('',#1877,10.);
#458=VECTOR('',#1886,10.);
#459=VECTOR('',#1889,10.);
#460=VECTOR('',#1892,10.);
#461=VECTOR('',#1903,10.);
#462=VECTOR('',#1916,10.);
#463=VECTOR('',#1925,5.);
#464=VECTOR('',#1936,5.);
#465=VECTOR('',#1983,20.);
#466=VECTOR('',#1998,15.);
#467=VECTOR('',#2013,10.);
#468=VECTOR('',#2028,5.);
#469=VECTOR('',#2039,5.);
#470=VECTOR('',#2044,20.);
#471=VECTOR('',#2051,15.);
#472=VECTOR('',#2058,10.);
#473=VECTOR('',#2067,20.);
#474=VECTOR('',#2074,15.);
#475=VECTOR('',#2081,10.);
#476=VECTOR('',#2088,5.);
#477=VECTOR('',#2093,20.);
#478=VECTOR('',#2096,15.);
#479=VECTOR('',#2099,10.);
#480=VECTOR('',#2104,20.);
#481=VECTOR('',#2107,15.);
#482=VECTOR('',#2110,10.);
#483=VECTOR('',#2113,10.);
#484=VECTOR('',#2114,10.);
#485=VECTOR('',#2115,10.);
#486=VECTOR('',#2116,10.);
#487=VECTOR('',#2119,10.);
#488=VECTOR('',#2120,10.);
#489=VECTOR('',#2121,10.);
#490=VECTOR('',#2124,10.);
#491=VECTOR('',#2125,10.);
#492=VECTOR('',#2126,10.);
#493=VECTOR('',#2129,10.);
#494=VECTOR('',#2130,10.);
#495=VERTEX_POINT('',#2140);
#496=VERTEX_POINT('',#2141);
#497=VERTEX_POINT('',#2143);
#498=VERTEX_POINT('',#2145);
#499=VERTEX_POINT('',#2147);
#500=VERTEX_POINT('',#2149);
#501=VERTEX_POINT('',#2151);
#502=VERTEX_POINT('',#2153);
#503=VERTEX_POINT('',#2156);
#504=VERTEX_POINT('',#2159);
#505=VERTEX_POINT('',#2160);
#506=VERTEX_POINT('',#2162);
#507=VERTEX_POINT('',#2164);
#508=VERTEX_POINT('',#2166);
#509=VERTEX_POINT('',#2168);
#510=VERTEX_POINT('',#2170);
#511=VERTEX_POINT('',#2172);
#512=VERTEX_POINT('',#2175);
#513=VERTEX_POINT('',#2178);
#514=VERTEX_POINT('',#2179);
#515=VERTEX_POINT('',#2181);
#516=VERTEX_POINT('',#2183);
#517=VERTEX_POINT('',#2185);
#518=VERTEX_POINT('',#2187);
#519=VERTEX_POINT('',#2189);
#520=VERTEX_POINT('',#2191);
#521=VERTEX_POINT('',#2194);
#522=VERTEX_POINT('',#2197);
#523=VERTEX_POINT('',#2199);
#524=VERTEX_POINT('',#2203);
#525=VERTEX_POINT('',#2206);
#526=VERTEX_POINT('',#2211);
#527=VERTEX_POINT('',#2215);
#528=VERTEX_POINT('',#2218);
#529=VERTEX_POINT('',#2223);
#530=VERTEX_POINT('',#2227);
#531=VERTEX_POINT('',#2230);
#532=VERTEX_POINT('',#2235);
#533=VERTEX_POINT('',#2237);
#534=VERTEX_POINT('',#2239);
#535=VERTEX_POINT('',#2241);
#536=VERTEX_POINT('',#2243);
#537=VERTEX_POINT('',#2245);
#538=VERTEX_POINT('',#2249);
#539=VERTEX_POINT('',#2251);
#540=VERTEX_POINT('',#2253);
#541=VERTEX_POINT('',#2255);
#542=VERTEX_POINT('',#2257);
#543=VERTEX_POINT('',#2259);
#544=VERTEX_POINT('',#2262);
#545=VERTEX_POINT('',#2265);
#546=VERTEX_POINT('',#2267);
#547=VERTEX_POINT('',#2269);
#548=VERTEX_POINT('',#2271);
#549=VERTEX_POINT('',#2273);
#550=VERTEX_POINT('',#2275);
#551=VERTEX_POINT('',#2278);
#552=VERTEX_POINT('',#2282);
#553=VERTEX_POINT('',#2284);
#554=VERTEX_POINT('',#2288);
#555=VERTEX_POINT('',#2292);
#556=VERTEX_POINT('',#2294);
#557=VERTEX_POINT('',#2298);
#558=VERTEX_POINT('',#2301);
#559=VERTEX_POINT('',#2303);
#560=VERTEX_POINT('',#2305);
#561=VERTEX_POINT('',#2307);
#562=VERTEX_POINT('',#2309);
#563=VERTEX_POINT('',#2311);
#564=VERTEX_POINT('',#2314);
#565=VERTEX_POINT('',#2317);
#566=VERTEX_POINT('',#2319);
#567=VERTEX_POINT('',#2321);
#568=VERTEX_POINT('',#2323);
#569=VERTEX_POINT('',#2325);
#570=VERTEX_POINT('',#2327);
#571=VERTEX_POINT('',#2330);
#572=VERTEX_POINT('',#2334);
#573=VERTEX_POINT('',#2336);
#574=VERTEX_POINT('',#2340);
#575=VERTEX_POINT('',#2344);
#576=VERTEX_POINT('',#2346);
#577=VERTEX_POINT('',#2350);
#578=VERTEX_POINT('',#2353);
#579=VERTEX_POINT('',#2355);
#580=VERTEX_POINT('',#2357);
#581=VERTEX_POINT('',#2359);
#582=VERTEX_POINT('',#2361);
#583=VERTEX_POINT('',#2363);
#584=VERTEX_POINT('',#2366);
#585=VERTEX_POINT('',#2369);
#586=VERTEX_POINT('',#2371);
#587=VERTEX_POINT('',#2373);
#588=VERTEX_POINT('',#2375);
#589=VERTEX_POINT('',#2377);
#590=VERTEX_POINT('',#2379);
#591=VERTEX_POINT('',#2382);
#592=VERTEX_POINT('',#2386);
#593=VERTEX_POINT('',#2388);
#594=VERTEX_POINT('',#2392);
#595=VERTEX_POINT('',#2396);
#596=VERTEX_POINT('',#2398);
#597=VERTEX_POINT('',#2402);
#598=VERTEX_POINT('',#2405);
#599=VERTEX_POINT('',#2407);
#600=VERTEX_POINT('',#2410);
#601=VERTEX_POINT('',#2415);
#602=VERTEX_POINT('',#2417);
#603=VERTEX_POINT('',#2425);
#604=VERTEX_POINT('',#2432);
#605=VERTEX_POINT('',#2439);
#606=VERTEX_POINT('',#2442);
#607=VERTEX_POINT('',#2444);
#608=VERTEX_POINT('',#2449);
#609=VERTEX_POINT('',#2454);
#610=VERTEX_POINT('',#2459);
#611=VERTEX_POINT('',#2464);
#612=VERTEX_POINT('',#2469);
#613=VERTEX_POINT('',#2475);
#614=VERTEX_POINT('',#2477);
#615=VERTEX_POINT('',#2484);
#616=VERTEX_POINT('',#2498);
#617=VERTEX_POINT('',#2514);
#618=VERTEX_POINT('',#2522);
#619=VERTEX_POINT('',#2530);
#620=VERTEX_POINT('',#2531);
#621=VERTEX_POINT('',#2533);
#622=VERTEX_POINT('',#2535);
#623=VERTEX_POINT('',#2539);
#624=VERTEX_POINT('',#2541);
#625=VERTEX_POINT('',#2545);
#626=VERTEX_POINT('',#2547);
#627=EDGE_CURVE('',#495,#496,#351,.T.);
#628=EDGE_CURVE('',#497,#495,#255,.T.);
#629=EDGE_CURVE('',#498,#497,#352,.T.);
#630=EDGE_CURVE('',#499,#498,#256,.T.);
#631=EDGE_CURVE('',#500,#499,#353,.T.);
#632=EDGE_CURVE('',#501,#500,#257,.T.);
#633=EDGE_CURVE('',#502,#501,#354,.T.);
#634=EDGE_CURVE('',#496,#502,#258,.T.);
#635=EDGE_CURVE('',#503,#503,#259,.T.);
#636=EDGE_CURVE('',#504,#505,#355,.T.);
#637=EDGE_CURVE('',#506,#504,#260,.T.);
#638=EDGE_CURVE('',#507,#506,#356,.T.);
#639=EDGE_CURVE('',#508,#507,#261,.T.);
#640=EDGE_CURVE('',#509,#508,#357,.T.);
#641=EDGE_CURVE('',#510,#509,#262,.T.);
#642=EDGE_CURVE('',#511,#510,#358,.T.);
#643=EDGE_CURVE('',#505,#511,#263,.T.);
#644=EDGE_CURVE('',#512,#512,#264,.T.);
#645=EDGE_CURVE('',#513,#514,#359,.T.);
#646=EDGE_CURVE('',#515,#513,#265,.T.);
#647=EDGE_CURVE('',#516,#515,#360,.T.);
#648=EDGE_CURVE('',#517,#516,#266,.T.);
#649=EDGE_CURVE('',#518,#517,#361,.T.);
#650=EDGE_CURVE('',#519,#518,#267,.T.);
#651=EDGE_CURVE('',#520,#519,#362,.T.);
#652=EDGE_CURVE('',#514,#520,#268,.T.);
#653=EDGE_CURVE('',#521,#521,#269,.T.);
#654=EDGE_CURVE('',#522,#522,#270,.T.);
#655=EDGE_CURVE('',#522,#523,#363,.T.);
#656=EDGE_CURVE('',#496,#523,#19,.T.);
#657=EDGE_CURVE('',#501,#502,#20,.T.);
#658=EDGE_CURVE('',#524,#500,#21,.T.);
#659=EDGE_CURVE('',#499,#524,#22,.T.);
#660=EDGE_CURVE('',#525,#498,#23,.T.);
#661=EDGE_CURVE('',#497,#525,#24,.T.);
#662=EDGE_CURVE('',#523,#495,#25,.T.);
#663=EDGE_CURVE('',#503,#526,#364,.T.);
#664=EDGE_CURVE('',#505,#526,#26,.T.);
#665=EDGE_CURVE('',#510,#511,#27,.T.);
#666=EDGE_CURVE('',#527,#509,#28,.T.);
#667=EDGE_CURVE('',#508,#527,#29,.T.);
#668=EDGE_CURVE('',#528,#507,#30,.T.);
#669=EDGE_CURVE('',#506,#528,#31,.T.);
#670=EDGE_CURVE('',#526,#504,#32,.T.);
#671=EDGE_CURVE('',#512,#529,#365,.T.);
#672=EDGE_CURVE('',#514,#529,#33,.T.);
#673=EDGE_CURVE('',#519,#520,#34,.T.);
#674=EDGE_CURVE('',#530,#518,#35,.T.);
#675=EDGE_CURVE('',#517,#530,#36,.T.);
#676=EDGE_CURVE('',#531,#516,#37,.T.);
#677=EDGE_CURVE('',#515,#531,#38,.T.);
#678=EDGE_CURVE('',#529,#513,#39,.T.);
#679=EDGE_CURVE('',#521,#532,#366,.T.);
#680=EDGE_CURVE('',#533,#532,#40,.T.);
#681=EDGE_CURVE('',#534,#533,#41,.T.);
#682=EDGE_CURVE('',#535,#534,#42,.T.);
#683=EDGE_CURVE('',#536,#535,#43,.T.);
#684=EDGE_CURVE('',#537,#536,#44,.T.);
#685=EDGE_CURVE('',#532,#537,#45,.T.);
#686=EDGE_CURVE('',#538,#496,#271,.T.);
#687=EDGE_CURVE('',#539,#538,#367,.T.);
#688=EDGE_CURVE('',#540,#539,#272,.T.);
#689=EDGE_CURVE('',#540,#541,#368,.T.);
#690=EDGE_CURVE('',#542,#541,#273,.T.);
#691=EDGE_CURVE('',#543,#542,#369,.T.);
#692=EDGE_CURVE('',#495,#543,#274,.T.);
#693=EDGE_CURVE('',#544,#544,#275,.T.);
#694=EDGE_CURVE('',#545,#499,#276,.T.);
#695=EDGE_CURVE('',#546,#545,#370,.T.);
#696=EDGE_CURVE('',#547,#546,#277,.T.);
#697=EDGE_CURVE('',#547,#548,#371,.T.);
#698=EDGE_CURVE('',#549,#548,#278,.T.);
#699=EDGE_CURVE('',#550,#549,#372,.T.);
#700=EDGE_CURVE('',#500,#550,#279,.T.);
#701=EDGE_CURVE('',#551,#551,#280,.T.);
#702=EDGE_CURVE('',#543,#497,#281,.T.);
#703=EDGE_CURVE('',#552,#542,#282,.T.);
#704=EDGE_CURVE('',#552,#553,#373,.T.);
#705=EDGE_CURVE('',#546,#553,#283,.T.);
#706=EDGE_CURVE('',#498,#545,#284,.T.);
#707=EDGE_CURVE('',#554,#554,#285,.T.);
#708=EDGE_CURVE('',#550,#501,#286,.T.);
#709=EDGE_CURVE('',#555,#549,#287,.T.);
#710=EDGE_CURVE('',#555,#556,#374,.T.);
#711=EDGE_CURVE('',#539,#556,#288,.T.);
#712=EDGE_CURVE('',#502,#538,#289,.T.);
#713=EDGE_CURVE('',#557,#557,#290,.T.);
#714=EDGE_CURVE('',#558,#505,#291,.T.);
#715=EDGE_CURVE('',#559,#558,#375,.T.);
#716=EDGE_CURVE('',#560,#559,#292,.T.);
#717=EDGE_CURVE('',#560,#561,#376,.T.);
#718=EDGE_CURVE('',#562,#561,#293,.T.);
#719=EDGE_CURVE('',#563,#562,#377,.T.);
#720=EDGE_CURVE('',#504,#563,#294,.T.);
#721=EDGE_CURVE('',#564,#564,#295,.T.);
#722=EDGE_CURVE('',#565,#508,#296,.T.);
#723=EDGE_CURVE('',#566,#565,#378,.T.);
#724=EDGE_CURVE('',#567,#566,#297,.T.);
#725=EDGE_CURVE('',#567,#568,#379,.T.);
#726=EDGE_CURVE('',#569,#568,#298,.T.);
#727=EDGE_CURVE('',#570,#569,#380,.T.);
#728=EDGE_CURVE('',#509,#570,#299,.T.);
#729=EDGE_CURVE('',#571,#571,#300,.T.);
#730=EDGE_CURVE('',#563,#506,#301,.T.);
#731=EDGE_CURVE('',#572,#562,#302,.T.);
#732=EDGE_CURVE('',#572,#573,#381,.T.);
#733=EDGE_CURVE('',#566,#573,#303,.T.);
#734=EDGE_CURVE('',#507,#565,#304,.T.);
#735=EDGE_CURVE('',#574,#574,#305,.T.);
#736=EDGE_CURVE('',#570,#510,#306,.T.);
#737=EDGE_CURVE('',#575,#569,#307,.T.);
#738=EDGE_CURVE('',#575,#576,#382,.T.);
#739=EDGE_CURVE('',#559,#576,#308,.T.);
#740=EDGE_CURVE('',#511,#558,#309,.T.);
#741=EDGE_CURVE('',#577,#577,#310,.T.);
#742=EDGE_CURVE('',#578,#514,#311,.T.);
#743=EDGE_CURVE('',#579,#578,#383,.T.);
#744=EDGE_CURVE('',#580,#579,#312,.T.);
#745=EDGE_CURVE('',#580,#581,#384,.T.);
#746=EDGE_CURVE('',#582,#581,#313,.T.);
#747=EDGE_CURVE('',#583,#582,#385,.T.);
#748=EDGE_CURVE('',#513,#583,#314,.T.);
#749=EDGE_CURVE('',#584,#584,#315,.T.);
#750=EDGE_CURVE('',#585,#517,#316,.T.);
#751=EDGE_CURVE('',#586,#585,#386,.T.);
#752=EDGE_CURVE('',#587,#586,#317,.T.);
#753=EDGE_CURVE('',#587,#588,#387,.T.);
#754=EDGE_CURVE('',#589,#588,#318,.T.);
#755=EDGE_CURVE('',#590,#589,#388,.T.);
#756=EDGE_CURVE('',#518,#590,#319,.T.);
#757=EDGE_CURVE('',#591,#591,#320,.T.);
#758=EDGE_CURVE('',#583,#515,#321,.T.);
#759=EDGE_CURVE('',#592,#582,#322,.T.);
#760=EDGE_CURVE('',#592,#593,#389,.T.);
#761=EDGE_CURVE('',#586,#593,#323,.T.);
#762=EDGE_CURVE('',#516,#585,#324,.T.);
#763=EDGE_CURVE('',#594,#594,#325,.T.);
#764=EDGE_CURVE('',#590,#519,#326,.T.);
#765=EDGE_CURVE('',#595,#589,#327,.T.);
#766=EDGE_CURVE('',#595,#596,#390,.T.);
#767=EDGE_CURVE('',#579,#596,#328,.T.);
#768=EDGE_CURVE('',#520,#578,#329,.T.);
#769=EDGE_CURVE('',#597,#597,#330,.T.);
#770=EDGE_CURVE('',#597,#598,#391,.T.);
#771=EDGE_CURVE('',#598,#599,#46,.T.);
#772=EDGE_CURVE('',#599,#534,#47,.T.);
#773=EDGE_CURVE('',#533,#600,#48,.T.);
#774=EDGE_CURVE('',#600,#598,#49,.T.);
#775=EDGE_CURVE('',#532,#584,#392,.T.);
#776=EDGE_CURVE('',#601,#537,#50,.T.);
#777=EDGE_CURVE('',#601,#602,#51,.T.);
#778=EDGE_CURVE('',#602,#600,#52,.T.);
#779=EDGE_CURVE('',#556,#540,#331,.T.);
#780=EDGE_CURVE('',#548,#555,#332,.T.);
#781=EDGE_CURVE('',#553,#547,#333,.T.);
#782=EDGE_CURVE('',#541,#552,#334,.T.);
#783=EDGE_CURVE('',#603,#603,#335,.T.);
#784=EDGE_CURVE('',#576,#560,#336,.T.);
#785=EDGE_CURVE('',#568,#575,#337,.T.);
#786=EDGE_CURVE('',#573,#567,#338,.T.);
#787=EDGE_CURVE('',#561,#572,#339,.T.);
#788=EDGE_CURVE('',#604,#604,#340,.T.);
#789=EDGE_CURVE('',#596,#580,#341,.T.);
#790=EDGE_CURVE('',#588,#595,#342,.T.);
#791=EDGE_CURVE('',#593,#587,#343,.T.);
#792=EDGE_CURVE('',#581,#592,#344,.T.);
#793=EDGE_CURVE('',#605,#605,#345,.T.);
#794=EDGE_CURVE('',#606,#606,#346,.T.);
#795=EDGE_CURVE('',#606,#607,#393,.T.);
#796=EDGE_CURVE('',#541,#607,#53,.T.);
#797=EDGE_CURVE('',#553,#552,#54,.T.);
#798=EDGE_CURVE('',#548,#547,#55,.T.);
#799=EDGE_CURVE('',#608,#555,#56,.T.);
#800=EDGE_CURVE('',#556,#608,#57,.T.);
#801=EDGE_CURVE('',#607,#540,#58,.T.);
#802=EDGE_CURVE('',#603,#609,#394,.T.);
#803=EDGE_CURVE('',#561,#609,#59,.T.);
#804=EDGE_CURVE('',#573,#572,#60,.T.);
#805=EDGE_CURVE('',#568,#567,#61,.T.);
#806=EDGE_CURVE('',#610,#575,#62,.T.);
#807=EDGE_CURVE('',#576,#610,#63,.T.);
#808=EDGE_CURVE('',#609,#560,#64,.T.);
#809=EDGE_CURVE('',#604,#611,#395,.T.);
#810=EDGE_CURVE('',#581,#611,#65,.T.);
#811=EDGE_CURVE('',#593,#592,#66,.T.);
#812=EDGE_CURVE('',#588,#587,#67,.T.);
#813=EDGE_CURVE('',#612,#595,#68,.T.);
#814=EDGE_CURVE('',#596,#612,#69,.T.);
#815=EDGE_CURVE('',#611,#580,#70,.T.);
#816=EDGE_CURVE('',#605,#602,#396,.T.);
#817=EDGE_CURVE('',#613,#601,#71,.T.);
#818=EDGE_CURVE('',#614,#613,#72,.T.);
#819=EDGE_CURVE('',#599,#614,#73,.T.);
#820=EDGE_CURVE('',#536,#614,#74,.T.);
#821=EDGE_CURVE('',#613,#594,#397,.T.);
#822=EDGE_CURVE('',#615,#615,#347,.T.);
#823=EDGE_CURVE('',#615,#523,#398,.T.);
#824=EDGE_CURVE('',#542,#543,#75,.T.);
#825=EDGE_CURVE('',#538,#539,#76,.T.);
#826=EDGE_CURVE('',#544,#526,#399,.T.);
#827=EDGE_CURVE('',#562,#563,#77,.T.);
#828=EDGE_CURVE('',#558,#559,#78,.T.);
#829=EDGE_CURVE('',#564,#529,#400,.T.);
#830=EDGE_CURVE('',#582,#583,#79,.T.);
#831=EDGE_CURVE('',#578,#579,#80,.T.);
#832=EDGE_CURVE('',#616,#616,#348,.T.);
#833=EDGE_CURVE('',#616,#524,#401,.T.);
#834=EDGE_CURVE('',#549,#550,#81,.T.);
#835=EDGE_CURVE('',#545,#546,#82,.T.);
#836=EDGE_CURVE('',#551,#527,#402,.T.);
#837=EDGE_CURVE('',#569,#570,#83,.T.);
#838=EDGE_CURVE('',#565,#566,#84,.T.);
#839=EDGE_CURVE('',#571,#530,#403,.T.);
#840=EDGE_CURVE('',#589,#590,#85,.T.);
#841=EDGE_CURVE('',#585,#586,#86,.T.);
#842=EDGE_CURVE('',#591,#535,#404,.T.);
#843=EDGE_CURVE('',#617,#617,#349,.T.);
#844=EDGE_CURVE('',#617,#525,#405,.T.);
#845=EDGE_CURVE('',#554,#528,#406,.T.);
#846=EDGE_CURVE('',#574,#531,#407,.T.);
#847=EDGE_CURVE('',#618,#618,#350,.T.);
#848=EDGE_CURVE('',#618,#608,#408,.T.);
#849=EDGE_CURVE('',#557,#610,#409,.T.);
#850=EDGE_CURVE('',#577,#612,#410,.T.);
#851=EDGE_CURVE('',#619,#620,#411,.T.);
#852=EDGE_CURVE('',#619,#621,#412,.T.);
#853=EDGE_CURVE('',#622,#621,#413,.T.);
#854=EDGE_CURVE('',#620,#622,#414,.T.);
#855=EDGE_CURVE('',#620,#623,#415,.T.);
#856=EDGE_CURVE('',#624,#622,#416,.T.);
#857=EDGE_CURVE('',#623,#624,#417,.T.);
#858=EDGE_CURVE('',#623,#625,#418,.T.);
#859=EDGE_CURVE('',#626,#624,#419,.T.);
#860=EDGE_CURVE('',#625,#626,#420,.T.);
#861=EDGE_CURVE('',#625,#619,#421,.T.);
#862=EDGE_CURVE('',#621,#626,#422,.T.);
#863=ORIENTED_EDGE('',*,*,#627,.F.);
#864=ORIENTED_EDGE('',*,*,#628,.F.);
#865=ORIENTED_EDGE('',*,*,#629,.F.);
#866=ORIENTED_EDGE('',*,*,#630,.F.);
#867=ORIENTED_EDGE('',*,*,#631,.F.);
#868=ORIENTED_EDGE('',*,*,#632,.F.);
#869=ORIENTED_EDGE('',*,*,#633,.F.);
#870=ORIENTED_EDGE('',*,*,#634,.F.);
#871=ORIENTED_EDGE('',*,*,#635,.T.);
#872=ORIENTED_EDGE('',*,*,#636,.F.);
#873=ORIENTED_EDGE('',*,*,#637,.F.);
#874=ORIENTED_EDGE('',*,*,#638,.F.);
#875=ORIENTED_EDGE('',*,*,#639,.F.);
#876=ORIENTED_EDGE('',*,*,#640,.F.);
#877=ORIENTED_EDGE('',*,*,#641,.F.);
#878=ORIENTED_EDGE('',*,*,#642,.F.);
#879=ORIENTED_EDGE('',*,*,#643,.F.);
#880=ORIENTED_EDGE('',*,*,#644,.T.);
#881=ORIENTED_EDGE('',*,*,#645,.F.);
#882=ORIENTED_EDGE('',*,*,#646,.F.);
#883=ORIENTED_EDGE('',*,*,#647,.F.);
#884=ORIENTED_EDGE('',*,*,#648,.F.);
#885=ORIENTED_EDGE('',*,*,#649,.F.);
#886=ORIENTED_EDGE('',*,*,#650,.F.);
#887=ORIENTED_EDGE('',*,*,#651,.F.);
#888=ORIENTED_EDGE('',*,*,#652,.F.);
#889=ORIENTED_EDGE('',*,*,#653,.T.);
#890=ORIENTED_EDGE('',*,*,#654,.F.);
#891=ORIENTED_EDGE('',*,*,#655,.T.);
#892=ORIENTED_EDGE('',*,*,#656,.F.);
#893=ORIENTED_EDGE('',*,*,#634,.T.);
#894=ORIENTED_EDGE('',*,*,#657,.F.);
#895=ORIENTED_EDGE('',*,*,#632,.T.);
#896=ORIENTED_EDGE('',*,*,#658,.F.);
#897=ORIENTED_EDGE('',*,*,#659,.F.);
#898=ORIENTED_EDGE('',*,*,#630,.T.);
#899=ORIENTED_EDGE('',*,*,#660,.F.);
#900=ORIENTED_EDGE('',*,*,#661,.F.);
#901=ORIENTED_EDGE('',*,*,#628,.T.);
#902=ORIENTED_EDGE('',*,*,#662,.F.);
#903=ORIENTED_EDGE('',*,*,#655,.F.);
#904=ORIENTED_EDGE('',*,*,#635,.F.);
#905=ORIENTED_EDGE('',*,*,#663,.T.);
#906=ORIENTED_EDGE('',*,*,#664,.F.);
#907=ORIENTED_EDGE('',*,*,#643,.T.);
#908=ORIENTED_EDGE('',*,*,#665,.F.);
#909=ORIENTED_EDGE('',*,*,#641,.T.);
#910=ORIENTED_EDGE('',*,*,#666,.F.);
#911=ORIENTED_EDGE('',*,*,#667,.F.);
#912=ORIENTED_EDGE('',*,*,#639,.T.);
#913=ORIENTED_EDGE('',*,*,#668,.F.);
#914=ORIENTED_EDGE('',*,*,#669,.F.);
#915=ORIENTED_EDGE('',*,*,#637,.T.);
#916=ORIENTED_EDGE('',*,*,#670,.F.);
#917=ORIENTED_EDGE('',*,*,#663,.F.);
#918=ORIENTED_EDGE('',*,*,#644,.F.);
#919=ORIENTED_EDGE('',*,*,#671,.T.);
#920=ORIENTED_EDGE('',*,*,#672,.F.);
#921=ORIENTED_EDGE('',*,*,#652,.T.);
#922=ORIENTED_EDGE('',*,*,#673,.F.);
#923=ORIENTED_EDGE('',*,*,#650,.T.);
#924=ORIENTED_EDGE('',*,*,#674,.F.);
#925=ORIENTED_EDGE('',*,*,#675,.F.);
#926=ORIENTED_EDGE('',*,*,#648,.T.);
#927=ORIENTED_EDGE('',*,*,#676,.F.);
#928=ORIENTED_EDGE('',*,*,#677,.F.);
#929=ORIENTED_EDGE('',*,*,#646,.T.);
#930=ORIENTED_EDGE('',*,*,#678,.F.);
#931=ORIENTED_EDGE('',*,*,#671,.F.);
#932=ORIENTED_EDGE('',*,*,#653,.F.);
#933=ORIENTED_EDGE('',*,*,#679,.T.);
#934=ORIENTED_EDGE('',*,*,#680,.F.);
#935=ORIENTED_EDGE('',*,*,#681,.F.);
#936=ORIENTED_EDGE('',*,*,#682,.F.);
#937=ORIENTED_EDGE('',*,*,#683,.F.);
#938=ORIENTED_EDGE('',*,*,#684,.F.);
#939=ORIENTED_EDGE('',*,*,#685,.F.);
#940=ORIENTED_EDGE('',*,*,#679,.F.);
#941=ORIENTED_EDGE('',*,*,#627,.T.);
#942=ORIENTED_EDGE('',*,*,#686,.F.);
#943=ORIENTED_EDGE('',*,*,#687,.F.);
#944=ORIENTED_EDGE('',*,*,#688,.F.);
#945=ORIENTED_EDGE('',*,*,#689,.T.);
#946=ORIENTED_EDGE('',*,*,#690,.F.);
#947=ORIENTED_EDGE('',*,*,#691,.F.);
#948=ORIENTED_EDGE('',*,*,#692,.F.);
#949=ORIENTED_EDGE('',*,*,#693,.T.);
#950=ORIENTED_EDGE('',*,*,#631,.T.);
#951=ORIENTED_EDGE('',*,*,#694,.F.);
#952=ORIENTED_EDGE('',*,*,#695,.F.);
#953=ORIENTED_EDGE('',*,*,#696,.F.);
#954=ORIENTED_EDGE('',*,*,#697,.T.);
#955=ORIENTED_EDGE('',*,*,#698,.F.);
#956=ORIENTED_EDGE('',*,*,#699,.F.);
#957=ORIENTED_EDGE('',*,*,#700,.F.);
#958=ORIENTED_EDGE('',*,*,#701,.T.);
#959=ORIENTED_EDGE('',*,*,#629,.T.);
#960=ORIENTED_EDGE('',*,*,#702,.F.);
#961=ORIENTED_EDGE('',*,*,#691,.T.);
#962=ORIENTED_EDGE('',*,*,#703,.F.);
#963=ORIENTED_EDGE('',*,*,#704,.T.);
#964=ORIENTED_EDGE('',*,*,#705,.F.);
#965=ORIENTED_EDGE('',*,*,#695,.T.);
#966=ORIENTED_EDGE('',*,*,#706,.F.);
#967=ORIENTED_EDGE('',*,*,#707,.T.);
#968=ORIENTED_EDGE('',*,*,#633,.T.);
#969=ORIENTED_EDGE('',*,*,#708,.F.);
#970=ORIENTED_EDGE('',*,*,#699,.T.);
#971=ORIENTED_EDGE('',*,*,#709,.F.);
#972=ORIENTED_EDGE('',*,*,#710,.T.);
#973=ORIENTED_EDGE('',*,*,#711,.F.);
#974=ORIENTED_EDGE('',*,*,#687,.T.);
#975=ORIENTED_EDGE('',*,*,#712,.F.);
#976=ORIENTED_EDGE('',*,*,#713,.T.);
#977=ORIENTED_EDGE('',*,*,#636,.T.);
#978=ORIENTED_EDGE('',*,*,#714,.F.);
#979=ORIENTED_EDGE('',*,*,#715,.F.);
#980=ORIENTED_EDGE('',*,*,#716,.F.);
#981=ORIENTED_EDGE('',*,*,#717,.T.);
#982=ORIENTED_EDGE('',*,*,#718,.F.);
#983=ORIENTED_EDGE('',*,*,#719,.F.);
#984=ORIENTED_EDGE('',*,*,#720,.F.);
#985=ORIENTED_EDGE('',*,*,#721,.T.);
#986=ORIENTED_EDGE('',*,*,#640,.T.);
#987=ORIENTED_EDGE('',*,*,#722,.F.);
#988=ORIENTED_EDGE('',*,*,#723,.F.);
#989=ORIENTED_EDGE('',*,*,#724,.F.);
#990=ORIENTED_EDGE('',*,*,#725,.T.);
#991=ORIENTED_EDGE('',*,*,#726,.F.);
#992=ORIENTED_EDGE('',*,*,#727,.F.);
#993=ORIENTED_EDGE('',*,*,#728,.F.);
#994=ORIENTED_EDGE('',*,*,#729,.T.);
#995=ORIENTED_EDGE('',*,*,#638,.T.);
#996=ORIENTED_EDGE('',*,*,#730,.F.);
#997=ORIENTED_EDGE('',*,*,#719,.T.);
#998=ORIENTED_EDGE('',*,*,#731,.F.);
#999=ORIENTED_EDGE('',*,*,#732,.T.);
#1000=ORIENTED_EDGE('',*,*,#733,.F.);
#1001=ORIENTED_EDGE('',*,*,#723,.T.);
#1002=ORIENTED_EDGE('',*,*,#734,.F.);
#1003=ORIENTED_EDGE('',*,*,#735,.T.);
#1004=ORIENTED_EDGE('',*,*,#642,.T.);
#1005=ORIENTED_EDGE('',*,*,#736,.F.);
#1006=ORIENTED_EDGE('',*,*,#727,.T.);
#1007=ORIENTED_EDGE('',*,*,#737,.F.);
#1008=ORIENTED_EDGE('',*,*,#738,.T.);
#1009=ORIENTED_EDGE('',*,*,#739,.F.);
#1010=ORIENTED_EDGE('',*,*,#715,.T.);
#1011=ORIENTED_EDGE('',*,*,#740,.F.);
#1012=ORIENTED_EDGE('',*,*,#741,.T.);
#1013=ORIENTED_EDGE('',*,*,#645,.T.);
#1014=ORIENTED_EDGE('',*,*,#742,.F.);
#1015=ORIENTED_EDGE('',*,*,#743,.F.);
#1016=ORIENTED_EDGE('',*,*,#744,.F.);
#1017=ORIENTED_EDGE('',*,*,#745,.T.);
#1018=ORIENTED_EDGE('',*,*,#746,.F.);
#1019=ORIENTED_EDGE('',*,*,#747,.F.);
#1020=ORIENTED_EDGE('',*,*,#748,.F.);
#1021=ORIENTED_EDGE('',*,*,#749,.T.);
#1022=ORIENTED_EDGE('',*,*,#649,.T.);
#1023=ORIENTED_EDGE('',*,*,#750,.F.);
#1024=ORIENTED_EDGE('',*,*,#751,.F.);
#1025=ORIENTED_EDGE('',*,*,#752,.F.);
#1026=ORIENTED_EDGE('',*,*,#753,.T.);
#1027=ORIENTED_EDGE('',*,*,#754,.F.);
#1028=ORIENTED_EDGE('',*,*,#755,.F.);
#1029=ORIENTED_EDGE('',*,*,#756,.F.);
#1030=ORIENTED_EDGE('',*,*,#757,.T.);
#1031=ORIENTED_EDGE('',*,*,#647,.T.);
#1032=ORIENTED_EDGE('',*,*,#758,.F.);
#1033=ORIENTED_EDGE('',*,*,#747,.T.);
#1034=ORIENTED_EDGE('',*,*,#759,.F.);
#1035=ORIENTED_EDGE('',*,*,#760,.T.);
#1036=ORIENTED_EDGE('',*,*,#761,.F.);
#1037=ORIENTED_EDGE('',*,*,#751,.T.);
#1038=ORIENTED_EDGE('',*,*,#762,.F.);
#1039=ORIENTED_EDGE('',*,*,#763,.T.);
#1040=ORIENTED_EDGE('',*,*,#651,.T.);
#1041=ORIENTED_EDGE('',*,*,#764,.F.);
#1042=ORIENTED_EDGE('',*,*,#755,.T.);
#1043=ORIENTED_EDGE('',*,*,#765,.F.);
#1044=ORIENTED_EDGE('',*,*,#766,.T.);
#1045=ORIENTED_EDGE('',*,*,#767,.F.);
#1046=ORIENTED_EDGE('',*,*,#743,.T.);
#1047=ORIENTED_EDGE('',*,*,#768,.F.);
#1048=ORIENTED_EDGE('',*,*,#769,.T.);
#1049=ORIENTED_EDGE('',*,*,#769,.F.);
#1050=ORIENTED_EDGE('',*,*,#770,.T.);
#1051=ORIENTED_EDGE('',*,*,#771,.T.);
#1052=ORIENTED_EDGE('',*,*,#772,.T.);
#1053=ORIENTED_EDGE('',*,*,#681,.T.);
#1054=ORIENTED_EDGE('',*,*,#773,.T.);
#1055=ORIENTED_EDGE('',*,*,#774,.T.);
#1056=ORIENTED_EDGE('',*,*,#770,.F.);
#1057=ORIENTED_EDGE('',*,*,#680,.T.);
#1058=ORIENTED_EDGE('',*,*,#775,.T.);
#1059=ORIENTED_EDGE('',*,*,#749,.F.);
#1060=ORIENTED_EDGE('',*,*,#775,.F.);
#1061=ORIENTED_EDGE('',*,*,#685,.T.);
#1062=ORIENTED_EDGE('',*,*,#776,.F.);
#1063=ORIENTED_EDGE('',*,*,#777,.T.);
#1064=ORIENTED_EDGE('',*,*,#778,.T.);
#1065=ORIENTED_EDGE('',*,*,#773,.F.);
#1066=ORIENTED_EDGE('',*,*,#689,.F.);
#1067=ORIENTED_EDGE('',*,*,#779,.F.);
#1068=ORIENTED_EDGE('',*,*,#710,.F.);
#1069=ORIENTED_EDGE('',*,*,#780,.F.);
#1070=ORIENTED_EDGE('',*,*,#697,.F.);
#1071=ORIENTED_EDGE('',*,*,#781,.F.);
#1072=ORIENTED_EDGE('',*,*,#704,.F.);
#1073=ORIENTED_EDGE('',*,*,#782,.F.);
#1074=ORIENTED_EDGE('',*,*,#783,.T.);
#1075=ORIENTED_EDGE('',*,*,#717,.F.);
#1076=ORIENTED_EDGE('',*,*,#784,.F.);
#1077=ORIENTED_EDGE('',*,*,#738,.F.);
#1078=ORIENTED_EDGE('',*,*,#785,.F.);
#1079=ORIENTED_EDGE('',*,*,#725,.F.);
#1080=ORIENTED_EDGE('',*,*,#786,.F.);
#1081=ORIENTED_EDGE('',*,*,#732,.F.);
#1082=ORIENTED_EDGE('',*,*,#787,.F.);
#1083=ORIENTED_EDGE('',*,*,#788,.T.);
#1084=ORIENTED_EDGE('',*,*,#745,.F.);
#1085=ORIENTED_EDGE('',*,*,#789,.F.);
#1086=ORIENTED_EDGE('',*,*,#766,.F.);
#1087=ORIENTED_EDGE('',*,*,#790,.F.);
#1088=ORIENTED_EDGE('',*,*,#753,.F.);
#1089=ORIENTED_EDGE('',*,*,#791,.F.);
#1090=ORIENTED_EDGE('',*,*,#760,.F.);
#1091=ORIENTED_EDGE('',*,*,#792,.F.);
#1092=ORIENTED_EDGE('',*,*,#793,.T.);
#1093=ORIENTED_EDGE('',*,*,#794,.F.);
#1094=ORIENTED_EDGE('',*,*,#795,.T.);
#1095=ORIENTED_EDGE('',*,*,#796,.F.);
#1096=ORIENTED_EDGE('',*,*,#782,.T.);
#1097=ORIENTED_EDGE('',*,*,#797,.F.);
#1098=ORIENTED_EDGE('',*,*,#781,.T.);
#1099=ORIENTED_EDGE('',*,*,#798,.F.);
#1100=ORIENTED_EDGE('',*,*,#780,.T.);
#1101=ORIENTED_EDGE('',*,*,#799,.F.);
#1102=ORIENTED_EDGE('',*,*,#800,.F.);
#1103=ORIENTED_EDGE('',*,*,#779,.T.);
#1104=ORIENTED_EDGE('',*,*,#801,.F.);
#1105=ORIENTED_EDGE('',*,*,#795,.F.);
#1106=ORIENTED_EDGE('',*,*,#783,.F.);
#1107=ORIENTED_EDGE('',*,*,#802,.T.);
#1108=ORIENTED_EDGE('',*,*,#803,.F.);
#1109=ORIENTED_EDGE('',*,*,#787,.T.);
#1110=ORIENTED_EDGE('',*,*,#804,.F.);
#1111=ORIENTED_EDGE('',*,*,#786,.T.);
#1112=ORIENTED_EDGE('',*,*,#805,.F.);
#1113=ORIENTED_EDGE('',*,*,#785,.T.);
#1114=ORIENTED_EDGE('',*,*,#806,.F.);
#1115=ORIENTED_EDGE('',*,*,#807,.F.);
#1116=ORIENTED_EDGE('',*,*,#784,.T.);
#1117=ORIENTED_EDGE('',*,*,#808,.F.);
#1118=ORIENTED_EDGE('',*,*,#802,.F.);
#1119=ORIENTED_EDGE('',*,*,#788,.F.);
#1120=ORIENTED_EDGE('',*,*,#809,.T.);
#1121=ORIENTED_EDGE('',*,*,#810,.F.);
#1122=ORIENTED_EDGE('',*,*,#792,.T.);
#1123=ORIENTED_EDGE('',*,*,#811,.F.);
#1124=ORIENTED_EDGE('',*,*,#791,.T.);
#1125=ORIENTED_EDGE('',*,*,#812,.F.);
#1126=ORIENTED_EDGE('',*,*,#790,.T.);
#1127=ORIENTED_EDGE('',*,*,#813,.F.);
#1128=ORIENTED_EDGE('',*,*,#814,.F.);
#1129=ORIENTED_EDGE('',*,*,#789,.T.);
#1130=ORIENTED_EDGE('',*,*,#815,.F.);
#1131=ORIENTED_EDGE('',*,*,#809,.F.);
#1132=ORIENTED_EDGE('',*,*,#793,.F.);
#1133=ORIENTED_EDGE('',*,*,#816,.T.);
#1134=ORIENTED_EDGE('',*,*,#777,.F.);
#1135=ORIENTED_EDGE('',*,*,#817,.F.);
#1136=ORIENTED_EDGE('',*,*,#818,.F.);
#1137=ORIENTED_EDGE('',*,*,#819,.F.);
#1138=ORIENTED_EDGE('',*,*,#771,.F.);
#1139=ORIENTED_EDGE('',*,*,#774,.F.);
#1140=ORIENTED_EDGE('',*,*,#778,.F.);
#1141=ORIENTED_EDGE('',*,*,#816,.F.);
#1142=ORIENTED_EDGE('',*,*,#684,.T.);
#1143=ORIENTED_EDGE('',*,*,#820,.T.);
#1144=ORIENTED_EDGE('',*,*,#818,.T.);
#1145=ORIENTED_EDGE('',*,*,#821,.T.);
#1146=ORIENTED_EDGE('',*,*,#763,.F.);
#1147=ORIENTED_EDGE('',*,*,#821,.F.);
#1148=ORIENTED_EDGE('',*,*,#817,.T.);
#1149=ORIENTED_EDGE('',*,*,#776,.T.);
#1150=ORIENTED_EDGE('',*,*,#822,.F.);
#1151=ORIENTED_EDGE('',*,*,#823,.T.);
#1152=ORIENTED_EDGE('',*,*,#662,.T.);
#1153=ORIENTED_EDGE('',*,*,#692,.T.);
#1154=ORIENTED_EDGE('',*,*,#824,.F.);
#1155=ORIENTED_EDGE('',*,*,#690,.T.);
#1156=ORIENTED_EDGE('',*,*,#796,.T.);
#1157=ORIENTED_EDGE('',*,*,#801,.T.);
#1158=ORIENTED_EDGE('',*,*,#688,.T.);
#1159=ORIENTED_EDGE('',*,*,#825,.F.);
#1160=ORIENTED_EDGE('',*,*,#686,.T.);
#1161=ORIENTED_EDGE('',*,*,#656,.T.);
#1162=ORIENTED_EDGE('',*,*,#823,.F.);
#1163=ORIENTED_EDGE('',*,*,#693,.F.);
#1164=ORIENTED_EDGE('',*,*,#826,.T.);
#1165=ORIENTED_EDGE('',*,*,#670,.T.);
#1166=ORIENTED_EDGE('',*,*,#720,.T.);
#1167=ORIENTED_EDGE('',*,*,#827,.F.);
#1168=ORIENTED_EDGE('',*,*,#718,.T.);
#1169=ORIENTED_EDGE('',*,*,#803,.T.);
#1170=ORIENTED_EDGE('',*,*,#808,.T.);
#1171=ORIENTED_EDGE('',*,*,#716,.T.);
#1172=ORIENTED_EDGE('',*,*,#828,.F.);
#1173=ORIENTED_EDGE('',*,*,#714,.T.);
#1174=ORIENTED_EDGE('',*,*,#664,.T.);
#1175=ORIENTED_EDGE('',*,*,#826,.F.);
#1176=ORIENTED_EDGE('',*,*,#721,.F.);
#1177=ORIENTED_EDGE('',*,*,#829,.T.);
#1178=ORIENTED_EDGE('',*,*,#678,.T.);
#1179=ORIENTED_EDGE('',*,*,#748,.T.);
#1180=ORIENTED_EDGE('',*,*,#830,.F.);
#1181=ORIENTED_EDGE('',*,*,#746,.T.);
#1182=ORIENTED_EDGE('',*,*,#810,.T.);
#1183=ORIENTED_EDGE('',*,*,#815,.T.);
#1184=ORIENTED_EDGE('',*,*,#744,.T.);
#1185=ORIENTED_EDGE('',*,*,#831,.F.);
#1186=ORIENTED_EDGE('',*,*,#742,.T.);
#1187=ORIENTED_EDGE('',*,*,#672,.T.);
#1188=ORIENTED_EDGE('',*,*,#829,.F.);
#1189=ORIENTED_EDGE('',*,*,#832,.F.);
#1190=ORIENTED_EDGE('',*,*,#833,.T.);
#1191=ORIENTED_EDGE('',*,*,#658,.T.);
#1192=ORIENTED_EDGE('',*,*,#700,.T.);
#1193=ORIENTED_EDGE('',*,*,#834,.F.);
#1194=ORIENTED_EDGE('',*,*,#698,.T.);
#1195=ORIENTED_EDGE('',*,*,#798,.T.);
#1196=ORIENTED_EDGE('',*,*,#696,.T.);
#1197=ORIENTED_EDGE('',*,*,#835,.F.);
#1198=ORIENTED_EDGE('',*,*,#694,.T.);
#1199=ORIENTED_EDGE('',*,*,#659,.T.);
#1200=ORIENTED_EDGE('',*,*,#833,.F.);
#1201=ORIENTED_EDGE('',*,*,#701,.F.);
#1202=ORIENTED_EDGE('',*,*,#836,.T.);
#1203=ORIENTED_EDGE('',*,*,#666,.T.);
#1204=ORIENTED_EDGE('',*,*,#728,.T.);
#1205=ORIENTED_EDGE('',*,*,#837,.F.);
#1206=ORIENTED_EDGE('',*,*,#726,.T.);
#1207=ORIENTED_EDGE('',*,*,#805,.T.);
#1208=ORIENTED_EDGE('',*,*,#724,.T.);
#1209=ORIENTED_EDGE('',*,*,#838,.F.);
#1210=ORIENTED_EDGE('',*,*,#722,.T.);
#1211=ORIENTED_EDGE('',*,*,#667,.T.);
#1212=ORIENTED_EDGE('',*,*,#836,.F.);
#1213=ORIENTED_EDGE('',*,*,#729,.F.);
#1214=ORIENTED_EDGE('',*,*,#839,.T.);
#1215=ORIENTED_EDGE('',*,*,#674,.T.);
#1216=ORIENTED_EDGE('',*,*,#756,.T.);
#1217=ORIENTED_EDGE('',*,*,#840,.F.);
#1218=ORIENTED_EDGE('',*,*,#754,.T.);
#1219=ORIENTED_EDGE('',*,*,#812,.T.);
#1220=ORIENTED_EDGE('',*,*,#752,.T.);
#1221=ORIENTED_EDGE('',*,*,#841,.F.);
#1222=ORIENTED_EDGE('',*,*,#750,.T.);
#1223=ORIENTED_EDGE('',*,*,#675,.T.);
#1224=ORIENTED_EDGE('',*,*,#839,.F.);
#1225=ORIENTED_EDGE('',*,*,#757,.F.);
#1226=ORIENTED_EDGE('',*,*,#842,.T.);
#1227=ORIENTED_EDGE('',*,*,#682,.T.);
#1228=ORIENTED_EDGE('',*,*,#772,.F.);
#1229=ORIENTED_EDGE('',*,*,#819,.T.);
#1230=ORIENTED_EDGE('',*,*,#820,.F.);
#1231=ORIENTED_EDGE('',*,*,#683,.T.);
#1232=ORIENTED_EDGE('',*,*,#842,.F.);
#1233=ORIENTED_EDGE('',*,*,#843,.F.);
#1234=ORIENTED_EDGE('',*,*,#844,.T.);
#1235=ORIENTED_EDGE('',*,*,#660,.T.);
#1236=ORIENTED_EDGE('',*,*,#706,.T.);
#1237=ORIENTED_EDGE('',*,*,#835,.T.);
#1238=ORIENTED_EDGE('',*,*,#705,.T.);
#1239=ORIENTED_EDGE('',*,*,#797,.T.);
#1240=ORIENTED_EDGE('',*,*,#703,.T.);
#1241=ORIENTED_EDGE('',*,*,#824,.T.);
#1242=ORIENTED_EDGE('',*,*,#702,.T.);
#1243=ORIENTED_EDGE('',*,*,#661,.T.);
#1244=ORIENTED_EDGE('',*,*,#844,.F.);
#1245=ORIENTED_EDGE('',*,*,#707,.F.);
#1246=ORIENTED_EDGE('',*,*,#845,.T.);
#1247=ORIENTED_EDGE('',*,*,#668,.T.);
#1248=ORIENTED_EDGE('',*,*,#734,.T.);
#1249=ORIENTED_EDGE('',*,*,#838,.T.);
#1250=ORIENTED_EDGE('',*,*,#733,.T.);
#1251=ORIENTED_EDGE('',*,*,#804,.T.);
#1252=ORIENTED_EDGE('',*,*,#731,.T.);
#1253=ORIENTED_EDGE('',*,*,#827,.T.);
#1254=ORIENTED_EDGE('',*,*,#730,.T.);
#1255=ORIENTED_EDGE('',*,*,#669,.T.);
#1256=ORIENTED_EDGE('',*,*,#845,.F.);
#1257=ORIENTED_EDGE('',*,*,#735,.F.);
#1258=ORIENTED_EDGE('',*,*,#846,.T.);
#1259=ORIENTED_EDGE('',*,*,#676,.T.);
#1260=ORIENTED_EDGE('',*,*,#762,.T.);
#1261=ORIENTED_EDGE('',*,*,#841,.T.);
#1262=ORIENTED_EDGE('',*,*,#761,.T.);
#1263=ORIENTED_EDGE('',*,*,#811,.T.);
#1264=ORIENTED_EDGE('',*,*,#759,.T.);
#1265=ORIENTED_EDGE('',*,*,#830,.T.);
#1266=ORIENTED_EDGE('',*,*,#758,.T.);
#1267=ORIENTED_EDGE('',*,*,#677,.T.);
#1268=ORIENTED_EDGE('',*,*,#846,.F.);
#1269=ORIENTED_EDGE('',*,*,#847,.F.);
#1270=ORIENTED_EDGE('',*,*,#848,.T.);
#1271=ORIENTED_EDGE('',*,*,#799,.T.);
#1272=ORIENTED_EDGE('',*,*,#709,.T.);
#1273=ORIENTED_EDGE('',*,*,#834,.T.);
#1274=ORIENTED_EDGE('',*,*,#708,.T.);
#1275=ORIENTED_EDGE('',*,*,#657,.T.);
#1276=ORIENTED_EDGE('',*,*,#712,.T.);
#1277=ORIENTED_EDGE('',*,*,#825,.T.);
#1278=ORIENTED_EDGE('',*,*,#711,.T.);
#1279=ORIENTED_EDGE('',*,*,#800,.T.);
#1280=ORIENTED_EDGE('',*,*,#848,.F.);
#1281=ORIENTED_EDGE('',*,*,#713,.F.);
#1282=ORIENTED_EDGE('',*,*,#849,.T.);
#1283=ORIENTED_EDGE('',*,*,#806,.T.);
#1284=ORIENTED_EDGE('',*,*,#737,.T.);
#1285=ORIENTED_EDGE('',*,*,#837,.T.);
#1286=ORIENTED_EDGE('',*,*,#736,.T.);
#1287=ORIENTED_EDGE('',*,*,#665,.T.);
#1288=ORIENTED_EDGE('',*,*,#740,.T.);
#1289=ORIENTED_EDGE('',*,*,#828,.T.);
#1290=ORIENTED_EDGE('',*,*,#739,.T.);
#1291=ORIENTED_EDGE('',*,*,#807,.T.);
#1292=ORIENTED_EDGE('',*,*,#849,.F.);
#1293=ORIENTED_EDGE('',*,*,#741,.F.);
#1294=ORIENTED_EDGE('',*,*,#850,.T.);
#1295=ORIENTED_EDGE('',*,*,#813,.T.);
#1296=ORIENTED_EDGE('',*,*,#765,.T.);
#1297=ORIENTED_EDGE('',*,*,#840,.T.);
#1298=ORIENTED_EDGE('',*,*,#764,.T.);
#1299=ORIENTED_EDGE('',*,*,#673,.T.);
#1300=ORIENTED_EDGE('',*,*,#768,.T.);
#1301=ORIENTED_EDGE('',*,*,#831,.T.);
#1302=ORIENTED_EDGE('',*,*,#767,.T.);
#1303=ORIENTED_EDGE('',*,*,#814,.T.);
#1304=ORIENTED_EDGE('',*,*,#850,.F.);
#1305=ORIENTED_EDGE('',*,*,#851,.F.);
#1306=ORIENTED_EDGE('',*,*,#852,.T.);
#1307=ORIENTED_EDGE('',*,*,#853,.F.);
#1308=ORIENTED_EDGE('',*,*,#854,.F.);
#1309=ORIENTED_EDGE('',*,*,#832,.T.);
#1310=ORIENTED_EDGE('',*,*,#855,.F.);
#1311=ORIENTED_EDGE('',*,*,#854,.T.);
#1312=ORIENTED_EDGE('',*,*,#856,.F.);
#1313=ORIENTED_EDGE('',*,*,#857,.F.);
#1314=ORIENTED_EDGE('',*,*,#794,.T.);
#1315=ORIENTED_EDGE('',*,*,#858,.F.);
#1316=ORIENTED_EDGE('',*,*,#857,.T.);
#1317=ORIENTED_EDGE('',*,*,#859,.F.);
#1318=ORIENTED_EDGE('',*,*,#860,.F.);
#1319=ORIENTED_EDGE('',*,*,#822,.T.);
#1320=ORIENTED_EDGE('',*,*,#861,.F.);
#1321=ORIENTED_EDGE('',*,*,#860,.T.);
#1322=ORIENTED_EDGE('',*,*,#862,.F.);
#1323=ORIENTED_EDGE('',*,*,#852,.F.);
#1324=ORIENTED_EDGE('',*,*,#654,.T.);
#1325=ORIENTED_EDGE('',*,*,#861,.T.);
#1326=ORIENTED_EDGE('',*,*,#851,.T.);
#1327=ORIENTED_EDGE('',*,*,#855,.T.);
#1328=ORIENTED_EDGE('',*,*,#858,.T.);
#1329=ORIENTED_EDGE('',*,*,#847,.T.);
#1330=ORIENTED_EDGE('',*,*,#862,.T.);
#1331=ORIENTED_EDGE('',*,*,#859,.T.);
#1332=ORIENTED_EDGE('',*,*,#856,.T.);
#1333=ORIENTED_EDGE('',*,*,#853,.T.);
#1334=ORIENTED_EDGE('',*,*,#843,.T.);
#1335=PLANE('',#1422);
#1336=PLANE('',#1428);
#1337=PLANE('',#1434);
#1338=PLANE('',#1472);
#1339=PLANE('',#1478);
#1340=PLANE('',#1484);
#1341=PLANE('',#1490);
#1342=PLANE('',#1496);
#1343=PLANE('',#1502);
#1344=PLANE('',#1508);
#1345=PLANE('',#1514);
#1346=PLANE('',#1520);
#1347=PLANE('',#1526);
#1348=PLANE('',#1532);
#1349=PLANE('',#1538);
#1350=PLANE('',#1553);
#1351=PLANE('',#1559);
#1352=PLANE('',#1565);
#1353=PLANE('',#1628);
#1354=PLANE('',#1629);
#1355=PLANE('',#1630);
#1356=PLANE('',#1631);
#1357=PLANE('',#1632);
#1358=PLANE('',#1633);
#1359=ADVANCED_FACE('',(#135,#111),#1335,.F.);
#1360=ADVANCED_FACE('',(#136,#112),#1336,.F.);
#1361=ADVANCED_FACE('',(#137,#113),#1337,.F.);
#1362=ADVANCED_FACE('',(#138),#87,.F.);
#1363=ADVANCED_FACE('',(#139),#88,.F.);
#1364=ADVANCED_FACE('',(#140),#89,.F.);
#1365=ADVANCED_FACE('',(#141),#90,.F.);
#1366=ADVANCED_FACE('',(#142,#114),#1338,.F.);
#1367=ADVANCED_FACE('',(#143,#115),#1339,.F.);
#1368=ADVANCED_FACE('',(#144,#116),#1340,.F.);
#1369=ADVANCED_FACE('',(#145,#117),#1341,.F.);
#1370=ADVANCED_FACE('',(#146,#118),#1342,.F.);
#1371=ADVANCED_FACE('',(#147,#119),#1343,.F.);
#1372=ADVANCED_FACE('',(#148,#120),#1344,.F.);
#1373=ADVANCED_FACE('',(#149,#121),#1345,.F.);
#1374=ADVANCED_FACE('',(#150,#122),#1346,.F.);
#1375=ADVANCED_FACE('',(#151,#123),#1347,.F.);
#1376=ADVANCED_FACE('',(#152,#124),#1348,.F.);
#1377=ADVANCED_FACE('',(#153,#125),#1349,.F.);
#1378=ADVANCED_FACE('',(#154),#91,.F.);
#1379=ADVANCED_FACE('',(#155),#92,.F.);
#1380=ADVANCED_FACE('',(#156,#126),#1350,.F.);
#1381=ADVANCED_FACE('',(#157,#127),#1351,.F.);
#1382=ADVANCED_FACE('',(#158,#128),#1352,.F.);
#1383=ADVANCED_FACE('',(#159),#93,.F.);
#1384=ADVANCED_FACE('',(#160),#94,.F.);
#1385=ADVANCED_FACE('',(#161),#95,.F.);
#1386=ADVANCED_FACE('',(#162),#96,.F.);
#1387=ADVANCED_FACE('',(#163),#97,.F.);
#1388=ADVANCED_FACE('',(#164),#98,.F.);
#1389=ADVANCED_FACE('',(#165),#99,.F.);
#1390=ADVANCED_FACE('',(#166),#100,.F.);
#1391=ADVANCED_FACE('',(#167),#101,.F.);
#1392=ADVANCED_FACE('',(#168),#102,.F.);
#1393=ADVANCED_FACE('',(#169),#103,.F.);
#1394=ADVANCED_FACE('',(#170),#104,.F.);
#1395=ADVANCED_FACE('',(#171),#105,.F.);
#1396=ADVANCED_FACE('',(#172),#106,.F.);
#1397=ADVANCED_FACE('',(#173),#107,.F.);
#1398=ADVANCED_FACE('',(#174),#108,.F.);
#1399=ADVANCED_FACE('',(#175),#109,.F.);
#1400=ADVANCED_FACE('',(#176),#110,.F.);
#1401=ADVANCED_FACE('',(#177,#129),#1353,.T.);
#1402=ADVANCED_FACE('',(#178,#130),#1354,.T.);
#1403=ADVANCED_FACE('',(#179,#131),#1355,.T.);
#1404=ADVANCED_FACE('',(#180,#132),#1356,.T.);
#1405=ADVANCED_FACE('',(#181,#133),#1357,.T.);
#1406=ADVANCED_FACE('',(#182,#134),#1358,.T.);
#1407=CLOSED_SHELL('',(#1359,#1360,#1361,#1362,#1363,#1364,#1365,#1366,
#1367,#1368,#1369,#1370,#1371,#1372,#1373,#1374,#1375,#1376,#1377,#1378,
#1379,#1380,#1381,#1382,#1383,#1384,#1385,#1386,#1387,#1388,#1389,#1390,
#1391,#1392,#1393,#1394,#1395,#1396,#1397,#1398,#1399,#1400,#1401,#1402,
#1403,#1404,#1405,#1406));
#1408=DERIVED_UNIT_ELEMENT(#1410,1.);
#1409=DERIVED_UNIT_ELEMENT(#2563,-3.);
#1410=(
MASS_UNIT()
NAMED_UNIT(*)
SI_UNIT(.KILO.,.GRAM.)
);
#1411=DERIVED_UNIT((#1408,#1409));
#1412=MEASURE_REPRESENTATION_ITEM('density measure',
POSITIVE_RATIO_MEASURE(7850.),#1411);
#1413=PROPERTY_DEFINITION_REPRESENTATION(#1418,#1415);
#1414=PROPERTY_DEFINITION_REPRESENTATION(#1419,#1416);
#1415=REPRESENTATION('material name',(#1417),#2560);
#1416=REPRESENTATION('density',(#1412),#2560);
#1417=DESCRIPTIVE_REPRESENTATION_ITEM('Stahl','Stahl');
#1418=PROPERTY_DEFINITION('material property','material name',#2575);
#1419=PROPERTY_DEFINITION('material property','density of part',#2575);
#1420=AXIS2_PLACEMENT_3D('',#2137,#1635,#1636);
#1421=AXIS2_PLACEMENT_3D('',#2138,#1637,#1638);
#1422=AXIS2_PLACEMENT_3D('',#2139,#1639,#1640);
#1423=AXIS2_PLACEMENT_3D('',#2144,#1642,#1643);
#1424=AXIS2_PLACEMENT_3D('',#2148,#1645,#1646);
#1425=AXIS2_PLACEMENT_3D('',#2152,#1648,#1649);
#1426=AXIS2_PLACEMENT_3D('',#2155,#1651,#1652);
#1427=AXIS2_PLACEMENT_3D('',#2157,#1653,#1654);
#1428=AXIS2_PLACEMENT_3D('',#2158,#1655,#1656);
#1429=AXIS2_PLACEMENT_3D('',#2163,#1658,#1659);
#1430=AXIS2_PLACEMENT_3D('',#2167,#1661,#1662);
#1431=AXIS2_PLACEMENT_3D('',#2171,#1664,#1665);
#1432=AXIS2_PLACEMENT_3D('',#2174,#1667,#1668);
#1433=AXIS2_PLACEMENT_3D('',#2176,#1669,#1670);
#1434=AXIS2_PLACEMENT_3D('',#2177,#1671,#1672);
#1435=AXIS2_PLACEMENT_3D('',#2182,#1674,#1675);
#1436=AXIS2_PLACEMENT_3D('',#2186,#1677,#1678);
#1437=AXIS2_PLACEMENT_3D('',#2190,#1680,#1681);
#1438=AXIS2_PLACEMENT_3D('',#2193,#1683,#1684);
#1439=AXIS2_PLACEMENT_3D('',#2195,#1685,#1686);
#1440=AXIS2_PLACEMENT_3D('',#2196,#1687,#1688);
#1441=AXIS2_PLACEMENT_3D('',#2198,#1689,#1690);
#1442=AXIS2_PLACEMENT_3D('',#2201,#1692,#1693);
#1443=AXIS2_PLACEMENT_3D('',#2202,#1694,#1695);
#1444=AXIS2_PLACEMENT_3D('',#2204,#1696,#1697);
#1445=AXIS2_PLACEMENT_3D('',#2205,#1698,#1699);
#1446=AXIS2_PLACEMENT_3D('',#2207,#1700,#1701);
#1447=AXIS2_PLACEMENT_3D('',#2208,#1702,#1703);
#1448=AXIS2_PLACEMENT_3D('',#2209,#1704,#1705);
#1449=AXIS2_PLACEMENT_3D('',#2210,#1706,#1707);
#1450=AXIS2_PLACEMENT_3D('',#2213,#1709,#1710);
#1451=AXIS2_PLACEMENT_3D('',#2214,#1711,#1712);
#1452=AXIS2_PLACEMENT_3D('',#2216,#1713,#1714);
#1453=AXIS2_PLACEMENT_3D('',#2217,#1715,#1716);
#1454=AXIS2_PLACEMENT_3D('',#2219,#1717,#1718);
#1455=AXIS2_PLACEMENT_3D('',#2220,#1719,#1720);
#1456=AXIS2_PLACEMENT_3D('',#2221,#1721,#1722);
#1457=AXIS2_PLACEMENT_3D('',#2222,#1723,#1724);
#1458=AXIS2_PLACEMENT_3D('',#2225,#1726,#1727);
#1459=AXIS2_PLACEMENT_3D('',#2226,#1728,#1729);
#1460=AXIS2_PLACEMENT_3D('',#2228,#1730,#1731);
#1461=AXIS2_PLACEMENT_3D('',#2229,#1732,#1733);
#1462=AXIS2_PLACEMENT_3D('',#2231,#1734,#1735);
#1463=AXIS2_PLACEMENT_3D('',#2232,#1736,#1737);
#1464=AXIS2_PLACEMENT_3D('',#2233,#1738,#1739);
#1465=AXIS2_PLACEMENT_3D('',#2234,#1740,#1741);
#1466=AXIS2_PLACEMENT_3D('',#2238,#1743,#1744);
#1467=AXIS2_PLACEMENT_3D('',#2240,#1745,#1746);
#1468=AXIS2_PLACEMENT_3D('',#2242,#1747,#1748);
#1469=AXIS2_PLACEMENT_3D('',#2244,#1749,#1750);
#1470=AXIS2_PLACEMENT_3D('',#2246,#1751,#1752);
#1471=AXIS2_PLACEMENT_3D('',#2247,#1753,#1754);
#1472=AXIS2_PLACEMENT_3D('',#2248,#1755,#1756);
#1473=AXIS2_PLACEMENT_3D('',#2250,#1757,#1758);
#1474=AXIS2_PLACEMENT_3D('',#2254,#1760,#1761);
#1475=AXIS2_PLACEMENT_3D('',#2258,#1763,#1764);
#1476=AXIS2_PLACEMENT_3D('',#2261,#1766,#1767);
#1477=AXIS2_PLACEMENT_3D('',#2263,#1768,#1769);
#1478=AXIS2_PLACEMENT_3D('',#2264,#1770,#1771);
#1479=AXIS2_PLACEMENT_3D('',#2266,#1772,#1773);
#1480=AXIS2_PLACEMENT_3D('',#2270,#1775,#1776);
#1481=AXIS2_PLACEMENT_3D('',#2274,#1778,#1779);
#1482=AXIS2_PLACEMENT_3D('',#2277,#1781,#1782);
#1483=AXIS2_PLACEMENT_3D('',#2279,#1783,#1784);
#1484=AXIS2_PLACEMENT_3D('',#2280,#1785,#1786);
#1485=AXIS2_PLACEMENT_3D('',#2281,#1787,#1788);
#1486=AXIS2_PLACEMENT_3D('',#2283,#1789,#1790);
#1487=AXIS2_PLACEMENT_3D('',#2286,#1792,#1793);
#1488=AXIS2_PLACEMENT_3D('',#2287,#1794,#1795);
#1489=AXIS2_PLACEMENT_3D('',#2289,#1796,#1797);
#1490=AXIS2_PLACEMENT_3D('',#2290,#1798,#1799);
#1491=AXIS2_PLACEMENT_3D('',#2291,#1800,#1801);
#1492=AXIS2_PLACEMENT_3D('',#2293,#1802,#1803);
#1493=AXIS2_PLACEMENT_3D('',#2296,#1805,#1806);
#1494=AXIS2_PLACEMENT_3D('',#2297,#1807,#1808);
#1495=AXIS2_PLACEMENT_3D('',#2299,#1809,#1810);
#1496=AXIS2_PLACEMENT_3D('',#2300,#1811,#1812);
#1497=AXIS2_PLACEMENT_3D('',#2302,#1813,#1814);
#1498=AXIS2_PLACEMENT_3D('',#2306,#1816,#1817);
#1499=AXIS2_PLACEMENT_3D('',#2310,#1819,#1820);
#1500=AXIS2_PLACEMENT_3D('',#2313,#1822,#1823);
#1501=AXIS2_PLACEMENT_3D('',#2315,#1824,#1825);
#1502=AXIS2_PLACEMENT_3D('',#2316,#1826,#1827);
#1503=AXIS2_PLACEMENT_3D('',#2318,#1828,#1829);
#1504=AXIS2_PLACEMENT_3D('',#2322,#1831,#1832);
#1505=AXIS2_PLACEMENT_3D('',#2326,#1834,#1835);
#1506=AXIS2_PLACEMENT_3D('',#2329,#1837,#1838);
#1507=AXIS2_PLACEMENT_3D('',#2331,#1839,#1840);
#1508=AXIS2_PLACEMENT_3D('',#2332,#1841,#1842);
#1509=AXIS2_PLACEMENT_3D('',#2333,#1843,#1844);
#1510=AXIS2_PLACEMENT_3D('',#2335,#1845,#1846);
#1511=AXIS2_PLACEMENT_3D('',#2338,#1848,#1849);
#1512=AXIS2_PLACEMENT_3D('',#2339,#1850,#1851);
#1513=AXIS2_PLACEMENT_3D('',#2341,#1852,#1853);
#1514=AXIS2_PLACEMENT_3D('',#2342,#1854,#1855);
#1515=AXIS2_PLACEMENT_3D('',#2343,#1856,#1857);
#1516=AXIS2_PLACEMENT_3D('',#2345,#1858,#1859);
#1517=AXIS2_PLACEMENT_3D('',#2348,#1861,#1862);
#1518=AXIS2_PLACEMENT_3D('',#2349,#1863,#1864);
#1519=AXIS2_PLACEMENT_3D('',#2351,#1865,#1866);
#1520=AXIS2_PLACEMENT_3D('',#2352,#1867,#1868);
#1521=AXIS2_PLACEMENT_3D('',#2354,#1869,#1870);
#1522=AXIS2_PLACEMENT_3D('',#2358,#1872,#1873);
#1523=AXIS2_PLACEMENT_3D('',#2362,#1875,#1876);
#1524=AXIS2_PLACEMENT_3D('',#2365,#1878,#1879);
#1525=AXIS2_PLACEMENT_3D('',#2367,#1880,#1881);
#1526=AXIS2_PLACEMENT_3D('',#2368,#1882,#1883);
#1527=AXIS2_PLACEMENT_3D('',#2370,#1884,#1885);
#1528=AXIS2_PLACEMENT_3D('',#2374,#1887,#1888);
#1529=AXIS2_PLACEMENT_3D('',#2378,#1890,#1891);
#1530=AXIS2_PLACEMENT_3D('',#2381,#1893,#1894);
#1531=AXIS2_PLACEMENT_3D('',#2383,#1895,#1896);
#1532=AXIS2_PLACEMENT_3D('',#2384,#1897,#1898);
#1533=AXIS2_PLACEMENT_3D('',#2385,#1899,#1900);
#1534=AXIS2_PLACEMENT_3D('',#2387,#1901,#1902);
#1535=AXIS2_PLACEMENT_3D('',#2390,#1904,#1905);
#1536=AXIS2_PLACEMENT_3D('',#2391,#1906,#1907);
#1537=AXIS2_PLACEMENT_3D('',#2393,#1908,#1909);
#1538=AXIS2_PLACEMENT_3D('',#2394,#1910,#1911);
#1539=AXIS2_PLACEMENT_3D('',#2395,#1912,#1913);
#1540=AXIS2_PLACEMENT_3D('',#2397,#1914,#1915);
#1541=AXIS2_PLACEMENT_3D('',#2400,#1917,#1918);
#1542=AXIS2_PLACEMENT_3D('',#2401,#1919,#1920);
#1543=AXIS2_PLACEMENT_3D('',#2403,#1921,#1922);
#1544=AXIS2_PLACEMENT_3D('',#2404,#1923,#1924);
#1545=AXIS2_PLACEMENT_3D('',#2408,#1926,#1927);
#1546=AXIS2_PLACEMENT_3D('',#2409,#1928,#1929);
#1547=AXIS2_PLACEMENT_3D('',#2411,#1930,#1931);
#1548=AXIS2_PLACEMENT_3D('',#2412,#1932,#1933);
#1549=AXIS2_PLACEMENT_3D('',#2413,#1934,#1935);
#1550=AXIS2_PLACEMENT_3D('',#2416,#1937,#1938);
#1551=AXIS2_PLACEMENT_3D('',#2418,#1939,#1940);
#1552=AXIS2_PLACEMENT_3D('',#2419,#1941,#1942);
#1553=AXIS2_PLACEMENT_3D('',#2420,#1943,#1944);
#1554=AXIS2_PLACEMENT_3D('',#2421,#1945,#1946);
#1555=AXIS2_PLACEMENT_3D('',#2422,#1947,#1948);
#1556=AXIS2_PLACEMENT_3D('',#2423,#1949,#1950);
#1557=AXIS2_PLACEMENT_3D('',#2424,#1951,#1952);
#1558=AXIS2_PLACEMENT_3D('',#2426,#1953,#1954);
#1559=AXIS2_PLACEMENT_3D('',#2427,#1955,#1956);
#1560=AXIS2_PLACEMENT_3D('',#2428,#1957,#1958);
#1561=AXIS2_PLACEMENT_3D('',#2429,#1959,#1960);
#1562=AXIS2_PLACEMENT_3D('',#2430,#1961,#1962);
#1563=AXIS2_PLACEMENT_3D('',#2431,#1963,#1964);
#1564=AXIS2_PLACEMENT_3D('',#2433,#1965,#1966);
#1565=AXIS2_PLACEMENT_3D('',#2434,#1967,#1968);
#1566=AXIS2_PLACEMENT_3D('',#2435,#1969,#1970);
#1567=AXIS2_PLACEMENT_3D('',#2436,#1971,#1972);
#1568=AXIS2_PLACEMENT_3D('',#2437,#1973,#1974);
#1569=AXIS2_PLACEMENT_3D('',#2438,#1975,#1976);
#1570=AXIS2_PLACEMENT_3D('',#2440,#1977,#1978);
#1571=AXIS2_PLACEMENT_3D('',#2441,#1979,#1980);
#1572=AXIS2_PLACEMENT_3D('',#2443,#1981,#1982);
#1573=AXIS2_PLACEMENT_3D('',#2446,#1984,#1985);
#1574=AXIS2_PLACEMENT_3D('',#2447,#1986,#1987);
#1575=AXIS2_PLACEMENT_3D('',#2448,#1988,#1989);
#1576=AXIS2_PLACEMENT_3D('',#2450,#1990,#1991);
#1577=AXIS2_PLACEMENT_3D('',#2451,#1992,#1993);
#1578=AXIS2_PLACEMENT_3D('',#2452,#1994,#1995);
#1579=AXIS2_PLACEMENT_3D('',#2453,#1996,#1997);
#1580=AXIS2_PLACEMENT_3D('',#2456,#1999,#2000);
#1581=AXIS2_PLACEMENT_3D('',#2457,#2001,#2002);
#1582=AXIS2_PLACEMENT_3D('',#2458,#2003,#2004);
#1583=AXIS2_PLACEMENT_3D('',#2460,#2005,#2006);
#1584=AXIS2_PLACEMENT_3D('',#2461,#2007,#2008);
#1585=AXIS2_PLACEMENT_3D('',#2462,#2009,#2010);
#1586=AXIS2_PLACEMENT_3D('',#2463,#2011,#2012);
#1587=AXIS2_PLACEMENT_3D('',#2466,#2014,#2015);
#1588=AXIS2_PLACEMENT_3D('',#2467,#2016,#2017);
#1589=AXIS2_PLACEMENT_3D('',#2468,#2018,#2019);
#1590=AXIS2_PLACEMENT_3D('',#2470,#2020,#2021);
#1591=AXIS2_PLACEMENT_3D('',#2471,#2022,#2023);
#1592=AXIS2_PLACEMENT_3D('',#2472,#2024,#2025);
#1593=AXIS2_PLACEMENT_3D('',#2473,#2026,#2027);
#1594=AXIS2_PLACEMENT_3D('',#2476,#2029,#2030);
#1595=AXIS2_PLACEMENT_3D('',#2478,#2031,#2032);
#1596=AXIS2_PLACEMENT_3D('',#2479,#2033,#2034);
#1597=AXIS2_PLACEMENT_3D('',#2480,#2035,#2036);
#1598=AXIS2_PLACEMENT_3D('',#2481,#2037,#2038);
#1599=AXIS2_PLACEMENT_3D('',#2483,#2040,#2041);
#1600=AXIS2_PLACEMENT_3D('',#2485,#2042,#2043);
#1601=AXIS2_PLACEMENT_3D('',#2487,#2045,#2046);
#1602=AXIS2_PLACEMENT_3D('',#2488,#2047,#2048);
#1603=AXIS2_PLACEMENT_3D('',#2489,#2049,#2050);
#1604=AXIS2_PLACEMENT_3D('',#2491,#2052,#2053);
#1605=AXIS2_PLACEMENT_3D('',#2492,#2054,#2055);
#1606=AXIS2_PLACEMENT_3D('',#2493,#2056,#2057);
#1607=AXIS2_PLACEMENT_3D('',#2495,#2059,#2060);
#1608=AXIS2_PLACEMENT_3D('',#2496,#2061,#2062);
#1609=AXIS2_PLACEMENT_3D('',#2497,#2063,#2064);
#1610=AXIS2_PLACEMENT_3D('',#2499,#2065,#2066);
#1611=AXIS2_PLACEMENT_3D('',#2501,#2068,#2069);
#1612=AXIS2_PLACEMENT_3D('',#2502,#2070,#2071);
#1613=AXIS2_PLACEMENT_3D('',#2503,#2072,#2073);
#1614=AXIS2_PLACEMENT_3D('',#2505,#2075,#2076);
#1615=AXIS2_PLACEMENT_3D('',#2506,#2077,#2078);
#1616=AXIS2_PLACEMENT_3D('',#2507,#2079,#2080);
#1617=AXIS2_PLACEMENT_3D('',#2509,#2082,#2083);
#1618=AXIS2_PLACEMENT_3D('',#2510,#2084,#2085);
#1619=AXIS2_PLACEMENT_3D('',#2511,#2086,#2087);
#1620=AXIS2_PLACEMENT_3D('',#2513,#2089,#2090);
#1621=AXIS2_PLACEMENT_3D('',#2515,#2091,#2092);
#1622=AXIS2_PLACEMENT_3D('',#2517,#2094,#2095);
#1623=AXIS2_PLACEMENT_3D('',#2519,#2097,#2098);
#1624=AXIS2_PLACEMENT_3D('',#2521,#2100,#2101);
#1625=AXIS2_PLACEMENT_3D('',#2523,#2102,#2103);
#1626=AXIS2_PLACEMENT_3D('',#2525,#2105,#2106);
#1627=AXIS2_PLACEMENT_3D('',#2527,#2108,#2109);
#1628=AXIS2_PLACEMENT_3D('',#2529,#2111,#2112);
#1629=AXIS2_PLACEMENT_3D('',#2538,#2117,#2118);
#1630=AXIS2_PLACEMENT_3D('',#2544,#2122,#2123);
#1631=AXIS2_PLACEMENT_3D('',#2550,#2127,#2128);
#1632=AXIS2_PLACEMENT_3D('',#2553,#2131,#2132);
#1633=AXIS2_PLACEMENT_3D('',#2554,#2133,#2134);
#1634=AXIS2_PLACEMENT_3D('',#2555,#2135,#2136);
#1635=DIRECTION('axis',(0.,0.,1.));
#1636=DIRECTION('refdir',(1.,0.,0.));
#1637=DIRECTION('axis',(0.,0.,1.));
#1638=DIRECTION('refdir',(1.,0.,0.));
#1639=DIRECTION('center_axis',(1.,4.85722573270016E-16,-7.0846106758893E-14));
#1640=DIRECTION('ref_axis',(4.85722573273443E-16,-1.,4.83711505485027E-14));
#1641=DIRECTION('',(7.08461067588929E-14,4.8849813083507E-14,1.));
#1642=DIRECTION('center_axis',(1.,4.85722573270016E-16,-7.0846106758893E-14));
#1643=DIRECTION('ref_axis',(4.85722573273443E-16,-1.,4.83711505485027E-14));
#1644=DIRECTION('',(-4.85722573270016E-16,1.,2.22610538550091E-29));
#1645=DIRECTION('center_axis',(1.,4.85722573270016E-16,-7.0846106758893E-14));
#1646=DIRECTION('ref_axis',(4.85722573273443E-16,-1.,4.83711505485027E-14));
#1647=DIRECTION('',(-7.08461067588929E-14,-2.29677388219329E-14,-1.));
#1648=DIRECTION('center_axis',(1.,4.85722573270016E-16,-7.0846106758893E-14));
#1649=DIRECTION('ref_axis',(4.85722573273443E-16,-1.,4.83711505485027E-14));
#1650=DIRECTION('',(4.85722573270016E-16,-1.,-2.58960540320608E-29));
#1651=DIRECTION('center_axis',(1.,4.85722573270016E-16,-7.0846106758893E-14));
#1652=DIRECTION('ref_axis',(4.85722573273443E-16,-1.,4.83711505485027E-14));
#1653=DIRECTION('center_axis',(1.,4.85722573270016E-16,-7.0846106758893E-14));
#1654=DIRECTION('ref_axis',(4.85722573273443E-16,-1.,4.83711505485027E-14));
#1655=DIRECTION('center_axis',(1.,4.85722573270016E-16,-7.0846106758893E-14));
#1656=DIRECTION('ref_axis',(4.85722573273443E-16,-1.,4.83711505485027E-14));
#1657=DIRECTION('',(7.08461067588929E-14,4.8849813083507E-14,1.));
#1658=DIRECTION('center_axis',(1.,4.85722573270016E-16,-7.0846106758893E-14));
#1659=DIRECTION('ref_axis',(4.85722573273443E-16,-1.,4.83711505485027E-14));
#1660=DIRECTION('',(-4.85722573270016E-16,1.,2.22610538550091E-29));
#1661=DIRECTION('center_axis',(1.,4.85722573270016E-16,-7.0846106758893E-14));
#1662=DIRECTION('ref_axis',(4.85722573273443E-16,-1.,4.83711505485027E-14));
#1663=DIRECTION('',(-7.08461067588929E-14,-2.29677388219329E-14,-1.));
#1664=DIRECTION('center_axis',(1.,4.85722573270016E-16,-7.0846106758893E-14));
#1665=DIRECTION('ref_axis',(4.85722573273443E-16,-1.,4.83711505485027E-14));
#1666=DIRECTION('',(4.85722573270016E-16,-1.,-2.58960540320608E-29));
#1667=DIRECTION('center_axis',(1.,4.85722573270016E-16,-7.0846106758893E-14));
#1668=DIRECTION('ref_axis',(4.85722573273443E-16,-1.,4.83711505485027E-14));
#1669=DIRECTION('center_axis',(1.,4.85722573270016E-16,-7.0846106758893E-14));
#1670=DIRECTION('ref_axis',(4.85722573273443E-16,-1.,4.83711505485027E-14));
#1671=DIRECTION('center_axis',(1.,4.85722573270016E-16,-7.0846106758893E-14));
#1672=DIRECTION('ref_axis',(4.85722573273443E-16,-1.,4.83711505485027E-14));
#1673=DIRECTION('',(7.08461067588929E-14,4.8849813083507E-14,1.));
#1674=DIRECTION('center_axis',(1.,4.85722573270016E-16,-7.0846106758893E-14));
#1675=DIRECTION('ref_axis',(4.85722573273443E-16,-1.,4.83711505485027E-14));
#1676=DIRECTION('',(-4.85722573270016E-16,1.,2.22610538550091E-29));
#1677=DIRECTION('center_axis',(1.,4.85722573270016E-16,-7.0846106758893E-14));
#1678=DIRECTION('ref_axis',(4.85722573273443E-16,-1.,4.83711505485027E-14));
#1679=DIRECTION('',(-7.08461067588929E-14,-2.29677388219329E-14,-1.));
#1680=DIRECTION('center_axis',(1.,4.85722573270016E-16,-7.0846106758893E-14));
#1681=DIRECTION('ref_axis',(4.85722573273443E-16,-1.,4.83711505485027E-14));
#1682=DIRECTION('',(4.85722573270016E-16,-1.,-2.58960540320608E-29));
#1683=DIRECTION('center_axis',(1.,4.85722573270016E-16,-7.0846106758893E-14));
#1684=DIRECTION('ref_axis',(4.85722573273443E-16,-1.,4.83711505485027E-14));
#1685=DIRECTION('center_axis',(1.,4.85722573270016E-16,-7.0846106758893E-14));
#1686=DIRECTION('ref_axis',(4.85722573273443E-16,-1.,4.83711505485027E-14));
#1687=DIRECTION('center_axis',(1.,4.85722573270016E-16,-7.0846106758893E-14));
#1688=DIRECTION('ref_axis',(4.85722573273443E-16,-1.,4.83711505485027E-14));
#1689=DIRECTION('center_axis',(1.,0.,0.));
#1690=DIRECTION('ref_axis',(4.85722573273443E-16,-1.,4.83711505485027E-14));
#1691=DIRECTION('',(1.,4.85722573270016E-16,-7.0846106758893E-14));
#1692=DIRECTION('center_axis',(-0.707106781186547,-0.707106781186548,8.46279835230555E-14));
#1693=DIRECTION('ref_axis',(0.707106781186548,-0.707106781186547,-1.58921939432377E-14));
#1694=DIRECTION('center_axis',(-0.70710678118659,-3.14018491736774E-16,
-0.707106781186505));
#1695=DIRECTION('ref_axis',(0.707106781186505,-3.38601108413066E-14,-0.70710678118659));
#1696=DIRECTION('center_axis',(-0.707106781186548,0.707106781186547,3.39139971075696E-14));
#1697=DIRECTION('ref_axis',(-0.707106781186547,-0.707106781186548,8.42993310765209E-14));
#1698=DIRECTION('center_axis',(-0.707106781186548,0.707106781186547,3.39139971075696E-14));
#1699=DIRECTION('ref_axis',(-0.707106781186547,-0.707106781186548,8.42993310765209E-14));
#1700=DIRECTION('center_axis',(-0.707106781186504,-3.14018491736735E-16,
0.707106781186591));
#1701=DIRECTION('ref_axis',(-0.707106781186591,-3.45470262919766E-14,-0.707106781186504));
#1702=DIRECTION('center_axis',(-0.707106781186504,-3.14018491736735E-16,
0.707106781186591));
#1703=DIRECTION('ref_axis',(-0.707106781186591,-3.45470262919766E-14,-0.707106781186504));
#1704=DIRECTION('center_axis',(-0.707106781186547,-0.707106781186548,8.46279835230555E-14));
#1705=DIRECTION('ref_axis',(0.707106781186548,-0.707106781186547,-1.58921939432377E-14));
#1706=DIRECTION('center_axis',(1.,4.85722573270016E-16,-7.0846106758893E-14));
#1707=DIRECTION('ref_axis',(4.85722573273443E-16,-1.,4.83711505485027E-14));
#1708=DIRECTION('',(1.,4.85722573270016E-16,-7.0846106758893E-14));
#1709=DIRECTION('center_axis',(-0.707106781186547,-0.707106781186548,8.4575647107766E-14));
#1710=DIRECTION('ref_axis',(0.707106781186548,-0.707106781186547,-1.58921939432377E-14));
#1711=DIRECTION('center_axis',(-0.70710678118659,-4.18691322315699E-16,
-0.707106781186505));
#1712=DIRECTION('ref_axis',(0.707106781186505,-3.38601108413067E-14,-0.70710678118659));
#1713=DIRECTION('center_axis',(-0.707106781186548,0.707106781186547,3.37046514464117E-14));
#1714=DIRECTION('ref_axis',(-0.707106781186547,-0.707106781186548,8.42993310765209E-14));
#1715=DIRECTION('center_axis',(-0.707106781186548,0.707106781186547,3.37046514464117E-14));
#1716=DIRECTION('ref_axis',(-0.707106781186547,-0.707106781186548,8.42993310765209E-14));
#1717=DIRECTION('center_axis',(-0.707106781186504,-4.18691322315648E-16,
0.707106781186591));
#1718=DIRECTION('ref_axis',(-0.707106781186591,-3.45470262919766E-14,-0.707106781186504));
#1719=DIRECTION('center_axis',(-0.707106781186504,-4.18691322315648E-16,
0.707106781186591));
#1720=DIRECTION('ref_axis',(-0.707106781186591,-3.45470262919766E-14,-0.707106781186504));
#1721=DIRECTION('center_axis',(-0.707106781186547,-0.707106781186548,8.4575647107766E-14));
#1722=DIRECTION('ref_axis',(0.707106781186548,-0.707106781186547,-1.58921939432377E-14));
#1723=DIRECTION('center_axis',(1.,4.85722573270016E-16,-7.0846106758893E-14));
#1724=DIRECTION('ref_axis',(4.85722573273443E-16,-1.,4.83711505485027E-14));
#1725=DIRECTION('',(1.,4.85722573270016E-16,-7.0846106758893E-14));
#1726=DIRECTION('center_axis',(-0.707106781186547,-0.707106781186548,8.47849927689239E-14));
#1727=DIRECTION('ref_axis',(0.707106781186548,-0.707106781186547,-1.58921939432377E-14));
#1728=DIRECTION('center_axis',(-0.70710678118659,-3.14018491736774E-16,
-0.707106781186505));
#1729=DIRECTION('ref_axis',(0.707106781186505,-3.38601108413067E-14,-0.70710678118659));
#1730=DIRECTION('center_axis',(-0.707106781186548,0.707106781186547,3.39139971075696E-14));
#1731=DIRECTION('ref_axis',(-0.707106781186547,-0.707106781186548,8.42993310765209E-14));
#1732=DIRECTION('center_axis',(-0.707106781186548,0.707106781186547,3.39139971075696E-14));
#1733=DIRECTION('ref_axis',(-0.707106781186547,-0.707106781186548,8.42993310765209E-14));
#1734=DIRECTION('center_axis',(-0.707106781186504,-3.14018491736736E-16,
0.707106781186591));
#1735=DIRECTION('ref_axis',(-0.707106781186591,-3.45470262919766E-14,-0.707106781186504));
#1736=DIRECTION('center_axis',(-0.707106781186504,-3.14018491736736E-16,
0.707106781186591));
#1737=DIRECTION('ref_axis',(-0.707106781186591,-3.45470262919766E-14,-0.707106781186504));
#1738=DIRECTION('center_axis',(-0.707106781186547,-0.707106781186548,8.47849927689239E-14));
#1739=DIRECTION('ref_axis',(0.707106781186548,-0.707106781186547,-1.58921939432377E-14));
#1740=DIRECTION('center_axis',(1.,4.85722573270016E-16,-7.0846106758893E-14));
#1741=DIRECTION('ref_axis',(4.85722573273443E-16,-1.,4.83711505485027E-14));
#1742=DIRECTION('',(1.,4.85722573270016E-16,-7.0846106758893E-14));
#1743=DIRECTION('center_axis',(-0.707106781186547,-0.707106781186548,6.65719202481921E-14));
#1744=DIRECTION('ref_axis',(0.707106781186548,-0.707106781186547,-1.58921939432377E-14));
#1745=DIRECTION('center_axis',(-0.70710678118659,-6.28036983473547E-16,
-0.707106781186505));
#1746=DIRECTION('ref_axis',(0.707106781186505,-3.38601108413066E-14,-0.70710678118659));
#1747=DIRECTION('center_axis',(-0.707106781186548,0.707106781186547,3.39139971075696E-14));
#1748=DIRECTION('ref_axis',(-0.707106781186547,-0.707106781186548,8.42993310765209E-14));
#1749=DIRECTION('center_axis',(-0.707106781186548,0.707106781186547,3.39139971075696E-14));
#1750=DIRECTION('ref_axis',(-0.707106781186547,-0.707106781186548,8.42993310765209E-14));
#1751=DIRECTION('center_axis',(-0.707106781186505,-6.28036983473472E-16,
0.70710678118659));
#1752=DIRECTION('ref_axis',(-0.70710678118659,-3.45470262919766E-14,-0.707106781186505));
#1753=DIRECTION('center_axis',(-0.707106781186547,-0.707106781186548,6.65719202481921E-14));
#1754=DIRECTION('ref_axis',(0.707106781186548,-0.707106781186547,-1.58921939432377E-14));
#1755=DIRECTION('center_axis',(1.11022302465006E-16,-1.,4.8849813083507E-14));
#1756=DIRECTION('ref_axis',(1.,1.11022302462429E-16,-5.27633492453109E-14));
#1757=DIRECTION('center_axis',(1.11022302465006E-16,-1.,4.8849813083507E-14));
#1758=DIRECTION('ref_axis',(1.,1.11022302462429E-16,-5.27633492453109E-14));
#1759=DIRECTION('',(-1.,-1.11022302462628E-16,4.86832796298131E-14));
#1760=DIRECTION('center_axis',(1.11022302465006E-16,-1.,4.8849813083507E-14));
#1761=DIRECTION('ref_axis',(1.,1.11022302462429E-16,-5.27633492453109E-14));
#1762=DIRECTION('',(-5.3609588271285E-14,-4.8849813083507E-14,-1.));
#1763=DIRECTION('center_axis',(1.11022302465006E-16,-1.,4.8849813083507E-14));
#1764=DIRECTION('ref_axis',(1.,1.11022302462429E-16,-5.27633492453109E-14));
#1765=DIRECTION('',(1.,1.1102230246241E-16,-5.31519273039294E-14));
#1766=DIRECTION('center_axis',(1.11022302465006E-16,-1.,4.8849813083507E-14));
#1767=DIRECTION('ref_axis',(1.,1.11022302462429E-16,-5.27633492453109E-14));
#1768=DIRECTION('center_axis',(1.11022302465006E-16,-1.,4.8849813083507E-14));
#1769=DIRECTION('ref_axis',(1.,1.11022302462429E-16,-5.27633492453109E-14));
#1770=DIRECTION('center_axis',(-1.11022302463659E-16,1.,-2.29677388219329E-14));
#1771=DIRECTION('ref_axis',(1.,1.11022302462436E-16,-5.32629496063918E-14));
#1772=DIRECTION('center_axis',(-1.11022302463659E-16,1.,-2.29677388219329E-14));
#1773=DIRECTION('ref_axis',(1.,1.11022302462436E-16,-5.32629496063918E-14));
#1774=DIRECTION('',(-1.,-1.11022302462439E-16,5.31519273039294E-14));
#1775=DIRECTION('center_axis',(-1.11022302463659E-16,1.,-2.29677388219329E-14));
#1776=DIRECTION('ref_axis',(1.,1.11022302462436E-16,-5.32629496063918E-14));
#1777=DIRECTION('',(5.3609588271285E-14,2.29677388219329E-14,1.));
#1778=DIRECTION('center_axis',(-1.11022302463659E-16,1.,-2.29677388219329E-14));
#1779=DIRECTION('ref_axis',(1.,1.11022302462436E-16,-5.32629496063918E-14));
#1780=DIRECTION('',(1.,1.11022302462541E-16,-4.86832796298131E-14));
#1781=DIRECTION('center_axis',(-1.11022302463659E-16,1.,-2.29677388219329E-14));
#1782=DIRECTION('ref_axis',(1.,1.11022302462436E-16,-5.32629496063918E-14));
#1783=DIRECTION('center_axis',(-1.11022302463659E-16,1.,-2.29677388219329E-14));
#1784=DIRECTION('ref_axis',(1.,1.11022302462436E-16,-5.32629496063918E-14));
#1785=DIRECTION('center_axis',(5.31519273039294E-14,3.55603704931631E-30,
1.));
#1786=DIRECTION('ref_axis',(1.,2.22044604925031E-16,-5.31519273039294E-14));
#1787=DIRECTION('center_axis',(5.31519273039294E-14,3.55603704931631E-30,
1.));
#1788=DIRECTION('ref_axis',(1.,2.22044604925031E-16,-5.31519273039294E-14));
#1789=DIRECTION('center_axis',(5.31519273039294E-14,3.55603704931631E-30,
1.));
#1790=DIRECTION('ref_axis',(1.,2.22044604925031E-16,-5.31519273039294E-14));
#1791=DIRECTION('',(4.85722573270711E-16,-1.,-2.2261053855046E-29));
#1792=DIRECTION('center_axis',(5.31519273039294E-14,3.55603704931631E-30,
1.));
#1793=DIRECTION('ref_axis',(1.,2.22044604925031E-16,-5.31519273039294E-14));
#1794=DIRECTION('center_axis',(5.31519273039294E-14,3.55603704931631E-30,
1.));
#1795=DIRECTION('ref_axis',(1.,2.22044604925031E-16,-5.31519273039294E-14));
#1796=DIRECTION('center_axis',(5.31519273039294E-14,3.55603704931631E-30,
1.));
#1797=DIRECTION('ref_axis',(1.,2.22044604925031E-16,-5.31519273039294E-14));
#1798=DIRECTION('center_axis',(-4.86832796298131E-14,2.24948617504429E-30,
-1.));
#1799=DIRECTION('ref_axis',(-1.,1.11022302462516E-16,4.86832796298131E-14));
#1800=DIRECTION('center_axis',(-4.86832796298131E-14,2.24948617504429E-30,
-1.));
#1801=DIRECTION('ref_axis',(-1.,1.11022302462516E-16,4.86832796298131E-14));
#1802=DIRECTION('center_axis',(-4.86832796298131E-14,2.24948617504429E-30,
-1.));
#1803=DIRECTION('ref_axis',(-1.,1.11022302462516E-16,4.86832796298131E-14));
#1804=DIRECTION('',(-4.85722573270711E-16,1.,2.58960540320947E-29));
#1805=DIRECTION('center_axis',(-4.86832796298131E-14,2.24948617504429E-30,
-1.));
#1806=DIRECTION('ref_axis',(-1.,1.11022302462516E-16,4.86832796298131E-14));
#1807=DIRECTION('center_axis',(-4.86832796298131E-14,2.24948617504429E-30,
-1.));
#1808=DIRECTION('ref_axis',(-1.,1.11022302462516E-16,4.86832796298131E-14));
#1809=DIRECTION('center_axis',(-4.86832796298131E-14,2.24948617504429E-30,
-1.));
#1810=DIRECTION('ref_axis',(-1.,1.11022302462516E-16,4.86832796298131E-14));
#1811=DIRECTION('center_axis',(1.11022302465006E-16,-1.,4.8849813083507E-14));
#1812=DIRECTION('ref_axis',(1.,1.11022302462429E-16,-5.27633492453109E-14));
#1813=DIRECTION('center_axis',(1.11022302465006E-16,-1.,4.8849813083507E-14));
#1814=DIRECTION('ref_axis',(1.,1.11022302462429E-16,-5.27633492453109E-14));
#1815=DIRECTION('',(-1.,-1.11022302462628E-16,4.86832796298131E-14));
#1816=DIRECTION('center_axis',(1.11022302465006E-16,-1.,4.8849813083507E-14));
#1817=DIRECTION('ref_axis',(1.,1.11022302462429E-16,-5.27633492453109E-14));
#1818=DIRECTION('',(-5.3609588271285E-14,-4.8849813083507E-14,-1.));
#1819=DIRECTION('center_axis',(1.11022302465006E-16,-1.,4.8849813083507E-14));
#1820=DIRECTION('ref_axis',(1.,1.11022302462429E-16,-5.27633492453109E-14));
#1821=DIRECTION('',(1.,1.1102230246241E-16,-5.31519273039294E-14));
#1822=DIRECTION('center_axis',(1.11022302465006E-16,-1.,4.8849813083507E-14));
#1823=DIRECTION('ref_axis',(1.,1.11022302462429E-16,-5.27633492453109E-14));
#1824=DIRECTION('center_axis',(1.11022302465006E-16,-1.,4.8849813083507E-14));
#1825=DIRECTION('ref_axis',(1.,1.11022302462429E-16,-5.27633492453109E-14));
#1826=DIRECTION('center_axis',(-1.11022302463659E-16,1.,-2.29677388219329E-14));
#1827=DIRECTION('ref_axis',(1.,1.11022302462436E-16,-5.32629496063918E-14));
#1828=DIRECTION('center_axis',(-1.11022302463659E-16,1.,-2.29677388219329E-14));
#1829=DIRECTION('ref_axis',(1.,1.11022302462436E-16,-5.32629496063918E-14));
#1830=DIRECTION('',(-1.,-1.11022302462439E-16,5.31519273039294E-14));
#1831=DIRECTION('center_axis',(-1.11022302463659E-16,1.,-2.29677388219329E-14));
#1832=DIRECTION('ref_axis',(1.,1.11022302462436E-16,-5.32629496063918E-14));
#1833=DIRECTION('',(5.3609588271285E-14,2.29677388219329E-14,1.));
#1834=DIRECTION('center_axis',(-1.11022302463659E-16,1.,-2.29677388219329E-14));
#1835=DIRECTION('ref_axis',(1.,1.11022302462436E-16,-5.32629496063918E-14));
#1836=DIRECTION('',(1.,1.11022302462541E-16,-4.86832796298131E-14));
#1837=DIRECTION('center_axis',(-1.11022302463659E-16,1.,-2.29677388219329E-14));
#1838=DIRECTION('ref_axis',(1.,1.11022302462436E-16,-5.32629496063918E-14));
#1839=DIRECTION('center_axis',(-1.11022302463659E-16,1.,-2.29677388219329E-14));
#1840=DIRECTION('ref_axis',(1.,1.11022302462436E-16,-5.32629496063918E-14));
#1841=DIRECTION('center_axis',(5.31519273039294E-14,3.55603704931631E-30,
1.));
#1842=DIRECTION('ref_axis',(1.,2.22044604925031E-16,-5.31519273039294E-14));
#1843=DIRECTION('center_axis',(5.31519273039294E-14,3.55603704931631E-30,
1.));
#1844=DIRECTION('ref_axis',(1.,2.22044604925031E-16,-5.31519273039294E-14));
#1845=DIRECTION('center_axis',(5.31519273039294E-14,3.55603704931631E-30,
1.));
#1846=DIRECTION('ref_axis',(1.,2.22044604925031E-16,-5.31519273039294E-14));
#1847=DIRECTION('',(4.85722573270711E-16,-1.,-2.2261053855046E-29));
#1848=DIRECTION('center_axis',(5.31519273039294E-14,3.55603704931631E-30,
1.));
#1849=DIRECTION('ref_axis',(1.,2.22044604925031E-16,-5.31519273039294E-14));
#1850=DIRECTION('center_axis',(5.31519273039294E-14,3.55603704931631E-30,
1.));
#1851=DIRECTION('ref_axis',(1.,2.22044604925031E-16,-5.31519273039294E-14));
#1852=DIRECTION('center_axis',(5.31519273039294E-14,3.55603704931631E-30,
1.));
#1853=DIRECTION('ref_axis',(1.,2.22044604925031E-16,-5.31519273039294E-14));
#1854=DIRECTION('center_axis',(-4.86832796298131E-14,2.24948617504429E-30,
-1.));
#1855=DIRECTION('ref_axis',(-1.,1.11022302462516E-16,4.86832796298131E-14));
#1856=DIRECTION('center_axis',(-4.86832796298131E-14,2.24948617504429E-30,
-1.));
#1857=DIRECTION('ref_axis',(-1.,1.11022302462516E-16,4.86832796298131E-14));
#1858=DIRECTION('center_axis',(-4.86832796298131E-14,2.24948617504429E-30,
-1.));
#1859=DIRECTION('ref_axis',(-1.,1.11022302462516E-16,4.86832796298131E-14));
#1860=DIRECTION('',(-4.85722573270711E-16,1.,2.58960540320947E-29));
#1861=DIRECTION('center_axis',(-4.86832796298131E-14,2.24948617504429E-30,
-1.));
#1862=DIRECTION('ref_axis',(-1.,1.11022302462516E-16,4.86832796298131E-14));
#1863=DIRECTION('center_axis',(-4.86832796298131E-14,2.24948617504429E-30,
-1.));
#1864=DIRECTION('ref_axis',(-1.,1.11022302462516E-16,4.86832796298131E-14));
#1865=DIRECTION('center_axis',(-4.86832796298131E-14,2.24948617504429E-30,
-1.));
#1866=DIRECTION('ref_axis',(-1.,1.11022302462516E-16,4.86832796298131E-14));
#1867=DIRECTION('center_axis',(1.11022302465006E-16,-1.,4.8849813083507E-14));
#1868=DIRECTION('ref_axis',(1.,1.11022302462429E-16,-5.27633492453109E-14));
#1869=DIRECTION('center_axis',(1.11022302465006E-16,-1.,4.8849813083507E-14));
#1870=DIRECTION('ref_axis',(1.,1.11022302462429E-16,-5.27633492453109E-14));
#1871=DIRECTION('',(-1.,-1.11022302462628E-16,4.86832796298131E-14));
#1872=DIRECTION('center_axis',(1.11022302465006E-16,-1.,4.8849813083507E-14));
#1873=DIRECTION('ref_axis',(1.,1.11022302462429E-16,-5.27633492453109E-14));
#1874=DIRECTION('',(-5.3609588271285E-14,-4.8849813083507E-14,-1.));
#1875=DIRECTION('center_axis',(1.11022302465006E-16,-1.,4.8849813083507E-14));
#1876=DIRECTION('ref_axis',(1.,1.11022302462429E-16,-5.27633492453109E-14));
#1877=DIRECTION('',(1.,1.1102230246241E-16,-5.31519273039294E-14));
#1878=DIRECTION('center_axis',(1.11022302465006E-16,-1.,4.8849813083507E-14));
#1879=DIRECTION('ref_axis',(1.,1.11022302462429E-16,-5.27633492453109E-14));
#1880=DIRECTION('center_axis',(1.11022302465006E-16,-1.,4.8849813083507E-14));
#1881=DIRECTION('ref_axis',(1.,1.11022302462429E-16,-5.27633492453109E-14));
#1882=DIRECTION('center_axis',(-1.11022302463659E-16,1.,-2.29677388219329E-14));
#1883=DIRECTION('ref_axis',(1.,1.11022302462436E-16,-5.32629496063918E-14));
#1884=DIRECTION('center_axis',(-1.11022302463659E-16,1.,-2.29677388219329E-14));
#1885=DIRECTION('ref_axis',(1.,1.11022302462436E-16,-5.32629496063918E-14));
#1886=DIRECTION('',(-1.,-1.11022302462439E-16,5.31519273039294E-14));
#1887=DIRECTION('center_axis',(-1.11022302463659E-16,1.,-2.29677388219329E-14));
#1888=DIRECTION('ref_axis',(1.,1.11022302462436E-16,-5.32629496063918E-14));
#1889=DIRECTION('',(5.3609588271285E-14,2.29677388219329E-14,1.));
#1890=DIRECTION('center_axis',(-1.11022302463659E-16,1.,-2.29677388219329E-14));
#1891=DIRECTION('ref_axis',(1.,1.11022302462436E-16,-5.32629496063918E-14));
#1892=DIRECTION('',(1.,1.11022302462541E-16,-4.86832796298131E-14));
#1893=DIRECTION('center_axis',(-1.11022302463659E-16,1.,-2.29677388219329E-14));
#1894=DIRECTION('ref_axis',(1.,1.11022302462436E-16,-5.32629496063918E-14));
#1895=DIRECTION('center_axis',(-1.11022302463659E-16,1.,-2.29677388219329E-14));
#1896=DIRECTION('ref_axis',(1.,1.11022302462436E-16,-5.32629496063918E-14));
#1897=DIRECTION('center_axis',(5.31519273039294E-14,3.55603704931631E-30,
1.));
#1898=DIRECTION('ref_axis',(1.,2.22044604925031E-16,-5.31519273039294E-14));
#1899=DIRECTION('center_axis',(5.31519273039294E-14,3.55603704931631E-30,
1.));
#1900=DIRECTION('ref_axis',(1.,2.22044604925031E-16,-5.31519273039294E-14));
#1901=DIRECTION('center_axis',(5.31519273039294E-14,3.55603704931631E-30,
1.));
#1902=DIRECTION('ref_axis',(1.,2.22044604925031E-16,-5.31519273039294E-14));
#1903=DIRECTION('',(4.85722573270711E-16,-1.,-2.2261053855046E-29));
#1904=DIRECTION('center_axis',(5.31519273039294E-14,3.55603704931631E-30,
1.));
#1905=DIRECTION('ref_axis',(1.,2.22044604925031E-16,-5.31519273039294E-14));
#1906=DIRECTION('center_axis',(5.31519273039294E-14,3.55603704931631E-30,
1.));
#1907=DIRECTION('ref_axis',(1.,2.22044604925031E-16,-5.31519273039294E-14));
#1908=DIRECTION('center_axis',(5.31519273039294E-14,3.55603704931631E-30,
1.));
#1909=DIRECTION('ref_axis',(1.,2.22044604925031E-16,-5.31519273039294E-14));
#1910=DIRECTION('center_axis',(-4.86832796298131E-14,2.24948617504429E-30,
-1.));
#1911=DIRECTION('ref_axis',(-1.,1.11022302462516E-16,4.86832796298131E-14));
#1912=DIRECTION('center_axis',(-4.86832796298131E-14,2.24948617504429E-30,
-1.));
#1913=DIRECTION('ref_axis',(-1.,1.11022302462516E-16,4.86832796298131E-14));
#1914=DIRECTION('center_axis',(-4.86832796298131E-14,2.24948617504429E-30,
-1.));
#1915=DIRECTION('ref_axis',(-1.,1.11022302462516E-16,4.86832796298131E-14));
#1916=DIRECTION('',(-4.85722573270711E-16,1.,2.58960540320947E-29));
#1917=DIRECTION('center_axis',(-4.86832796298131E-14,2.24948617504429E-30,
-1.));
#1918=DIRECTION('ref_axis',(-1.,1.11022302462516E-16,4.86832796298131E-14));
#1919=DIRECTION('center_axis',(-4.86832796298131E-14,2.24948617504429E-30,
-1.));
#1920=DIRECTION('ref_axis',(-1.,1.11022302462516E-16,4.86832796298131E-14));
#1921=DIRECTION('center_axis',(-4.86832796298131E-14,2.24948617504429E-30,
-1.));
#1922=DIRECTION('ref_axis',(-1.,1.11022302462516E-16,4.86832796298131E-14));
#1923=DIRECTION('center_axis',(-4.86832796298131E-14,2.24948617504429E-30,
-1.));
#1924=DIRECTION('ref_axis',(-1.,1.11022302462516E-16,4.86832796298131E-14));
#1925=DIRECTION('',(-4.86832796298131E-14,2.24948617504429E-30,-1.));
#1926=DIRECTION('center_axis',(0.707106781186511,6.28036983473478E-16,-0.707106781186584));
#1927=DIRECTION('ref_axis',(0.707106781186584,3.48610447837123E-14,0.707106781186511));
#1928=DIRECTION('center_axis',(-3.45420340910427E-14,-0.707106781186556,
-0.707106781186539));
#1929=DIRECTION('ref_axis',(-3.77410974756116E-14,0.707106781186539,-0.707106781186556));
#1930=DIRECTION('center_axis',(-3.45420340910435E-14,0.707106781186539,
-0.707106781186556));
#1931=DIRECTION('ref_axis',(-3.75840882297424E-14,-0.707106781186556,-0.707106781186539));
#1932=DIRECTION('center_axis',(0.707106781186511,6.28036983473478E-16,-0.707106781186584));
#1933=DIRECTION('ref_axis',(0.707106781186584,3.48610447837123E-14,0.707106781186511));
#1934=DIRECTION('center_axis',(-1.11022302463659E-16,1.,-2.29677388219329E-14));
#1935=DIRECTION('ref_axis',(1.,1.11022302462436E-16,-5.32629496063918E-14));
#1936=DIRECTION('',(-1.11022302463659E-16,1.,-2.29677388219329E-14));
#1937=DIRECTION('center_axis',(3.45420340910427E-14,0.707106781186556,0.707106781186539));
#1938=DIRECTION('ref_axis',(-3.77410974756116E-14,0.707106781186539,-0.707106781186556));
#1939=DIRECTION('center_axis',(0.707106781186548,-0.707106781186547,-2.13532574380994E-14));
#1940=DIRECTION('ref_axis',(-0.707106781186547,-0.707106781186548,7.24252904616215E-14));
#1941=DIRECTION('center_axis',(0.707106781186548,-0.707106781186547,-2.13532574380994E-14));
#1942=DIRECTION('ref_axis',(-0.707106781186547,-0.707106781186548,7.24252904616215E-14));
#1943=DIRECTION('center_axis',(-1.,-4.85722573270711E-16,5.3609588271285E-14));
#1944=DIRECTION('ref_axis',(4.85722573273328E-16,-1.,4.88152397583509E-14));
#1945=DIRECTION('center_axis',(-1.,-4.85722573270711E-16,5.3609588271285E-14));
#1946=DIRECTION('ref_axis',(4.85722573273328E-16,-1.,4.88152397583509E-14));
#1947=DIRECTION('center_axis',(-1.,-4.85722573270711E-16,5.3609588271285E-14));
#1948=DIRECTION('ref_axis',(4.85722573273328E-16,-1.,4.88152397583509E-14));
#1949=DIRECTION('center_axis',(-1.,-4.85722573270711E-16,5.3609588271285E-14));
#1950=DIRECTION('ref_axis',(4.85722573273328E-16,-1.,4.88152397583509E-14));
#1951=DIRECTION('center_axis',(-1.,-4.85722573270711E-16,5.3609588271285E-14));
#1952=DIRECTION('ref_axis',(4.85722573273328E-16,-1.,4.88152397583509E-14));
#1953=DIRECTION('center_axis',(-1.,-4.85722573270711E-16,5.3609588271285E-14));
#1954=DIRECTION('ref_axis',(4.85722573273328E-16,-1.,4.88152397583509E-14));
#1955=DIRECTION('center_axis',(-1.,-4.85722573270711E-16,5.3609588271285E-14));
#1956=DIRECTION('ref_axis',(4.85722573273328E-16,-1.,4.88152397583509E-14));
#1957=DIRECTION('center_axis',(-1.,-4.85722573270711E-16,5.3609588271285E-14));
#1958=DIRECTION('ref_axis',(4.85722573273328E-16,-1.,4.88152397583509E-14));
#1959=DIRECTION('center_axis',(-1.,-4.85722573270711E-16,5.3609588271285E-14));
#1960=DIRECTION('ref_axis',(4.85722573273328E-16,-1.,4.88152397583509E-14));
#1961=DIRECTION('center_axis',(-1.,-4.85722573270711E-16,5.3609588271285E-14));
#1962=DIRECTION('ref_axis',(4.85722573273328E-16,-1.,4.88152397583509E-14));
#1963=DIRECTION('center_axis',(-1.,-4.85722573270711E-16,5.3609588271285E-14));
#1964=DIRECTION('ref_axis',(4.85722573273328E-16,-1.,4.88152397583509E-14));
#1965=DIRECTION('center_axis',(-1.,-4.85722573270711E-16,5.3609588271285E-14));
#1966=DIRECTION('ref_axis',(4.85722573273328E-16,-1.,4.88152397583509E-14));
#1967=DIRECTION('center_axis',(-1.,-4.85722573270711E-16,5.3609588271285E-14));
#1968=DIRECTION('ref_axis',(4.85722573273328E-16,-1.,4.88152397583509E-14));
#1969=DIRECTION('center_axis',(-1.,-4.85722573270711E-16,5.3609588271285E-14));
#1970=DIRECTION('ref_axis',(4.85722573273328E-16,-1.,4.88152397583509E-14));
#1971=DIRECTION('center_axis',(-1.,-4.85722573270711E-16,5.3609588271285E-14));
#1972=DIRECTION('ref_axis',(4.85722573273328E-16,-1.,4.88152397583509E-14));
#1973=DIRECTION('center_axis',(-1.,-4.85722573270711E-16,5.3609588271285E-14));
#1974=DIRECTION('ref_axis',(4.85722573273328E-16,-1.,4.88152397583509E-14));
#1975=DIRECTION('center_axis',(-1.,-4.85722573270711E-16,5.3609588271285E-14));
#1976=DIRECTION('ref_axis',(4.85722573273328E-16,-1.,4.88152397583509E-14));
#1977=DIRECTION('center_axis',(-1.,-4.85722573270711E-16,5.3609588271285E-14));
#1978=DIRECTION('ref_axis',(4.85722573273328E-16,-1.,4.88152397583509E-14));
#1979=DIRECTION('center_axis',(-1.,-4.85722573270711E-16,5.3609588271285E-14));
#1980=DIRECTION('ref_axis',(4.85722573273328E-16,-1.,4.88152397583509E-14));
#1981=DIRECTION('center_axis',(-1.,0.,0.));
#1982=DIRECTION('ref_axis',(4.85722573273328E-16,-1.,4.88152397583509E-14));
#1983=DIRECTION('',(-1.,-4.85722573270711E-16,5.3609588271285E-14));
#1984=DIRECTION('center_axis',(0.707106781186548,-0.707106781186547,-3.29719416323595E-15));
#1985=DIRECTION('ref_axis',(-0.707106781186547,-0.707106781186548,7.24252904616215E-14));
#1986=DIRECTION('center_axis',(0.707106781186585,3.14018491736772E-16,0.70710678118651));
#1987=DIRECTION('ref_axis',(-0.70710678118651,3.4174129333042E-14,0.707106781186585));
#1988=DIRECTION('center_axis',(0.707106781186547,0.707106781186548,-5.40111805787218E-14));
#1989=DIRECTION('ref_axis',(0.707106781186548,-0.707106781186547,-3.3901163448673E-15));
#1990=DIRECTION('center_axis',(0.707106781186511,3.14018491736739E-16,-0.707106781186584));
#1991=DIRECTION('ref_axis',(0.707106781186584,3.48610447837123E-14,0.707106781186511));
#1992=DIRECTION('center_axis',(0.707106781186511,3.14018491736739E-16,-0.707106781186584));
#1993=DIRECTION('ref_axis',(0.707106781186584,3.48610447837123E-14,0.707106781186511));
#1994=DIRECTION('center_axis',(0.707106781186548,-0.707106781186547,-3.29719416323595E-15));
#1995=DIRECTION('ref_axis',(-0.707106781186547,-0.707106781186548,7.24252904616215E-14));
#1996=DIRECTION('center_axis',(-1.,-4.85722573270711E-16,5.3609588271285E-14));
#1997=DIRECTION('ref_axis',(4.85722573273328E-16,-1.,4.88152397583509E-14));
#1998=DIRECTION('',(-1.,-4.85722573270711E-16,5.3609588271285E-14));
#1999=DIRECTION('center_axis',(0.707106781186548,-0.707106781186547,-3.3495305785254E-15));
#2000=DIRECTION('ref_axis',(-0.707106781186547,-0.707106781186548,7.24252904616215E-14));
#2001=DIRECTION('center_axis',(0.707106781186585,4.18691322315696E-16,0.70710678118651));
#2002=DIRECTION('ref_axis',(-0.70710678118651,3.4174129333042E-14,0.707106781186585));
#2003=DIRECTION('center_axis',(0.707106781186547,0.707106781186548,-5.42205262398797E-14));
#2004=DIRECTION('ref_axis',(0.707106781186548,-0.707106781186547,-3.39011634486729E-15));
#2005=DIRECTION('center_axis',(0.707106781186511,4.18691322315652E-16,-0.707106781186584));
#2006=DIRECTION('ref_axis',(0.707106781186584,3.48610447837123E-14,0.707106781186511));
#2007=DIRECTION('center_axis',(0.707106781186511,4.18691322315652E-16,-0.707106781186584));
#2008=DIRECTION('ref_axis',(0.707106781186584,3.48610447837123E-14,0.707106781186511));
#2009=DIRECTION('center_axis',(0.707106781186548,-0.707106781186547,-3.3495305785254E-15));
#2010=DIRECTION('ref_axis',(-0.707106781186547,-0.707106781186548,7.24252904616215E-14));
#2011=DIRECTION('center_axis',(-1.,-4.85722573270711E-16,5.3609588271285E-14));
#2012=DIRECTION('ref_axis',(4.85722573273328E-16,-1.,4.88152397583509E-14));
#2013=DIRECTION('',(-1.,-4.85722573270711E-16,5.3609588271285E-14));
#2014=DIRECTION('center_axis',(0.707106781186548,-0.707106781186547,-3.45420340910432E-15));
#2015=DIRECTION('ref_axis',(-0.707106781186547,-0.707106781186548,7.24252904616215E-14));
#2016=DIRECTION('center_axis',(0.707106781186585,3.14018491736772E-16,0.70710678118651));
#2017=DIRECTION('ref_axis',(-0.70710678118651,3.4174129333042E-14,0.707106781186585));
#2018=DIRECTION('center_axis',(0.707106781186547,0.707106781186548,-5.43251990704586E-14));
#2019=DIRECTION('ref_axis',(0.707106781186548,-0.707106781186547,-3.39011634486729E-15));
#2020=DIRECTION('center_axis',(0.707106781186511,3.14018491736739E-16,-0.707106781186584));
#2021=DIRECTION('ref_axis',(0.707106781186584,3.48610447837123E-14,0.707106781186511));
#2022=DIRECTION('center_axis',(0.707106781186511,3.14018491736739E-16,-0.707106781186584));
#2023=DIRECTION('ref_axis',(0.707106781186584,3.48610447837123E-14,0.707106781186511));
#2024=DIRECTION('center_axis',(0.707106781186548,-0.707106781186547,-3.45420340910432E-15));
#2025=DIRECTION('ref_axis',(-0.707106781186547,-0.707106781186548,7.24252904616215E-14));
#2026=DIRECTION('center_axis',(-1.,-4.85722573270711E-16,5.3609588271285E-14));
#2027=DIRECTION('ref_axis',(4.85722573273328E-16,-1.,4.88152397583509E-14));
#2028=DIRECTION('',(-1.,-4.85722573270711E-16,5.3609588271285E-14));
#2029=DIRECTION('center_axis',(0.707106781186584,6.28036983473542E-16,0.707106781186511));
#2030=DIRECTION('ref_axis',(-0.707106781186511,3.41741293330419E-14,0.707106781186584));
#2031=DIRECTION('center_axis',(0.707106781186584,6.28036983473542E-16,0.707106781186511));
#2032=DIRECTION('ref_axis',(-0.707106781186511,3.41741293330419E-14,0.707106781186584));
#2033=DIRECTION('center_axis',(0.707106781186547,0.707106781186548,-5.40111805787219E-14));
#2034=DIRECTION('ref_axis',(0.707106781186548,-0.707106781186547,-3.39011634486731E-15));
#2035=DIRECTION('center_axis',(-4.86832796298131E-14,2.24948617504429E-30,
-1.));
#2036=DIRECTION('ref_axis',(-1.,1.11022302462516E-16,4.86832796298131E-14));
#2037=DIRECTION('center_axis',(3.45420340910435E-14,-0.707106781186539,
0.707106781186556));
#2038=DIRECTION('ref_axis',(-3.75840882297424E-14,-0.707106781186556,-0.707106781186539));
#2039=DIRECTION('',(-4.86832796298131E-14,2.24948617504429E-30,-1.));
#2040=DIRECTION('center_axis',(1.11022302465006E-16,-1.,4.8849813083507E-14));
#2041=DIRECTION('ref_axis',(1.,1.11022302462429E-16,-5.27633492453109E-14));
#2042=DIRECTION('center_axis',(0.,-1.,0.));
#2043=DIRECTION('ref_axis',(1.,1.11022302462429E-16,-5.27633492453109E-14));
#2044=DIRECTION('',(1.11022302465006E-16,-1.,4.8849813083507E-14));
#2045=DIRECTION('center_axis',(3.75252097625413E-14,0.707106781186565,0.70710678118653));
#2046=DIRECTION('ref_axis',(3.73878266724085E-14,-0.70710678118653,0.707106781186565));
#2047=DIRECTION('center_axis',(-3.46205387139781E-14,0.70710678118653,-0.707106781186565));
#2048=DIRECTION('ref_axis',(3.72308174265384E-14,0.707106781186565,0.70710678118653));
#2049=DIRECTION('center_axis',(1.11022302465006E-16,-1.,4.8849813083507E-14));
#2050=DIRECTION('ref_axis',(1.,1.11022302462429E-16,-5.27633492453109E-14));
#2051=DIRECTION('',(1.11022302465006E-16,-1.,4.8849813083507E-14));
#2052=DIRECTION('center_axis',(3.76822190084097E-14,0.707106781186565,0.70710678118653));
#2053=DIRECTION('ref_axis',(3.73878266724085E-14,-0.70710678118653,0.707106781186565));
#2054=DIRECTION('center_axis',(-3.43326884298861E-14,0.70710678118653,-0.707106781186565));
#2055=DIRECTION('ref_axis',(3.72308174265384E-14,0.707106781186565,0.70710678118653));
#2056=DIRECTION('center_axis',(1.11022302465006E-16,-1.,4.8849813083507E-14));
#2057=DIRECTION('ref_axis',(1.,1.11022302462429E-16,-5.27633492453109E-14));
#2058=DIRECTION('',(1.11022302465006E-16,-1.,4.8849813083507E-14));
#2059=DIRECTION('center_axis',(3.76822190084097E-14,0.707106781186565,0.70710678118653));
#2060=DIRECTION('ref_axis',(3.73878266724085E-14,-0.70710678118653,0.707106781186565));
#2061=DIRECTION('center_axis',(-3.45420340910439E-14,0.70710678118653,-0.707106781186565));
#2062=DIRECTION('ref_axis',(3.72308174265384E-14,0.707106781186565,0.70710678118653));
#2063=DIRECTION('center_axis',(-1.11022302463659E-16,1.,-2.29677388219329E-14));
#2064=DIRECTION('ref_axis',(1.,1.11022302462436E-16,-5.32629496063918E-14));
#2065=DIRECTION('center_axis',(0.,1.,0.));
#2066=DIRECTION('ref_axis',(1.,1.11022302462436E-16,-5.32629496063918E-14));
#2067=DIRECTION('',(-1.11022302463659E-16,1.,-2.29677388219329E-14));
#2068=DIRECTION('center_axis',(-3.42280155993059E-14,-0.707106781186556,
-0.707106781186539));
#2069=DIRECTION('ref_axis',(-3.77410974756116E-14,0.707106781186539,-0.707106781186556));
#2070=DIRECTION('center_axis',(3.75252097625426E-14,-0.707106781186539,
0.707106781186556));
#2071=DIRECTION('ref_axis',(-3.75840882297424E-14,-0.707106781186556,-0.707106781186539));
#2072=DIRECTION('center_axis',(-1.11022302463659E-16,1.,-2.29677388219329E-14));
#2073=DIRECTION('ref_axis',(1.,1.11022302462436E-16,-5.32629496063918E-14));
#2074=DIRECTION('',(-1.11022302463659E-16,1.,-2.29677388219329E-14));
#2075=DIRECTION('center_axis',(-3.43326884298848E-14,-0.707106781186556,
-0.707106781186539));
#2076=DIRECTION('ref_axis',(-3.77410974756116E-14,0.707106781186539,-0.707106781186556));
#2077=DIRECTION('center_axis',(3.76822190084111E-14,-0.707106781186539,
0.707106781186556));
#2078=DIRECTION('ref_axis',(-3.75840882297424E-14,-0.707106781186556,-0.707106781186539));
#2079=DIRECTION('center_axis',(-1.11022302463659E-16,1.,-2.29677388219329E-14));
#2080=DIRECTION('ref_axis',(1.,1.11022302462436E-16,-5.32629496063918E-14));
#2081=DIRECTION('',(-1.11022302463659E-16,1.,-2.29677388219329E-14));
#2082=DIRECTION('center_axis',(-3.45420340910427E-14,-0.707106781186556,
-0.707106781186539));
#2083=DIRECTION('ref_axis',(-3.77410974756116E-14,0.707106781186539,-0.707106781186556));
#2084=DIRECTION('center_axis',(3.76822190084111E-14,-0.707106781186539,
0.707106781186556));
#2085=DIRECTION('ref_axis',(-3.75840882297424E-14,-0.707106781186556,-0.707106781186539));
#2086=DIRECTION('center_axis',(-1.11022302463659E-16,1.,-2.29677388219329E-14));
#2087=DIRECTION('ref_axis',(1.,1.11022302462436E-16,-5.32629496063918E-14));
#2088=DIRECTION('',(-1.11022302463659E-16,1.,-2.29677388219329E-14));
#2089=DIRECTION('center_axis',(5.31519273039294E-14,3.55603704931631E-30,
1.));
#2090=DIRECTION('ref_axis',(1.,2.22044604925031E-16,-5.31519273039294E-14));
#2091=DIRECTION('center_axis',(0.,0.,1.));
#2092=DIRECTION('ref_axis',(1.,2.22044604925031E-16,-5.31519273039294E-14));
#2093=DIRECTION('',(5.31519273039294E-14,3.55603704931631E-30,1.));
#2094=DIRECTION('center_axis',(5.31519273039294E-14,3.55603704931631E-30,
1.));
#2095=DIRECTION('ref_axis',(1.,2.22044604925031E-16,-5.31519273039294E-14));
#2096=DIRECTION('',(5.31519273039294E-14,3.55603704931631E-30,1.));
#2097=DIRECTION('center_axis',(5.31519273039294E-14,3.55603704931631E-30,
1.));
#2098=DIRECTION('ref_axis',(1.,2.22044604925031E-16,-5.31519273039294E-14));
#2099=DIRECTION('',(5.31519273039294E-14,3.55603704931631E-30,1.));
#2100=DIRECTION('center_axis',(-4.86832796298131E-14,2.24948617504429E-30,
-1.));
#2101=DIRECTION('ref_axis',(-1.,1.11022302462516E-16,4.86832796298131E-14));
#2102=DIRECTION('center_axis',(0.,0.,-1.));
#2103=DIRECTION('ref_axis',(-1.,1.11022302462516E-16,4.86832796298131E-14));
#2104=DIRECTION('',(-4.86832796298131E-14,2.24948617504429E-30,-1.));
#2105=DIRECTION('center_axis',(-4.86832796298131E-14,2.24948617504429E-30,
-1.));
#2106=DIRECTION('ref_axis',(-1.,1.11022302462516E-16,4.86832796298131E-14));
#2107=DIRECTION('',(-4.86832796298131E-14,2.24948617504428E-30,-1.));
#2108=DIRECTION('center_axis',(-4.86832796298131E-14,2.24948617504429E-30,
-1.));
#2109=DIRECTION('ref_axis',(-1.,1.11022302462516E-16,4.86832796298131E-14));
#2110=DIRECTION('',(-4.86832796298131E-14,2.24948617504428E-30,-1.));
#2111=DIRECTION('center_axis',(0.,-1.,0.));
#2112=DIRECTION('ref_axis',(-1.,0.,0.));
#2113=DIRECTION('',(1.,0.,0.));
#2114=DIRECTION('',(0.,0.,-1.));
#2115=DIRECTION('',(-1.,0.,0.));
#2116=DIRECTION('',(0.,0.,-1.));
#2117=DIRECTION('center_axis',(1.,0.,0.));
#2118=DIRECTION('ref_axis',(0.,-1.,0.));
#2119=DIRECTION('',(0.,1.,0.));
#2120=DIRECTION('',(0.,-1.,0.));
#2121=DIRECTION('',(0.,0.,-1.));
#2122=DIRECTION('center_axis',(0.,1.,0.));
#2123=DIRECTION('ref_axis',(1.,0.,0.));
#2124=DIRECTION('',(-1.,0.,0.));
#2125=DIRECTION('',(1.,0.,0.));
#2126=DIRECTION('',(0.,0.,-1.));
#2127=DIRECTION('center_axis',(-1.,0.,0.));
#2128=DIRECTION('ref_axis',(0.,1.,0.));
#2129=DIRECTION('',(0.,-1.,0.));
#2130=DIRECTION('',(0.,1.,0.));
#2131=DIRECTION('center_axis',(0.,0.,1.));
#2132=DIRECTION('ref_axis',(1.,0.,0.));
#2133=DIRECTION('center_axis',(0.,0.,-1.));
#2134=DIRECTION('ref_axis',(-1.,0.,0.));
#2135=DIRECTION('',(0.,0.,1.));
#2136=DIRECTION('',(1.,0.,0.));
#2137=CARTESIAN_POINT('',(0.,0.,0.));
#2138=CARTESIAN_POINT('',(0.,0.,0.));
#2139=CARTESIAN_POINT('Origin',(10.,27.5,-27.5000000000008));
#2140=CARTESIAN_POINT('',(9.99999999999931,44.9999999999995,-37.1824583655202));
#2141=CARTESIAN_POINT('',(10.0000000000007,45.0000000000004,-17.817541634483));
#2142=CARTESIAN_POINT('',(10.,45.,-27.4999999999999));
#2143=CARTESIAN_POINT('',(9.99999999999877,37.1824583655217,-44.9999999999991));
#2144=CARTESIAN_POINT('Origin',(10.,27.5,-27.5000000000008));
#2145=CARTESIAN_POINT('',(9.99999999999877,17.8175416344783,-44.9999999999991));
#2146=CARTESIAN_POINT('',(9.99999999999877,27.5,-44.9999999999991));
#2147=CARTESIAN_POINT('',(9.99999999999933,9.99999999999978,-37.1824583655189));
#2148=CARTESIAN_POINT('Origin',(10.,27.5,-27.5000000000008));
#2149=CARTESIAN_POINT('',(10.0000000000007,10.0000000000002,-17.8175416344818));
#2150=CARTESIAN_POINT('',(10.,10.,-27.4999999999997));
#2151=CARTESIAN_POINT('',(10.0000000000013,17.8175416344844,-9.99999999999915));
#2152=CARTESIAN_POINT('Origin',(10.,27.5,-27.5000000000008));
#2153=CARTESIAN_POINT('',(10.0000000000012,37.1824583655156,-9.99999999999915));
#2154=CARTESIAN_POINT('',(10.0000000000012,27.5,-9.99999999999915));
#2155=CARTESIAN_POINT('Origin',(10.,27.5,-27.5000000000008));
#2156=CARTESIAN_POINT('',(10.,42.5,-27.5000000000015));
#2157=CARTESIAN_POINT('Origin',(10.,27.5,-27.5000000000008));
#2158=CARTESIAN_POINT('Origin',(15.,27.5,-27.5000000000011));
#2159=CARTESIAN_POINT('',(14.9999999999994,39.9999999999996,-35.7915619758903));
#2160=CARTESIAN_POINT('',(15.0000000000006,40.0000000000004,-19.2084380241132));
#2161=CARTESIAN_POINT('',(15.,40.,-27.5));
#2162=CARTESIAN_POINT('',(14.9999999999991,35.7915619758912,-39.9999999999993));
#2163=CARTESIAN_POINT('Origin',(15.,27.5,-27.5000000000011));
#2164=CARTESIAN_POINT('',(14.9999999999991,19.2084380241088,-39.9999999999993));
#2165=CARTESIAN_POINT('',(14.9999999999991,27.5,-39.9999999999993));
#2166=CARTESIAN_POINT('',(14.9999999999994,14.9999999999998,-35.7915619758893));
#2167=CARTESIAN_POINT('Origin',(15.,27.5,-27.5000000000011));
#2168=CARTESIAN_POINT('',(15.0000000000006,15.0000000000002,-19.2084380241123));
#2169=CARTESIAN_POINT('',(15.,15.,-27.5000000000002));
#2170=CARTESIAN_POINT('',(15.0000000000009,19.2084380241141,-14.9999999999994));
#2171=CARTESIAN_POINT('Origin',(15.,27.5,-27.5000000000011));
#2172=CARTESIAN_POINT('',(15.0000000000009,35.7915619758859,-14.9999999999994));
#2173=CARTESIAN_POINT('',(15.0000000000009,27.5,-14.9999999999994));
#2174=CARTESIAN_POINT('Origin',(15.,27.5,-27.5000000000011));
#2175=CARTESIAN_POINT('',(15.,37.5,-27.5000000000016));
#2176=CARTESIAN_POINT('Origin',(15.,27.5,-27.5000000000011));
#2177=CARTESIAN_POINT('Origin',(20.,27.5,-27.5000000000015));
#2178=CARTESIAN_POINT('',(19.9999999999995,34.9999999999996,-34.1143782776634));
#2179=CARTESIAN_POINT('',(20.0000000000005,35.0000000000003,-20.8856217223403));
#2180=CARTESIAN_POINT('',(20.,35.,-27.5000000000001));
#2181=CARTESIAN_POINT('',(19.9999999999995,34.1143782776636,-34.9999999999996));
#2182=CARTESIAN_POINT('Origin',(20.,27.5,-27.5000000000015));
#2183=CARTESIAN_POINT('',(19.9999999999995,20.8856217223364,-34.9999999999996));
#2184=CARTESIAN_POINT('',(19.9999999999995,27.5,-34.9999999999996));
#2185=CARTESIAN_POINT('',(19.9999999999995,19.9999999999999,-34.1143782776628));
#2186=CARTESIAN_POINT('Origin',(20.,27.5,-27.5000000000015));
#2187=CARTESIAN_POINT('',(20.0000000000005,20.0000000000001,-20.8856217223398));
#2188=CARTESIAN_POINT('',(20.,20.,-27.5000000000006));
#2189=CARTESIAN_POINT('',(20.0000000000005,20.8856217223406,-19.9999999999996));
#2190=CARTESIAN_POINT('Origin',(20.,27.5,-27.5000000000015));
#2191=CARTESIAN_POINT('',(20.0000000000005,34.1143782776594,-19.9999999999996));
#2192=CARTESIAN_POINT('',(20.0000000000005,27.5,-19.9999999999996));
#2193=CARTESIAN_POINT('Origin',(20.,27.5,-27.5000000000015));
#2194=CARTESIAN_POINT('',(20.,32.5,-27.5000000000017));
#2195=CARTESIAN_POINT('Origin',(20.,27.5,-27.5000000000015));
#2196=CARTESIAN_POINT('Origin',(1.02001740387383E-14,27.5,-27.5000000000001));
#2197=CARTESIAN_POINT('',(4.85722573269719E-16,47.5,-27.500000000001));
#2198=CARTESIAN_POINT('Origin',(-1.96162530663449E-12,27.5,-27.5000000000001));
#2199=CARTESIAN_POINT('',(7.49999999999999,47.5,-27.5000000000016));
#2200=CARTESIAN_POINT('',(4.85722573269643E-16,47.5,-27.500000000001));
#2201=CARTESIAN_POINT('Origin',(27.5,27.5,-27.500000000002));
#2202=CARTESIAN_POINT('Origin',(27.4999999999987,27.5,-27.500000000002));
#2203=CARTESIAN_POINT('',(7.49999999999999,7.49999999999999,-27.4999999999991));
#2204=CARTESIAN_POINT('Origin',(27.5,27.5,-27.500000000002));
#2205=CARTESIAN_POINT('Origin',(27.5,27.5,-27.500000000002));
#2206=CARTESIAN_POINT('',(7.50000000000039,27.5,-47.5000000000006));
#2207=CARTESIAN_POINT('Origin',(27.5000000000015,27.5,-27.500000000002));
#2208=CARTESIAN_POINT('Origin',(27.5000000000015,27.5,-27.500000000002));
#2209=CARTESIAN_POINT('Origin',(27.5,27.5,-27.500000000002));
#2210=CARTESIAN_POINT('Origin',(1.02001740387383E-14,27.5,-27.5000000000001));
#2211=CARTESIAN_POINT('',(12.5,42.5,-27.5000000000017));
#2212=CARTESIAN_POINT('',(2.91433543963682E-15,42.5,-27.5000000000008));
#2213=CARTESIAN_POINT('Origin',(27.5,27.5,-27.500000000002));
#2214=CARTESIAN_POINT('Origin',(27.4999999999987,27.5,-27.500000000002));
#2215=CARTESIAN_POINT('',(12.5,12.5,-27.4999999999995));
#2216=CARTESIAN_POINT('Origin',(27.5,27.5,-27.500000000002));
#2217=CARTESIAN_POINT('Origin',(27.5,27.5,-27.500000000002));
#2218=CARTESIAN_POINT('',(12.5000000000007,27.5,-42.500000000001));
#2219=CARTESIAN_POINT('Origin',(27.5000000000015,27.5,-27.500000000002));
#2220=CARTESIAN_POINT('Origin',(27.5000000000015,27.5,-27.500000000002));
#2221=CARTESIAN_POINT('Origin',(27.5,27.5,-27.500000000002));
#2222=CARTESIAN_POINT('Origin',(1.02001740387383E-14,27.5,-27.5000000000001));
#2223=CARTESIAN_POINT('',(17.5,37.5,-27.5000000000018));
#2224=CARTESIAN_POINT('',(5.34294830600399E-15,37.5,-27.5000000000006));
#2225=CARTESIAN_POINT('Origin',(27.5,27.5,-27.500000000002));
#2226=CARTESIAN_POINT('Origin',(27.4999999999987,27.5,-27.500000000002));
#2227=CARTESIAN_POINT('',(17.5,17.5,-27.4999999999999));
#2228=CARTESIAN_POINT('Origin',(27.5,27.5,-27.500000000002));
#2229=CARTESIAN_POINT('Origin',(27.5,27.5,-27.500000000002));
#2230=CARTESIAN_POINT('',(17.5000000000009,27.5,-37.5000000000013));
#2231=CARTESIAN_POINT('Origin',(27.5000000000015,27.5,-27.500000000002));
#2232=CARTESIAN_POINT('Origin',(27.5000000000015,27.5,-27.500000000002));
#2233=CARTESIAN_POINT('Origin',(27.5,27.5,-27.500000000002));
#2234=CARTESIAN_POINT('Origin',(1.02001740387383E-14,27.5,-27.5000000000001));
#2235=CARTESIAN_POINT('',(22.5,32.5,-27.5000000000019));
#2236=CARTESIAN_POINT('',(7.77156117237115E-15,32.5,-27.5000000000003));
#2237=CARTESIAN_POINT('',(23.9644660940668,31.0355339059321,-23.9644660940684));
#2238=CARTESIAN_POINT('Origin',(27.5,27.5,-27.500000000002));
#2239=CARTESIAN_POINT('',(23.9644660940667,23.964466094068,-23.9644660940683));
#2240=CARTESIAN_POINT('Origin',(27.4999999999987,27.5,-27.500000000002));
#2241=CARTESIAN_POINT('',(22.5,22.5,-27.5000000000003));
#2242=CARTESIAN_POINT('Origin',(27.5,27.5,-27.500000000002));
#2243=CARTESIAN_POINT('',(23.9644660940678,23.9644660940666,-31.0355339059338));
#2244=CARTESIAN_POINT('Origin',(27.5,27.5,-27.500000000002));
#2245=CARTESIAN_POINT('',(23.9644660940677,31.0355339059334,-31.0355339059339));
#2246=CARTESIAN_POINT('Origin',(27.4999999999987,27.5,-27.500000000002));
#2247=CARTESIAN_POINT('Origin',(27.5,27.5,-27.500000000002));
#2248=CARTESIAN_POINT('Origin',(27.5,45.,-27.4999999999995));
#2249=CARTESIAN_POINT('',(17.8175416344813,45.0000000000008,-9.99999999999953));
#2250=CARTESIAN_POINT('Origin',(27.5,45.,-27.4999999999995));
#2251=CARTESIAN_POINT('',(37.1824583655204,45.0000000000008,-10.0000000000005));
#2252=CARTESIAN_POINT('',(27.5000000000002,45.0000000000008,-10.));
#2253=CARTESIAN_POINT('',(45.0000000000005,45.0000000000004,-17.8175416344816));
#2254=CARTESIAN_POINT('Origin',(27.5,45.,-27.4999999999995));
#2255=CARTESIAN_POINT('',(44.9999999999995,44.9999999999995,-37.1824583655189));
#2256=CARTESIAN_POINT('',(45.,45.,-27.5000000000003));
#2257=CARTESIAN_POINT('',(37.1824583655167,44.9999999999991,-45.0000000000005));
#2258=CARTESIAN_POINT('Origin',(27.5,45.,-27.4999999999995));
#2259=CARTESIAN_POINT('',(17.8175416344815,44.9999999999991,-44.9999999999995));
#2260=CARTESIAN_POINT('',(27.4999999999998,44.9999999999991,-45.));
#2261=CARTESIAN_POINT('Origin',(27.5,45.,-27.4999999999995));
#2262=CARTESIAN_POINT('',(12.5,45.,-27.4999999999987));
#2263=CARTESIAN_POINT('Origin',(27.5,45.,-27.4999999999995));
#2264=CARTESIAN_POINT('Origin',(27.5,10.,-27.5000000000002));
#2265=CARTESIAN_POINT('',(17.8175416344827,9.9999999999996,-45.000000000001));
#2266=CARTESIAN_POINT('Origin',(27.5,10.,-27.5000000000002));
#2267=CARTESIAN_POINT('',(37.1824583655183,9.9999999999996,-45.0000000000004));
#2268=CARTESIAN_POINT('',(27.4999999999998,9.9999999999996,-45.));
#2269=CARTESIAN_POINT('',(44.9999999999995,9.99999999999978,-37.1824583655175));
#2270=CARTESIAN_POINT('Origin',(27.5,10.,-27.5000000000002));
#2271=CARTESIAN_POINT('',(45.0000000000005,10.0000000000002,-17.8175416344804));
#2272=CARTESIAN_POINT('',(45.,10.,-27.5000000000001));
#2273=CARTESIAN_POINT('',(37.1824583655188,10.0000000000004,-10.0000000000004));
#2274=CARTESIAN_POINT('Origin',(27.5,10.,-27.5000000000002));
#2275=CARTESIAN_POINT('',(17.8175416344803,10.0000000000004,-10.0000000000009));
#2276=CARTESIAN_POINT('',(27.5000000000002,10.0000000000004,-10.));
#2277=CARTESIAN_POINT('Origin',(27.5,10.,-27.5000000000002));
#2278=CARTESIAN_POINT('',(12.5,10.,-27.4999999999994));
#2279=CARTESIAN_POINT('Origin',(27.5,10.,-27.5000000000002));
#2280=CARTESIAN_POINT('Origin',(27.5000000000005,27.5,-45.));
#2281=CARTESIAN_POINT('Origin',(27.5000000000005,27.5,-45.));
#2282=CARTESIAN_POINT('',(44.9999999999991,37.1824583655157,-45.0000000000009));
#2283=CARTESIAN_POINT('Origin',(27.5000000000005,27.5,-45.));
#2284=CARTESIAN_POINT('',(44.9999999999991,17.8175416344843,-45.0000000000009));
#2285=CARTESIAN_POINT('',(44.9999999999991,27.5,-45.0000000000009));
#2286=CARTESIAN_POINT('Origin',(27.5000000000005,27.5,-45.));
#2287=CARTESIAN_POINT('Origin',(27.5000000000005,27.5,-45.));
#2288=CARTESIAN_POINT('',(12.5000000000005,27.5,-44.9999999999992));
#2289=CARTESIAN_POINT('Origin',(27.5000000000005,27.5,-45.));
#2290=CARTESIAN_POINT('Origin',(27.4999999999995,27.5,-10.));
#2291=CARTESIAN_POINT('Origin',(27.4999999999995,27.5,-10.));
#2292=CARTESIAN_POINT('',(45.000000000001,17.8175416344788,-10.0000000000009));
#2293=CARTESIAN_POINT('Origin',(27.4999999999995,27.5,-10.));
#2294=CARTESIAN_POINT('',(45.000000000001,37.1824583655213,-10.0000000000009));
#2295=CARTESIAN_POINT('',(45.000000000001,27.5,-10.0000000000009));
#2296=CARTESIAN_POINT('Origin',(27.4999999999995,27.5,-10.));
#2297=CARTESIAN_POINT('Origin',(27.4999999999995,27.5,-10.));
#2298=CARTESIAN_POINT('',(42.4999999999995,27.5,-10.0000000000007));
#2299=CARTESIAN_POINT('Origin',(27.4999999999995,27.5,-10.));
#2300=CARTESIAN_POINT('Origin',(27.5,40.,-27.4999999999992));
#2301=CARTESIAN_POINT('',(19.2084380241109,40.0000000000006,-14.9999999999996));
#2302=CARTESIAN_POINT('Origin',(27.5,40.,-27.4999999999992));
#2303=CARTESIAN_POINT('',(35.7915619758903,40.0000000000006,-15.0000000000004));
#2304=CARTESIAN_POINT('',(27.5,40.0000000000006,-15.));
#2305=CARTESIAN_POINT('',(40.0000000000005,40.0000000000004,-19.2084380241111));
#2306=CARTESIAN_POINT('Origin',(27.5,40.,-27.4999999999992));
#2307=CARTESIAN_POINT('',(39.9999999999996,39.9999999999996,-35.7915619758883));
#2308=CARTESIAN_POINT('',(40.,40.,-27.4999999999998));
#2309=CARTESIAN_POINT('',(35.7915619758867,39.9999999999994,-40.0000000000004));
#2310=CARTESIAN_POINT('Origin',(27.5,40.,-27.4999999999992));
#2311=CARTESIAN_POINT('',(19.208438024112,39.9999999999994,-39.9999999999995));
#2312=CARTESIAN_POINT('',(27.5000000000001,39.9999999999994,-40.));
#2313=CARTESIAN_POINT('Origin',(27.5,40.,-27.4999999999992));
#2314=CARTESIAN_POINT('',(17.5,40.,-27.4999999999987));
#2315=CARTESIAN_POINT('Origin',(27.5,40.,-27.4999999999992));
#2316=CARTESIAN_POINT('Origin',(27.5,15.,-27.5000000000004));
#2317=CARTESIAN_POINT('',(19.2084380241128,14.9999999999997,-40.0000000000012));
#2318=CARTESIAN_POINT('Origin',(27.5,15.,-27.5000000000004));
#2319=CARTESIAN_POINT('',(35.7915619758888,14.9999999999997,-40.0000000000001));
#2320=CARTESIAN_POINT('',(27.5000000000001,14.9999999999997,-40.));
#2321=CARTESIAN_POINT('',(39.9999999999996,14.9999999999998,-35.7915619758873));
#2322=CARTESIAN_POINT('Origin',(27.5,15.,-27.5000000000004));
#2323=CARTESIAN_POINT('',(40.0000000000005,15.0000000000002,-19.2084380241103));
#2324=CARTESIAN_POINT('',(40.,15.,-27.4999999999999));
#2325=CARTESIAN_POINT('',(35.7915619758882,15.0000000000003,-15.0000000000002));
#2326=CARTESIAN_POINT('Origin',(27.5,15.,-27.5000000000004));
#2327=CARTESIAN_POINT('',(19.2084380241104,15.0000000000003,-15.0000000000011));
#2328=CARTESIAN_POINT('',(27.5,15.0000000000003,-15.));
#2329=CARTESIAN_POINT('Origin',(27.5,15.,-27.5000000000004));
#2330=CARTESIAN_POINT('',(17.5,15.,-27.4999999999998));
#2331=CARTESIAN_POINT('Origin',(27.5,15.,-27.5000000000004));
#2332=CARTESIAN_POINT('Origin',(27.5000000000008,27.5,-40.));
#2333=CARTESIAN_POINT('Origin',(27.5000000000008,27.5,-40.));
#2334=CARTESIAN_POINT('',(39.9999999999993,35.7915619758862,-40.0000000000006));
#2335=CARTESIAN_POINT('Origin',(27.5000000000008,27.5,-40.));
#2336=CARTESIAN_POINT('',(39.9999999999994,19.2084380241139,-40.0000000000006));
#2337=CARTESIAN_POINT('',(39.9999999999994,27.5,-40.0000000000006));
#2338=CARTESIAN_POINT('Origin',(27.5000000000008,27.5,-40.));
#2339=CARTESIAN_POINT('Origin',(27.5000000000008,27.5,-40.));
#2340=CARTESIAN_POINT('',(17.5000000000008,27.5,-39.9999999999995));
#2341=CARTESIAN_POINT('Origin',(27.5000000000008,27.5,-40.));
#2342=CARTESIAN_POINT('Origin',(27.4999999999993,27.5,-15.));
#2343=CARTESIAN_POINT('Origin',(27.4999999999993,27.5,-15.));
#2344=CARTESIAN_POINT('',(40.0000000000007,19.2084380241092,-15.0000000000006));
#2345=CARTESIAN_POINT('Origin',(27.4999999999993,27.5,-15.));
#2346=CARTESIAN_POINT('',(40.0000000000007,35.7915619758908,-15.0000000000006));
#2347=CARTESIAN_POINT('',(40.0000000000007,27.5,-15.0000000000006));
#2348=CARTESIAN_POINT('Origin',(27.4999999999993,27.5,-15.));
#2349=CARTESIAN_POINT('Origin',(27.4999999999993,27.5,-15.));
#2350=CARTESIAN_POINT('',(37.4999999999993,27.5,-15.0000000000005));
#2351=CARTESIAN_POINT('Origin',(27.4999999999993,27.5,-15.));
#2352=CARTESIAN_POINT('Origin',(27.5,35.,-27.499999999999));
#2353=CARTESIAN_POINT('',(20.8856217223377,35.0000000000003,-19.9999999999997));
#2354=CARTESIAN_POINT('Origin',(27.5,35.,-27.499999999999));
#2355=CARTESIAN_POINT('',(34.114378277663,35.0000000000003,-20.0000000000003));
#2356=CARTESIAN_POINT('',(27.4999999999997,35.0000000000003,-20.));
#2357=CARTESIAN_POINT('',(35.0000000000004,35.0000000000003,-20.8856217223377));
#2358=CARTESIAN_POINT('Origin',(27.5,35.,-27.499999999999));
#2359=CARTESIAN_POINT('',(34.9999999999997,34.9999999999996,-34.1143782776607));
#2360=CARTESIAN_POINT('',(35.,35.,-27.4999999999993));
#2361=CARTESIAN_POINT('',(34.1143782776599,34.9999999999996,-35.0000000000003));
#2362=CARTESIAN_POINT('Origin',(27.5,35.,-27.499999999999));
#2363=CARTESIAN_POINT('',(20.8856217223393,34.9999999999996,-34.9999999999996));
#2364=CARTESIAN_POINT('',(27.5000000000003,34.9999999999996,-35.));
#2365=CARTESIAN_POINT('Origin',(27.5,35.,-27.499999999999));
#2366=CARTESIAN_POINT('',(22.5,35.,-27.4999999999987));
#2367=CARTESIAN_POINT('Origin',(27.5,35.,-27.499999999999));
#2368=CARTESIAN_POINT('Origin',(27.5,20.,-27.5000000000005));
#2369=CARTESIAN_POINT('',(20.8856217223398,19.9999999999998,-35.0000000000016));
#2370=CARTESIAN_POINT('Origin',(27.5,20.,-27.5000000000005));
#2371=CARTESIAN_POINT('',(34.1143782776623,19.9999999999998,-34.9999999999997));
#2372=CARTESIAN_POINT('',(27.5000000000003,19.9999999999998,-35.));
#2373=CARTESIAN_POINT('',(34.9999999999997,19.9999999999999,-34.1143782776601));
#2374=CARTESIAN_POINT('Origin',(27.5,20.,-27.5000000000005));
#2375=CARTESIAN_POINT('',(35.0000000000004,20.0000000000001,-20.8856217223372));
#2376=CARTESIAN_POINT('',(35.,20.,-27.4999999999998));
#2377=CARTESIAN_POINT('',(34.1143782776607,20.0000000000002,-19.9999999999998));
#2378=CARTESIAN_POINT('Origin',(27.5,20.,-27.5000000000005));
#2379=CARTESIAN_POINT('',(20.8856217223374,20.0000000000002,-20.0000000000015));
#2380=CARTESIAN_POINT('',(27.4999999999997,20.0000000000002,-20.));
#2381=CARTESIAN_POINT('Origin',(27.5,20.,-27.5000000000005));
#2382=CARTESIAN_POINT('',(22.5,20.,-27.5000000000002));
#2383=CARTESIAN_POINT('Origin',(27.5,20.,-27.5000000000005));
#2384=CARTESIAN_POINT('Origin',(27.5000000000011,27.5,-35.));
#2385=CARTESIAN_POINT('Origin',(27.5000000000011,27.5,-35.));
#2386=CARTESIAN_POINT('',(34.9999999999996,34.1143782776597,-35.0000000000004));
#2387=CARTESIAN_POINT('Origin',(27.5000000000011,27.5,-35.));
#2388=CARTESIAN_POINT('',(34.9999999999996,20.8856217223403,-35.0000000000004));
#2389=CARTESIAN_POINT('',(34.9999999999996,27.5,-35.0000000000004));
#2390=CARTESIAN_POINT('Origin',(27.5000000000011,27.5,-35.));
#2391=CARTESIAN_POINT('Origin',(27.5000000000011,27.5,-35.));
#2392=CARTESIAN_POINT('',(32.4999999999983,27.5,-35.0000000000002));
#2393=CARTESIAN_POINT('Origin',(27.5000000000011,27.5,-35.));
#2394=CARTESIAN_POINT('Origin',(27.4999999999991,27.5,-20.));
#2395=CARTESIAN_POINT('Origin',(27.4999999999991,27.5,-20.));
#2396=CARTESIAN_POINT('',(35.0000000000004,20.8856217223368,-20.0000000000004));
#2397=CARTESIAN_POINT('Origin',(27.4999999999991,27.5,-20.));
#2398=CARTESIAN_POINT('',(35.0000000000004,34.1143782776632,-20.0000000000004));
#2399=CARTESIAN_POINT('',(35.0000000000004,27.5,-20.0000000000004));
#2400=CARTESIAN_POINT('Origin',(27.4999999999991,27.5,-20.));
#2401=CARTESIAN_POINT('Origin',(27.4999999999991,27.5,-20.));
#2402=CARTESIAN_POINT('',(32.4999999999991,27.5,-20.0000000000002));
#2403=CARTESIAN_POINT('Origin',(27.4999999999991,27.5,-20.));
#2404=CARTESIAN_POINT('Origin',(27.5,27.5,-2.35922392732997E-15));
#2405=CARTESIAN_POINT('',(32.4999999999989,27.5,-22.4999999999987));
#2406=CARTESIAN_POINT('',(32.5,27.5,-2.45775622076395E-13));
#2407=CARTESIAN_POINT('',(31.0355339059318,23.9644660940662,-23.9644660940669));
#2408=CARTESIAN_POINT('Origin',(27.4999999999987,27.5,-27.4999999999984));
#2409=CARTESIAN_POINT('Origin',(27.5,27.5,-27.5000000000006));
#2410=CARTESIAN_POINT('',(31.0355339059318,31.0355339059339,-23.964466094067));
#2411=CARTESIAN_POINT('Origin',(27.5,27.5,-27.5000000000006));
#2412=CARTESIAN_POINT('Origin',(27.4999999999987,27.5,-27.4999999999984));
#2413=CARTESIAN_POINT('Origin',(27.5,2.04697370165011E-15,-27.5));
#2414=CARTESIAN_POINT('',(22.5,1.49186218933794E-15,-27.4999999999997));
#2415=CARTESIAN_POINT('',(31.0355339059337,31.0355339059316,-31.0355339059325));
#2416=CARTESIAN_POINT('Origin',(27.5,27.5,-27.5000000000006));
#2417=CARTESIAN_POINT('',(32.5,32.5,-27.4999999999989));
#2418=CARTESIAN_POINT('Origin',(27.5,27.5,-27.4999999999984));
#2419=CARTESIAN_POINT('Origin',(27.5,27.5,-27.4999999999984));
#2420=CARTESIAN_POINT('Origin',(45.,27.5,-27.4999999999994));
#2421=CARTESIAN_POINT('Origin',(45.,27.5,-27.4999999999994));
#2422=CARTESIAN_POINT('Origin',(45.,27.5,-27.4999999999994));
#2423=CARTESIAN_POINT('Origin',(45.,27.5,-27.4999999999994));
#2424=CARTESIAN_POINT('Origin',(45.,27.5,-27.4999999999994));
#2425=CARTESIAN_POINT('',(45.,42.5,-27.5000000000001));
#2426=CARTESIAN_POINT('Origin',(45.,27.5,-27.4999999999994));
#2427=CARTESIAN_POINT('Origin',(40.,27.5,-27.4999999999991));
#2428=CARTESIAN_POINT('Origin',(40.,27.5,-27.4999999999991));
#2429=CARTESIAN_POINT('Origin',(40.,27.5,-27.4999999999991));
#2430=CARTESIAN_POINT('Origin',(40.,27.5,-27.4999999999991));
#2431=CARTESIAN_POINT('Origin',(40.,27.5,-27.4999999999991));
#2432=CARTESIAN_POINT('',(40.,37.5,-27.4999999999996));
#2433=CARTESIAN_POINT('Origin',(40.,27.5,-27.4999999999991));
#2434=CARTESIAN_POINT('Origin',(35.,27.5,-27.4999999999988));
#2435=CARTESIAN_POINT('Origin',(35.,27.5,-27.4999999999988));
#2436=CARTESIAN_POINT('Origin',(35.,27.5,-27.4999999999988));
#2437=CARTESIAN_POINT('Origin',(35.,27.5,-27.4999999999988));
#2438=CARTESIAN_POINT('Origin',(35.,27.5,-27.4999999999988));
#2439=CARTESIAN_POINT('',(35.,32.5,-27.4999999999991));
#2440=CARTESIAN_POINT('Origin',(35.,27.5,-27.4999999999988));
#2441=CARTESIAN_POINT('Origin',(55.,27.5,-27.4999999999999));
#2442=CARTESIAN_POINT('',(55.,47.5,-27.5000000000009));
#2443=CARTESIAN_POINT('Origin',(54.9999999999985,27.5,-27.4999999999999));
#2444=CARTESIAN_POINT('',(47.5,47.5,-27.5000000000005));
#2445=CARTESIAN_POINT('',(55.,47.5,-27.5000000000009));
#2446=CARTESIAN_POINT('Origin',(27.5,27.5,-27.4999999999984));
#2447=CARTESIAN_POINT('Origin',(27.5000000000015,27.5,-27.4999999999984));
#2448=CARTESIAN_POINT('Origin',(27.5,27.5,-27.4999999999984));
#2449=CARTESIAN_POINT('',(47.4999999999997,27.5,-7.4999999999995));
#2450=CARTESIAN_POINT('Origin',(27.4999999999987,27.5,-27.4999999999984));
#2451=CARTESIAN_POINT('Origin',(27.4999999999987,27.5,-27.4999999999984));
#2452=CARTESIAN_POINT('Origin',(27.5,27.5,-27.4999999999984));
#2453=CARTESIAN_POINT('Origin',(55.,27.5,-27.4999999999999));
#2454=CARTESIAN_POINT('',(42.5,42.5,-27.5));
#2455=CARTESIAN_POINT('',(55.,42.5,-27.5000000000006));
#2456=CARTESIAN_POINT('Origin',(27.5,27.5,-27.4999999999984));
#2457=CARTESIAN_POINT('Origin',(27.5000000000015,27.5,-27.4999999999984));
#2458=CARTESIAN_POINT('Origin',(27.5,27.5,-27.4999999999984));
#2459=CARTESIAN_POINT('',(42.4999999999994,27.5,-12.4999999999992));
#2460=CARTESIAN_POINT('Origin',(27.4999999999987,27.5,-27.4999999999984));
#2461=CARTESIAN_POINT('Origin',(27.4999999999987,27.5,-27.4999999999984));
#2462=CARTESIAN_POINT('Origin',(27.5,27.5,-27.4999999999984));
#2463=CARTESIAN_POINT('Origin',(55.,27.5,-27.4999999999999));
#2464=CARTESIAN_POINT('',(37.5,37.5,-27.4999999999995));
#2465=CARTESIAN_POINT('',(55.,37.5,-27.5000000000004));
#2466=CARTESIAN_POINT('Origin',(27.5,27.5,-27.4999999999984));
#2467=CARTESIAN_POINT('Origin',(27.5000000000015,27.5,-27.4999999999984));
#2468=CARTESIAN_POINT('Origin',(27.5,27.5,-27.4999999999984));
#2469=CARTESIAN_POINT('',(37.4999999999992,27.5,-17.499999999999));
#2470=CARTESIAN_POINT('Origin',(27.4999999999987,27.5,-27.4999999999984));
#2471=CARTESIAN_POINT('Origin',(27.4999999999987,27.5,-27.4999999999984));
#2472=CARTESIAN_POINT('Origin',(27.5,27.5,-27.4999999999984));
#2473=CARTESIAN_POINT('Origin',(55.,27.5,-27.4999999999999));
#2474=CARTESIAN_POINT('',(55.,32.5,-27.5000000000001));
#2475=CARTESIAN_POINT('',(32.4999999999985,27.5,-32.4999999999987));
#2476=CARTESIAN_POINT('Origin',(27.4999999999987,27.5,-27.4999999999984));
#2477=CARTESIAN_POINT('',(31.0355339059336,23.9644660940683,-31.0355339059324));
#2478=CARTESIAN_POINT('Origin',(27.4999999999987,27.5,-27.4999999999984));
#2479=CARTESIAN_POINT('Origin',(27.5,27.5,-27.4999999999984));
#2480=CARTESIAN_POINT('Origin',(27.5,27.5,-2.35922392732997E-15));
#2481=CARTESIAN_POINT('Origin',(27.5,27.5,-27.5000000000006));
#2482=CARTESIAN_POINT('',(32.5,27.5,-2.45775622076395E-13));
#2483=CARTESIAN_POINT('Origin',(27.5,55.,-27.5));
#2484=CARTESIAN_POINT('',(7.49999999999999,55.,-27.4999999999989));
#2485=CARTESIAN_POINT('Origin',(27.5,54.9999999999987,-27.5));
#2486=CARTESIAN_POINT('',(7.49999999999999,55.,-27.4999999999989));
#2487=CARTESIAN_POINT('Origin',(27.5,27.5,-27.4999999999986));
#2488=CARTESIAN_POINT('Origin',(27.5,27.5,-27.4999999999986));
#2489=CARTESIAN_POINT('Origin',(27.5,55.,-27.5));
#2490=CARTESIAN_POINT('',(12.5,55.,-27.4999999999992));
#2491=CARTESIAN_POINT('Origin',(27.5,27.5,-27.4999999999986));
#2492=CARTESIAN_POINT('Origin',(27.5,27.5,-27.4999999999986));
#2493=CARTESIAN_POINT('Origin',(27.5,55.,-27.5));
#2494=CARTESIAN_POINT('',(17.5,55.,-27.4999999999994));
#2495=CARTESIAN_POINT('Origin',(27.5,27.5,-27.4999999999986));
#2496=CARTESIAN_POINT('Origin',(27.5,27.5,-27.4999999999986));
#2497=CARTESIAN_POINT('Origin',(27.5,2.04697370165011E-15,-27.5));
#2498=CARTESIAN_POINT('',(7.49999999999999,-1.73472347598564E-16,-27.4999999999989));
#2499=CARTESIAN_POINT('Origin',(27.5,-6.34665930920906E-13,-27.5));
#2500=CARTESIAN_POINT('',(7.49999999999999,-1.73472347598559E-16,-27.4999999999989));
#2501=CARTESIAN_POINT('Origin',(27.5,27.5,-27.5000000000006));
#2502=CARTESIAN_POINT('Origin',(27.5,27.5,-27.5000000000006));
#2503=CARTESIAN_POINT('Origin',(27.5,2.04697370165011E-15,-27.5));
#2504=CARTESIAN_POINT('',(12.5,3.81639164713608E-16,-27.4999999999992));
#2505=CARTESIAN_POINT('Origin',(27.5,27.5,-27.5000000000006));
#2506=CARTESIAN_POINT('Origin',(27.5,27.5,-27.5000000000006));
#2507=CARTESIAN_POINT('Origin',(27.5,2.04697370165011E-15,-27.5));
#2508=CARTESIAN_POINT('',(17.5,9.36750677025775E-16,-27.4999999999995));
#2509=CARTESIAN_POINT('Origin',(27.5,27.5,-27.5000000000006));
#2510=CARTESIAN_POINT('Origin',(27.5,27.5,-27.5000000000006));
#2511=CARTESIAN_POINT('Origin',(27.5,2.04697370165011E-15,-27.5));
#2512=CARTESIAN_POINT('',(22.5,1.49186218933794E-15,-27.4999999999997));
#2513=CARTESIAN_POINT('Origin',(27.5,27.5,-55.));
#2514=CARTESIAN_POINT('',(7.49999999999999,27.5,-54.9999999999989));
#2515=CARTESIAN_POINT('Origin',(27.5,27.5,-55.));
#2516=CARTESIAN_POINT('',(7.49999999999999,27.5,-54.9999999999989));
#2517=CARTESIAN_POINT('Origin',(27.5,27.5,-55.));
#2518=CARTESIAN_POINT('',(12.5,27.5,-54.9999999999992));
#2519=CARTESIAN_POINT('Origin',(27.5,27.5,-55.));
#2520=CARTESIAN_POINT('',(17.5,27.5,-54.9999999999995));
#2521=CARTESIAN_POINT('Origin',(27.5,27.5,-2.35922392732997E-15));
#2522=CARTESIAN_POINT('',(47.5,27.5,-9.76024816523592E-13));
#2523=CARTESIAN_POINT('Origin',(27.5,27.5,-1.51313382382705E-27));
#2524=CARTESIAN_POINT('',(47.5,27.5,-9.76024816523592E-13));
#2525=CARTESIAN_POINT('Origin',(27.5,27.5,-2.35922392732997E-15));
#2526=CARTESIAN_POINT('',(42.5,27.5,-7.32608418374526E-13));
#2527=CARTESIAN_POINT('Origin',(27.5,27.5,-2.35922392732997E-15));
#2528=CARTESIAN_POINT('',(37.5,27.5,-4.8919202022546E-13));
#2529=CARTESIAN_POINT('Origin',(55.,0.,0.));
#2530=CARTESIAN_POINT('',(0.,0.,0.));
#2531=CARTESIAN_POINT('',(55.,0.,0.));
#2532=CARTESIAN_POINT('',(0.,0.,0.));
#2533=CARTESIAN_POINT('',(0.,0.,-55.));
#2534=CARTESIAN_POINT('',(0.,0.,0.));
#2535=CARTESIAN_POINT('',(55.,0.,-55.));
#2536=CARTESIAN_POINT('',(0.,0.,-55.));
#2537=CARTESIAN_POINT('',(55.,0.,0.));
#2538=CARTESIAN_POINT('Origin',(55.,55.,0.));
#2539=CARTESIAN_POINT('',(55.,55.,0.));
#2540=CARTESIAN_POINT('',(55.,0.,0.));
#2541=CARTESIAN_POINT('',(55.,55.,-55.));
#2542=CARTESIAN_POINT('',(55.,0.,-55.));
#2543=CARTESIAN_POINT('',(55.,55.,0.));
#2544=CARTESIAN_POINT('Origin',(0.,55.,0.));
#2545=CARTESIAN_POINT('',(0.,55.,0.));
#2546=CARTESIAN_POINT('',(55.,55.,0.));
#2547=CARTESIAN_POINT('',(0.,55.,-55.));
#2548=CARTESIAN_POINT('',(55.,55.,-55.));
#2549=CARTESIAN_POINT('',(0.,55.,0.));
#2550=CARTESIAN_POINT('Origin',(0.,0.,0.));
#2551=CARTESIAN_POINT('',(0.,55.,0.));
#2552=CARTESIAN_POINT('',(0.,55.,-55.));
#2553=CARTESIAN_POINT('Origin',(27.5,27.5,0.));
#2554=CARTESIAN_POINT('Origin',(27.5,27.5,-55.));
#2555=CARTESIAN_POINT('',(0.,0.,0.));
#2556=UNCERTAINTY_MEASURE_WITH_UNIT(LENGTH_MEASURE(0.01),#2562,
'DISTANCE_ACCURACY_VALUE',
'Maximum model space distance between geometric entities at asserted c
onnectivities');
#2557=UNCERTAINTY_MEASURE_WITH_UNIT(LENGTH_MEASURE(0.01),#2562,
'DISTANCE_ACCURACY_VALUE',
'Maximum model space distance between geometric entities at asserted c
onnectivities');
#2558=UNCERTAINTY_MEASURE_WITH_UNIT(LENGTH_MEASURE(0.01),#2562,
'DISTANCE_ACCURACY_VALUE',
'Maximum model space distance between geometric entities at asserted c
onnectivities');
#2559=(
GEOMETRIC_REPRESENTATION_CONTEXT(3)
GLOBAL_UNCERTAINTY_ASSIGNED_CONTEXT((#2556))
GLOBAL_UNIT_ASSIGNED_CONTEXT((#2562,#2564,#2565))
REPRESENTATION_CONTEXT('','3D')
);
#2560=(
GEOMETRIC_REPRESENTATION_CONTEXT(3)
GLOBAL_UNCERTAINTY_ASSIGNED_CONTEXT((#2557))
GLOBAL_UNIT_ASSIGNED_CONTEXT((#2562,#2564,#2565))
REPRESENTATION_CONTEXT('','3D')
);
#2561=(
GEOMETRIC_REPRESENTATION_CONTEXT(3)
GLOBAL_UNCERTAINTY_ASSIGNED_CONTEXT((#2558))
GLOBAL_UNIT_ASSIGNED_CONTEXT((#2562,#2564,#2565))
REPRESENTATION_CONTEXT('','3D')
);
#2562=(
LENGTH_UNIT()
NAMED_UNIT(*)
SI_UNIT(.MILLI.,.METRE.)
);
#2563=(
LENGTH_UNIT()
NAMED_UNIT(*)
SI_UNIT($,.METRE.)
);
#2564=(
NAMED_UNIT(*)
PLANE_ANGLE_UNIT()
SI_UNIT($,.RADIAN.)
);
#2565=(
NAMED_UNIT(*)
SI_UNIT($,.STERADIAN.)
SOLID_ANGLE_UNIT()
);
#2566=SHAPE_DEFINITION_REPRESENTATION(#2568,#2571);
#2567=SHAPE_DEFINITION_REPRESENTATION(#2569,#2572);
#2568=PRODUCT_DEFINITION_SHAPE('',$,#2574);
#2569=PRODUCT_DEFINITION_SHAPE('',$,#2575);
#2570=PRODUCT_DEFINITION_SHAPE($,$,#14);
#2571=SHAPE_REPRESENTATION('',(#1420,#1634),#2559);
#2572=SHAPE_REPRESENTATION('',(#1421),#2560);
#2573=PRODUCT_DEFINITION_CONTEXT('part definition',#2581,'design');
#2574=PRODUCT_DEFINITION('Teelichthalter','Teelichthalter v11',#2576,#2573);
#2575=PRODUCT_DEFINITION('Wuerfel','Wuerfel',#2577,#2573);
#2576=PRODUCT_DEFINITION_FORMATION('',$,#2583);
#2577=PRODUCT_DEFINITION_FORMATION('',$,#2584);
#2578=PRODUCT_RELATED_PRODUCT_CATEGORY('Teelichthalter v11',
'Teelichthalter v11',(#2583));
#2579=PRODUCT_RELATED_PRODUCT_CATEGORY('Wuerfel','Wuerfel',(#2584));
#2580=APPLICATION_PROTOCOL_DEFINITION('international standard',
'automotive_design',2009,#2581);
#2581=APPLICATION_CONTEXT(
'Core Data for Automotive Mechanical Design Process');
#2582=PRODUCT_CONTEXT('part definition',#2581,'mechanical');
#2583=PRODUCT('Teelichthalter','Teelichthalter v11',$,(#2582));
#2584=PRODUCT('Wuerfel','Wuerfel',$,(#2582));
#2585=PRESENTATION_STYLE_ASSIGNMENT((#2586));
#2586=SURFACE_STYLE_USAGE(.BOTH.,#2587);
#2587=SURFACE_SIDE_STYLE('',(#2588));
#2588=SURFACE_STYLE_FILL_AREA(#2589);
#2589=FILL_AREA_STYLE('Stahl - satiniert',(#2590));
#2590=FILL_AREA_STYLE_COLOUR('Stahl - satiniert',#2591);
#2591=COLOUR_RGB('Stahl - satiniert',0.627450980392157,0.627450980392157,
0.627450980392157);
ENDSEC;
END-ISO-10303-21;
